Student_ID,Age,Gender,Class,Study_Hours_Per_Day,Attendance_Percentage,Parental_Education,Internet_Access,Extracurricular_Activities,Math_Score,Science_Score,English_Score,Previous_Year_Score,Final_Percentage,Performance_Level,Pass_Fail,Final_Score,Study_Hours_Group,Attendance_Group
S0001,15,Male,12,1.0,65,Postgraduate,No,No,40,39,72,81,50.33,Average,Pass,50.33,0-2 Hours,60-75%
S0002,19,Female,9,1.6,58,Graduate,No,Yes,80,44,35,47,53.0,Average,Pass,53.0,0-2 Hours,Below 60%
S0003,14,Female,12,3.6,64,High School,Yes,Yes,83,73,59,58,71.67,Good,Pass,71.67,2-4 Hours,60-75%
S0004,18,Female,9,5.5,68,Postgraduate,Yes,No,68,48,77,54,64.33,Average,Pass,64.33,4-6 Hours,60-75%
S0005,14,Male,10,5.0,80,High School,Yes,No,41,46,36,68,41.0,Poor,Fail,41.0,4-6 Hours,75-90%
S0006,19,Male,12,5.2,82,High School,No,Yes,88,70,46,60,68.0,Good,Pass,68.0,4-6 Hours,75-90%
S0007,16,Male,12,0.8,78,High School,No,No,75,69,64,84,69.33,Good,Pass,69.33,0-2 Hours,75-90%
S0008,18,Female,11,2.0,81,Graduate,No,Yes,93,37,48,55,59.33,Average,Pass,59.33,0-2 Hours,75-90%
S0009,18,Female,11,3.5,61,Graduate,No,No,55,39,83,71,59.0,Average,Pass,59.0,2-4 Hours,60-75%
S0010,18,Male,10,5.7,97,High School,Yes,No,72,73,73,61,72.67,Good,Pass,72.67,4-6 Hours,90-100%
S0011,14,Female,9,3.6,88,Graduate,Yes,No,95,85,69,41,83.0,Excellent,Pass,83.0,2-4 Hours,75-90%
S0012,18,Female,9,5.7,74,Postgraduate,Yes,No,54,38,59,81,50.33,Average,Pass,50.33,4-6 Hours,60-75%
S0013,19,Male,10,1.5,64,Postgraduate,Yes,Yes,35,95,37,85,55.67,Average,Pass,55.67,0-2 Hours,60-75%
S0014,17,Female,10,5.5,76,Postgraduate,No,Yes,79,82,100,71,87.0,Excellent,Pass,87.0,4-6 Hours,75-90%
S0015,15,Female,10,4.2,60,Postgraduate,No,Yes,55,57,80,72,64.0,Average,Pass,64.0,4-6 Hours,Below 60%
S0016,17,Male,12,5.0,67,Postgraduate,No,No,68,40,81,72,63.0,Average,Pass,63.0,4-6 Hours,60-75%
S0017,16,Male,10,4.0,66,Graduate,No,Yes,49,59,96,63,68.0,Good,Pass,68.0,2-4 Hours,60-75%
S0018,14,Female,9,5.0,89,High School,No,Yes,71,40,59,82,56.67,Average,Pass,56.67,4-6 Hours,75-90%
S0019,14,Female,12,1.9,100,Postgraduate,No,No,45,85,74,61,68.0,Good,Pass,68.0,0-2 Hours,90-100%
S0020,19,Male,11,3.6,66,High School,Yes,Yes,75,78,59,78,70.67,Good,Pass,70.67,2-4 Hours,60-75%
S0021,15,Female,10,4.7,65,High School,No,Yes,46,80,70,46,65.33,Average,Pass,65.33,4-6 Hours,60-75%
S0022,15,Male,12,2.8,83,Postgraduate,No,Yes,100,96,99,86,98.33,Excellent,Pass,98.33,2-4 Hours,75-90%
S0023,19,Female,12,5.3,72,Postgraduate,No,No,72,40,63,76,58.33,Average,Pass,58.33,4-6 Hours,60-75%
S0024,14,Female,10,4.6,54,High School,Yes,No,58,37,79,94,58.0,Average,Pass,58.0,4-6 Hours,Below 60%
S0025,17,Male,10,0.9,98,Postgraduate,Yes,No,61,53,38,48,50.67,Average,Pass,50.67,0-2 Hours,90-100%
S0026,19,Female,9,5.1,78,Graduate,No,No,68,80,69,43,72.33,Good,Pass,72.33,4-6 Hours,75-90%
S0027,19,Female,12,2.0,75,High School,No,No,56,79,52,94,62.33,Average,Pass,62.33,0-2 Hours,60-75%
S0028,14,Male,12,0.9,91,Graduate,No,Yes,57,51,35,52,47.67,Poor,Fail,47.67,0-2 Hours,90-100%
S0029,19,Female,12,4.3,87,Graduate,No,No,61,91,49,49,67.0,Good,Pass,67.0,4-6 Hours,75-90%
S0030,16,Female,11,3.5,69,Graduate,Yes,Yes,81,68,42,57,63.67,Average,Pass,63.67,2-4 Hours,60-75%
S0031,18,Female,9,1.8,85,Graduate,Yes,Yes,64,58,93,93,71.67,Good,Pass,71.67,0-2 Hours,75-90%
S0032,17,Male,12,1.1,78,High School,No,No,47,81,87,52,71.67,Good,Pass,71.67,0-2 Hours,75-90%
S0033,17,Male,10,1.4,58,High School,No,Yes,54,49,75,66,59.33,Average,Pass,59.33,0-2 Hours,Below 60%
S0034,17,Female,11,3.0,94,Graduate,No,No,56,51,45,61,50.67,Average,Pass,50.67,2-4 Hours,90-100%
S0035,15,Female,12,2.3,79,Graduate,No,Yes,97,95,53,93,81.67,Excellent,Pass,81.67,2-4 Hours,75-90%
S0036,18,Female,10,3.4,87,High School,No,No,95,86,35,68,72.0,Good,Pass,72.0,2-4 Hours,75-90%
S0037,18,Female,10,3.9,54,Graduate,No,Yes,82,100,71,50,84.33,Excellent,Pass,84.33,2-4 Hours,Below 60%
S0038,18,Male,11,1.2,63,High School,Yes,Yes,65,56,73,89,64.67,Average,Pass,64.67,0-2 Hours,60-75%
S0039,16,Male,11,1.7,97,Postgraduate,Yes,Yes,75,64,94,94,77.67,Good,Pass,77.67,0-2 Hours,90-100%
S0040,17,Male,12,2.0,100,Graduate,Yes,Yes,68,38,88,59,64.67,Average,Pass,64.67,0-2 Hours,90-100%
S0041,16,Male,10,5.2,95,Graduate,Yes,No,56,84,57,57,65.67,Average,Pass,65.67,4-6 Hours,90-100%
S0042,19,Female,11,4.1,64,High School,No,Yes,62,82,95,78,79.67,Good,Pass,79.67,4-6 Hours,60-75%
S0043,18,Male,12,4.5,56,High School,Yes,Yes,60,70,52,86,60.67,Average,Pass,60.67,4-6 Hours,Below 60%
S0044,16,Female,9,4.8,68,High School,Yes,Yes,37,76,98,44,70.33,Good,Pass,70.33,4-6 Hours,60-75%
S0045,14,Female,10,3.4,91,Graduate,No,No,36,100,76,62,70.67,Good,Pass,70.67,2-4 Hours,90-100%
S0046,14,Male,9,1.9,55,High School,No,No,87,37,55,46,59.67,Average,Pass,59.67,0-2 Hours,Below 60%
S0047,14,Male,10,2.6,96,Graduate,Yes,No,68,63,78,43,69.67,Good,Pass,69.67,2-4 Hours,90-100%
S0048,19,Male,12,0.8,80,Graduate,Yes,Yes,46,49,92,83,62.33,Average,Pass,62.33,0-2 Hours,75-90%
S0049,17,Male,12,1.0,63,High School,No,No,41,86,46,58,57.67,Average,Pass,57.67,0-2 Hours,60-75%
S0050,14,Female,11,2.8,95,High School,No,No,44,83,83,93,70.0,Good,Pass,70.0,2-4 Hours,90-100%
S0051,18,Male,11,1.3,69,High School,No,No,99,77,84,88,86.67,Excellent,Pass,86.67,0-2 Hours,60-75%
S0052,18,Female,11,5.3,63,Graduate,Yes,Yes,82,63,72,55,72.33,Good,Pass,72.33,4-6 Hours,60-75%
S0053,15,Male,11,4.7,76,High School,Yes,No,82,87,42,89,70.33,Good,Pass,70.33,4-6 Hours,75-90%
S0054,17,Female,11,1.5,92,High School,Yes,No,57,75,86,81,72.67,Good,Pass,72.67,0-2 Hours,90-100%
S0055,17,Female,11,5.3,80,Graduate,No,No,74,37,46,40,52.33,Average,Pass,52.33,4-6 Hours,75-90%
S0056,15,Female,12,4.2,75,Graduate,Yes,No,86,71,79,58,78.67,Good,Pass,78.67,4-6 Hours,60-75%
S0057,16,Female,12,3.9,97,Graduate,Yes,No,81,72,85,40,79.33,Good,Pass,79.33,2-4 Hours,90-100%
S0058,19,Male,9,3.0,64,Postgraduate,No,Yes,66,57,69,86,64.0,Average,Pass,64.0,2-4 Hours,60-75%
S0059,14,Male,12,3.6,90,Graduate,No,Yes,67,82,100,86,83.0,Excellent,Pass,83.0,2-4 Hours,75-90%
S0060,17,Female,10,3.5,51,Postgraduate,Yes,Yes,68,74,81,68,74.33,Good,Pass,74.33,2-4 Hours,Below 60%
S0061,14,Male,9,4.0,82,Postgraduate,No,Yes,65,83,53,95,67.0,Good,Pass,67.0,2-4 Hours,75-90%
S0062,17,Female,10,1.8,99,Postgraduate,No,No,78,35,91,65,68.0,Good,Pass,68.0,0-2 Hours,90-100%
S0063,19,Female,11,1.9,66,High School,No,No,95,82,89,52,88.67,Excellent,Pass,88.67,0-2 Hours,60-75%
S0064,19,Female,12,1.9,56,Graduate,Yes,No,75,40,40,86,51.67,Average,Pass,51.67,0-2 Hours,Below 60%
S0065,19,Male,12,3.6,84,Graduate,Yes,No,85,71,53,95,69.67,Good,Pass,69.67,2-4 Hours,75-90%
S0066,14,Female,10,2.7,55,High School,Yes,No,67,60,84,65,70.33,Good,Pass,70.33,2-4 Hours,Below 60%
S0067,14,Female,10,4.4,71,Postgraduate,Yes,No,64,47,66,54,59.0,Average,Pass,59.0,4-6 Hours,60-75%
S0068,17,Male,10,5.4,96,Postgraduate,No,Yes,43,86,65,81,64.67,Average,Pass,64.67,4-6 Hours,90-100%
S0069,17,Male,10,3.4,77,High School,No,No,35,77,97,83,69.67,Good,Pass,69.67,2-4 Hours,75-90%
S0070,16,Female,9,5.8,91,Graduate,Yes,Yes,93,93,41,76,75.67,Good,Pass,75.67,4-6 Hours,90-100%
S0071,14,Female,10,1.5,50,Postgraduate,No,No,90,81,48,80,73.0,Good,Pass,73.0,0-2 Hours,Below 60%
S0072,14,Male,12,3.6,58,Postgraduate,No,Yes,71,96,67,49,78.0,Good,Pass,78.0,2-4 Hours,Below 60%
S0073,17,Female,11,1.8,76,High School,No,Yes,60,49,83,79,64.0,Average,Pass,64.0,0-2 Hours,75-90%
S0074,15,Female,11,2.9,57,Postgraduate,No,No,85,71,67,78,74.33,Good,Pass,74.33,2-4 Hours,Below 60%
S0075,18,Male,9,5.7,84,Graduate,Yes,Yes,56,85,75,65,72.0,Good,Pass,72.0,4-6 Hours,75-90%
S0076,17,Female,12,2.2,67,Postgraduate,No,Yes,78,49,88,46,71.67,Good,Pass,71.67,2-4 Hours,60-75%
S0077,14,Male,12,1.3,50,High School,No,No,47,62,65,94,58.0,Average,Pass,58.0,0-2 Hours,Below 60%
S0078,14,Female,10,2.1,57,High School,No,No,48,77,89,45,71.33,Good,Pass,71.33,2-4 Hours,Below 60%
S0079,16,Male,11,1.9,91,High School,No,No,52,99,44,44,65.0,Average,Pass,65.0,0-2 Hours,90-100%
S0080,18,Female,11,1.3,87,Graduate,No,Yes,38,97,75,86,70.0,Good,Pass,70.0,0-2 Hours,75-90%
S0081,16,Female,10,4.5,68,Postgraduate,Yes,No,81,76,62,90,73.0,Good,Pass,73.0,4-6 Hours,60-75%
S0082,14,Female,9,2.4,82,Graduate,Yes,Yes,73,59,93,81,75.0,Good,Pass,75.0,2-4 Hours,75-90%
S0083,14,Male,12,2.3,98,High School,No,Yes,45,38,38,41,40.33,Poor,Fail,40.33,2-4 Hours,90-100%
S0084,14,Male,11,3.4,60,Postgraduate,Yes,Yes,36,100,90,45,75.33,Good,Pass,75.33,2-4 Hours,Below 60%
S0085,15,Female,9,5.7,92,Postgraduate,No,No,56,39,46,48,47.0,Poor,Fail,47.0,4-6 Hours,90-100%
S0086,17,Female,10,5.6,68,Graduate,No,No,100,66,94,46,86.67,Excellent,Pass,86.67,4-6 Hours,60-75%
S0087,17,Female,12,3.1,60,Graduate,Yes,No,71,74,42,61,62.33,Average,Pass,62.33,2-4 Hours,Below 60%
S0088,19,Female,11,2.6,60,High School,Yes,Yes,40,41,84,92,55.0,Average,Pass,55.0,2-4 Hours,Below 60%
S0089,14,Female,10,3.5,93,High School,Yes,No,48,79,64,73,63.67,Average,Pass,63.67,2-4 Hours,90-100%
S0090,16,Female,11,0.8,55,High School,Yes,No,57,35,75,56,55.67,Average,Pass,55.67,0-2 Hours,Below 60%
S0091,18,Male,12,4.2,83,High School,Yes,No,63,41,53,43,52.33,Average,Pass,52.33,4-6 Hours,75-90%
S0092,19,Male,11,2.9,54,High School,Yes,No,42,61,48,59,50.33,Average,Pass,50.33,2-4 Hours,Below 60%
S0093,18,Female,11,4.3,50,High School,Yes,No,61,51,70,71,60.67,Average,Pass,60.67,4-6 Hours,Below 60%
S0094,18,Female,9,4.1,50,High School,Yes,Yes,99,70,39,83,69.33,Good,Pass,69.33,4-6 Hours,Below 60%
S0095,19,Female,10,3.9,76,Postgraduate,No,Yes,95,79,83,51,85.67,Excellent,Pass,85.67,2-4 Hours,75-90%
S0096,19,Female,12,2.3,73,Graduate,No,No,50,47,61,44,52.67,Average,Pass,52.67,2-4 Hours,60-75%
S0097,19,Female,11,0.5,75,Postgraduate,No,No,50,98,68,88,72.0,Good,Pass,72.0,0-2 Hours,60-75%
S0098,14,Female,12,2.3,66,High School,No,Yes,60,49,36,84,48.33,Poor,Fail,48.33,2-4 Hours,60-75%
S0099,15,Male,9,1.9,52,High School,No,Yes,85,78,55,94,72.67,Good,Pass,72.67,0-2 Hours,Below 60%
S0100,14,Male,12,5.8,84,Postgraduate,No,No,46,77,76,54,66.33,Good,Pass,66.33,4-6 Hours,75-90%
S0101,17,Female,11,3.9,70,High School,Yes,Yes,76,76,79,44,77.0,Good,Pass,77.0,2-4 Hours,60-75%
S0102,18,Female,9,5.3,92,Graduate,No,Yes,91,37,78,77,68.67,Good,Pass,68.67,4-6 Hours,90-100%
S0103,17,Female,9,5.1,90,Graduate,No,No,71,92,36,67,66.33,Good,Pass,66.33,4-6 Hours,75-90%
S0104,14,Male,12,1.9,89,Graduate,Yes,Yes,80,77,81,41,79.33,Good,Pass,79.33,0-2 Hours,75-90%
S0105,14,Male,9,5.3,61,High School,Yes,No,97,36,57,95,63.33,Average,Pass,63.33,4-6 Hours,60-75%
S0106,15,Female,12,3.5,72,Postgraduate,Yes,Yes,77,73,65,88,71.67,Good,Pass,71.67,2-4 Hours,60-75%
S0107,15,Female,11,2.2,67,Graduate,No,No,93,67,47,87,69.0,Good,Pass,69.0,2-4 Hours,60-75%
S0108,16,Female,12,0.7,57,High School,No,Yes,75,59,54,58,62.67,Average,Pass,62.67,0-2 Hours,Below 60%
S0109,18,Male,10,0.9,76,High School,No,Yes,49,44,93,78,62.0,Average,Pass,62.0,0-2 Hours,75-90%
S0110,16,Female,12,4.8,79,Postgraduate,No,Yes,86,88,96,75,90.0,Excellent,Pass,90.0,4-6 Hours,75-90%
S0111,17,Female,12,3.2,88,Postgraduate,Yes,No,70,40,47,87,52.33,Average,Pass,52.33,2-4 Hours,75-90%
S0112,15,Female,10,4.5,74,Graduate,No,No,72,100,87,55,86.33,Excellent,Pass,86.33,4-6 Hours,60-75%
S0113,15,Female,10,2.6,66,Graduate,Yes,No,65,56,49,62,56.67,Average,Pass,56.67,2-4 Hours,60-75%
S0114,16,Male,10,3.7,51,Postgraduate,No,No,47,77,52,82,58.67,Average,Pass,58.67,2-4 Hours,Below 60%
S0115,18,Female,10,5.9,55,Postgraduate,Yes,Yes,91,43,91,95,75.0,Good,Pass,75.0,4-6 Hours,Below 60%
S0116,19,Female,12,0.8,68,Graduate,No,Yes,55,96,75,51,75.33,Good,Pass,75.33,0-2 Hours,60-75%
S0117,14,Male,9,3.4,77,Graduate,No,Yes,87,61,47,66,65.0,Average,Pass,65.0,2-4 Hours,75-90%
S0118,19,Female,11,4.3,77,High School,No,Yes,69,68,98,57,78.33,Good,Pass,78.33,4-6 Hours,75-90%
S0119,15,Female,10,5.1,76,High School,No,Yes,94,69,74,85,79.0,Good,Pass,79.0,4-6 Hours,75-90%
S0120,18,Male,12,4.5,55,Graduate,Yes,No,46,45,39,59,43.33,Poor,Fail,43.33,4-6 Hours,Below 60%
S0121,18,Male,9,5.6,66,Postgraduate,No,No,43,85,92,77,73.33,Good,Pass,73.33,4-6 Hours,60-75%
S0122,18,Male,9,0.6,99,Graduate,No,No,90,85,75,72,83.33,Excellent,Pass,83.33,0-2 Hours,90-100%
S0123,19,Female,10,5.6,68,Graduate,No,Yes,96,65,69,46,76.67,Good,Pass,76.67,4-6 Hours,60-75%
S0124,19,Male,10,4.1,94,High School,No,Yes,36,82,59,77,59.0,Average,Pass,59.0,4-6 Hours,90-100%
S0125,14,Male,12,5.0,72,Graduate,No,No,59,42,68,72,56.33,Average,Pass,56.33,4-6 Hours,60-75%
S0126,17,Female,9,2.3,66,Graduate,No,Yes,45,89,71,75,68.33,Good,Pass,68.33,2-4 Hours,60-75%
S0127,15,Male,11,2.5,63,High School,No,No,49,40,100,92,63.0,Average,Pass,63.0,2-4 Hours,60-75%
S0128,17,Male,11,4.9,61,Postgraduate,No,Yes,70,41,96,51,69.0,Good,Pass,69.0,4-6 Hours,60-75%
S0129,19,Female,10,1.7,74,Postgraduate,Yes,No,83,89,100,73,90.67,Excellent,Pass,90.67,0-2 Hours,60-75%
S0130,19,Female,9,2.5,85,Graduate,Yes,Yes,72,96,91,65,86.33,Excellent,Pass,86.33,2-4 Hours,75-90%
S0131,15,Male,11,0.8,75,Postgraduate,No,Yes,71,99,57,69,75.67,Good,Pass,75.67,0-2 Hours,60-75%
S0132,19,Male,9,1.7,100,Graduate,Yes,Yes,89,50,85,83,74.67,Good,Pass,74.67,0-2 Hours,90-100%
S0133,18,Female,10,1.2,84,Postgraduate,Yes,Yes,47,93,93,82,77.67,Good,Pass,77.67,0-2 Hours,75-90%
S0134,14,Male,12,2.7,80,Postgraduate,No,No,59,49,74,84,60.67,Average,Pass,60.67,2-4 Hours,75-90%
S0135,15,Female,9,1.1,97,High School,Yes,Yes,72,78,92,75,80.67,Good,Pass,80.67,0-2 Hours,90-100%
S0136,19,Female,11,3.9,72,High School,Yes,Yes,79,49,59,78,62.33,Average,Pass,62.33,2-4 Hours,60-75%
S0137,19,Male,12,1.5,83,Graduate,Yes,No,81,93,73,62,82.33,Excellent,Pass,82.33,0-2 Hours,75-90%
S0138,16,Female,9,2.3,88,Postgraduate,No,Yes,94,71,83,90,82.67,Excellent,Pass,82.67,2-4 Hours,75-90%
S0139,17,Male,11,5.5,60,Postgraduate,Yes,No,81,84,97,45,87.33,Excellent,Pass,87.33,4-6 Hours,Below 60%
S0140,14,Male,12,5.1,85,Graduate,Yes,No,56,90,86,53,77.33,Good,Pass,77.33,4-6 Hours,75-90%
S0141,15,Female,10,5.7,89,Graduate,No,Yes,96,52,59,45,69.0,Good,Pass,69.0,4-6 Hours,75-90%
S0142,16,Female,9,5.7,60,Postgraduate,No,No,97,77,41,89,71.67,Good,Pass,71.67,4-6 Hours,Below 60%
S0143,15,Male,10,4.7,76,Postgraduate,Yes,No,80,52,70,50,67.33,Good,Pass,67.33,4-6 Hours,75-90%
S0144,14,Male,11,1.4,94,Graduate,No,Yes,46,65,82,82,64.33,Average,Pass,64.33,0-2 Hours,90-100%
S0145,19,Male,12,4.3,56,High School,No,Yes,83,99,97,57,93.0,Excellent,Pass,93.0,4-6 Hours,Below 60%
S0146,19,Female,12,4.1,82,Graduate,Yes,No,51,48,44,88,47.67,Poor,Fail,47.67,4-6 Hours,75-90%
S0147,19,Male,11,1.4,54,Postgraduate,Yes,Yes,96,56,50,41,67.33,Good,Pass,67.33,0-2 Hours,Below 60%
S0148,19,Female,11,5.3,91,Postgraduate,No,Yes,65,51,65,80,60.33,Average,Pass,60.33,4-6 Hours,90-100%
S0149,19,Male,9,3.2,59,Postgraduate,Yes,No,72,45,40,44,52.33,Average,Pass,52.33,2-4 Hours,Below 60%
S0150,16,Male,9,5.2,99,High School,Yes,No,63,57,78,43,66.0,Good,Pass,66.0,4-6 Hours,90-100%
S0151,17,Male,12,5.0,71,Postgraduate,Yes,No,56,61,42,91,53.0,Average,Pass,53.0,4-6 Hours,60-75%
S0152,15,Male,11,3.4,83,Postgraduate,Yes,No,70,40,97,64,69.0,Good,Pass,69.0,2-4 Hours,75-90%
S0153,17,Female,11,4.4,72,Postgraduate,No,Yes,77,42,99,76,72.67,Good,Pass,72.67,4-6 Hours,60-75%
S0154,17,Male,10,3.2,98,High School,No,Yes,62,81,64,84,69.0,Good,Pass,69.0,2-4 Hours,90-100%
S0155,17,Female,10,5.4,84,Graduate,No,Yes,71,82,81,66,78.0,Good,Pass,78.0,4-6 Hours,75-90%
S0156,16,Male,9,3.6,86,High School,No,No,87,47,39,73,57.67,Average,Pass,57.67,2-4 Hours,75-90%
S0157,17,Male,11,0.6,55,Postgraduate,No,No,40,100,97,79,79.0,Good,Pass,79.0,0-2 Hours,Below 60%
S0158,16,Female,12,5.6,75,Graduate,No,No,44,60,51,80,51.67,Average,Pass,51.67,4-6 Hours,60-75%
S0159,17,Female,12,2.8,98,High School,Yes,Yes,49,47,75,43,57.0,Average,Pass,57.0,2-4 Hours,90-100%
S0160,16,Male,12,0.7,71,Graduate,No,Yes,43,60,70,54,57.67,Average,Pass,57.67,0-2 Hours,60-75%
S0161,18,Female,10,2.5,97,High School,No,No,77,81,36,52,64.67,Average,Pass,64.67,2-4 Hours,90-100%
S0162,18,Female,10,3.7,53,High School,Yes,Yes,39,79,62,82,60.0,Average,Pass,60.0,2-4 Hours,Below 60%
S0163,19,Female,9,1.1,74,High School,Yes,Yes,40,63,72,64,58.33,Average,Pass,58.33,0-2 Hours,60-75%
S0164,17,Male,10,5.7,63,High School,Yes,Yes,88,62,77,42,75.67,Good,Pass,75.67,4-6 Hours,60-75%
S0165,17,Male,12,2.4,53,Graduate,Yes,Yes,94,37,68,81,66.33,Good,Pass,66.33,2-4 Hours,Below 60%
S0166,14,Male,12,5.0,55,Postgraduate,Yes,No,65,81,59,67,68.33,Good,Pass,68.33,4-6 Hours,Below 60%
S0167,19,Male,12,1.9,60,Postgraduate,No,No,78,62,38,44,59.33,Average,Pass,59.33,0-2 Hours,Below 60%
S0168,16,Male,12,0.8,75,Graduate,No,Yes,44,70,73,88,62.33,Average,Pass,62.33,0-2 Hours,60-75%
S0169,19,Male,11,3.5,60,Graduate,Yes,Yes,51,61,53,44,55.0,Average,Pass,55.0,2-4 Hours,Below 60%
S0170,16,Male,9,5.7,72,Postgraduate,Yes,Yes,48,79,98,60,75.0,Good,Pass,75.0,4-6 Hours,60-75%
S0171,18,Male,9,5.8,89,High School,Yes,No,91,48,68,95,69.0,Good,Pass,69.0,4-6 Hours,75-90%
S0172,16,Male,10,5.0,58,Graduate,No,Yes,41,67,85,69,64.33,Average,Pass,64.33,4-6 Hours,Below 60%
S0173,14,Female,10,5.6,96,High School,No,No,75,69,41,45,61.67,Average,Pass,61.67,4-6 Hours,90-100%
S0174,14,Male,10,5.2,50,High School,No,No,35,84,96,61,71.67,Good,Pass,71.67,4-6 Hours,Below 60%
S0175,18,Female,10,1.1,82,Postgraduate,No,Yes,55,48,35,68,46.0,Poor,Fail,46.0,0-2 Hours,75-90%
S0176,14,Male,10,4.2,54,Graduate,Yes,Yes,64,61,87,49,70.67,Good,Pass,70.67,4-6 Hours,Below 60%
S0177,18,Female,11,4.3,71,Graduate,No,Yes,45,45,60,43,50.0,Average,Pass,50.0,4-6 Hours,60-75%
S0178,18,Male,12,3.1,87,High School,No,No,93,89,35,80,72.33,Good,Pass,72.33,2-4 Hours,75-90%
S0179,19,Female,10,3.0,78,Postgraduate,Yes,No,80,55,53,77,62.67,Average,Pass,62.67,2-4 Hours,75-90%
S0180,15,Male,11,1.7,68,Graduate,No,No,64,57,56,62,59.0,Average,Pass,59.0,0-2 Hours,60-75%
S0181,17,Female,12,3.1,82,Graduate,Yes,Yes,61,48,62,65,57.0,Average,Pass,57.0,2-4 Hours,75-90%
S0182,19,Male,12,1.1,94,Postgraduate,No,No,72,85,71,92,76.0,Good,Pass,76.0,0-2 Hours,90-100%
S0183,16,Male,12,3.7,73,Postgraduate,No,No,42,81,95,61,72.67,Good,Pass,72.67,2-4 Hours,60-75%
S0184,19,Female,10,4.4,81,Graduate,Yes,No,47,75,65,58,62.33,Average,Pass,62.33,4-6 Hours,75-90%
S0185,17,Male,10,2.5,79,High School,Yes,Yes,69,88,61,43,72.67,Good,Pass,72.67,2-4 Hours,75-90%
S0186,16,Male,10,4.6,84,High School,No,No,62,70,43,46,58.33,Average,Pass,58.33,4-6 Hours,75-90%
S0187,18,Male,12,1.7,77,Graduate,No,No,61,68,97,74,75.33,Good,Pass,75.33,0-2 Hours,75-90%
S0188,19,Female,10,3.8,78,High School,Yes,Yes,94,65,41,92,66.67,Good,Pass,66.67,2-4 Hours,75-90%
S0189,16,Male,12,1.4,61,Postgraduate,Yes,Yes,72,42,61,81,58.33,Average,Pass,58.33,0-2 Hours,60-75%
S0190,15,Female,9,3.5,93,Graduate,Yes,Yes,78,50,94,88,74.0,Good,Pass,74.0,2-4 Hours,90-100%
S0191,18,Female,12,1.4,89,Postgraduate,Yes,No,98,43,57,62,66.0,Good,Pass,66.0,0-2 Hours,75-90%
S0192,19,Male,11,4.6,93,Graduate,Yes,Yes,38,68,79,50,61.67,Average,Pass,61.67,4-6 Hours,90-100%
S0193,15,Female,11,3.1,97,High School,No,Yes,78,45,58,77,60.33,Average,Pass,60.33,2-4 Hours,90-100%
S0194,16,Male,11,1.4,67,Postgraduate,Yes,Yes,53,52,84,89,63.0,Average,Pass,63.0,0-2 Hours,60-75%
S0195,19,Female,12,5.5,94,Graduate,No,Yes,88,42,84,80,71.33,Good,Pass,71.33,4-6 Hours,90-100%
S0196,14,Male,12,3.5,84,Graduate,No,No,39,58,46,41,47.67,Poor,Fail,47.67,2-4 Hours,75-90%
S0197,14,Male,11,2.6,88,High School,No,No,99,39,73,42,70.33,Good,Pass,70.33,2-4 Hours,75-90%
S0198,19,Female,10,0.6,94,Graduate,Yes,Yes,69,37,69,65,58.33,Average,Pass,58.33,0-2 Hours,90-100%
S0199,15,Female,10,2.0,93,High School,No,No,65,99,47,68,70.33,Good,Pass,70.33,0-2 Hours,90-100%
S0200,17,Male,10,1.3,50,Postgraduate,No,No,84,53,79,66,72.0,Good,Pass,72.0,0-2 Hours,Below 60%
S0201,17,Female,10,4.7,53,Postgraduate,Yes,No,76,65,91,41,77.33,Good,Pass,77.33,4-6 Hours,Below 60%
S0202,15,Female,10,1.3,99,Graduate,Yes,Yes,36,39,51,65,42.0,Poor,Fail,42.0,0-2 Hours,90-100%
S0203,15,Female,9,1.4,57,Graduate,No,Yes,89,39,87,84,71.67,Good,Pass,71.67,0-2 Hours,Below 60%
S0204,17,Female,11,4.8,56,Graduate,No,Yes,62,64,74,56,66.67,Good,Pass,66.67,4-6 Hours,Below 60%
S0205,17,Female,10,1.7,83,Graduate,Yes,No,42,62,47,62,50.33,Average,Pass,50.33,0-2 Hours,75-90%
S0206,15,Male,12,3.8,75,Postgraduate,Yes,Yes,86,74,98,55,86.0,Excellent,Pass,86.0,2-4 Hours,60-75%
S0207,15,Male,9,4.6,89,Postgraduate,Yes,No,35,91,42,41,56.0,Average,Pass,56.0,4-6 Hours,75-90%
S0208,16,Male,12,5.5,52,Graduate,Yes,Yes,56,90,76,87,74.0,Good,Pass,74.0,4-6 Hours,Below 60%
S0209,14,Male,12,3.1,51,High School,Yes,Yes,87,95,35,43,72.33,Good,Pass,72.33,2-4 Hours,Below 60%
S0210,19,Female,12,5.7,63,Graduate,No,No,99,58,86,56,81.0,Excellent,Pass,81.0,4-6 Hours,60-75%
S0211,14,Female,12,3.9,50,Postgraduate,Yes,Yes,65,51,61,82,59.0,Average,Pass,59.0,2-4 Hours,Below 60%
S0212,18,Female,9,2.3,98,Graduate,No,Yes,61,97,69,66,75.67,Good,Pass,75.67,2-4 Hours,90-100%
S0213,18,Male,11,1.9,59,Graduate,Yes,No,93,46,86,44,75.0,Good,Pass,75.0,0-2 Hours,Below 60%
S0214,19,Female,12,4.1,56,Graduate,No,No,83,67,86,56,78.67,Good,Pass,78.67,4-6 Hours,Below 60%
S0215,17,Male,12,4.7,71,Graduate,No,No,69,36,49,54,51.33,Average,Pass,51.33,4-6 Hours,60-75%
S0216,14,Female,12,0.5,88,Graduate,No,No,66,80,95,63,80.33,Good,Pass,80.33,0-2 Hours,75-90%
S0217,18,Female,9,1.8,91,Graduate,Yes,Yes,88,70,74,56,77.33,Good,Pass,77.33,0-2 Hours,90-100%
S0218,19,Female,9,5.7,51,High School,Yes,No,63,37,96,75,65.33,Average,Pass,65.33,4-6 Hours,Below 60%
S0219,15,Male,12,5.1,91,Graduate,Yes,Yes,78,88,81,81,82.33,Excellent,Pass,82.33,4-6 Hours,90-100%
S0220,14,Female,9,2.4,52,High School,No,No,55,43,74,81,57.33,Average,Pass,57.33,2-4 Hours,Below 60%
S0221,16,Female,12,3.6,53,Graduate,No,Yes,76,50,68,88,64.67,Average,Pass,64.67,2-4 Hours,Below 60%
S0222,14,Female,10,2.1,61,Graduate,No,Yes,55,69,68,57,64.0,Average,Pass,64.0,2-4 Hours,60-75%
S0223,19,Female,12,1.0,86,Graduate,Yes,Yes,65,83,80,46,76.0,Good,Pass,76.0,0-2 Hours,75-90%
S0224,17,Male,11,3.1,58,Postgraduate,No,Yes,96,98,71,84,88.33,Excellent,Pass,88.33,2-4 Hours,Below 60%
S0225,16,Male,10,2.9,53,High School,No,Yes,54,63,41,88,52.67,Average,Pass,52.67,2-4 Hours,Below 60%
S0226,15,Male,10,4.6,53,Postgraduate,Yes,No,40,86,59,64,61.67,Average,Pass,61.67,4-6 Hours,Below 60%
S0227,17,Female,9,6.0,97,Postgraduate,No,Yes,63,79,48,74,63.33,Average,Pass,63.33,4-6 Hours,90-100%
S0228,18,Female,12,2.9,87,Graduate,Yes,Yes,38,52,50,64,46.67,Poor,Fail,46.67,2-4 Hours,75-90%
S0229,14,Male,10,1.9,75,High School,Yes,Yes,72,95,70,76,79.0,Good,Pass,79.0,0-2 Hours,60-75%
S0230,14,Male,11,1.0,74,Graduate,No,Yes,93,58,64,56,71.67,Good,Pass,71.67,0-2 Hours,60-75%
S0231,18,Female,9,2.5,98,High School,No,Yes,47,74,76,73,65.67,Average,Pass,65.67,2-4 Hours,90-100%
S0232,19,Female,10,3.9,74,Postgraduate,No,No,43,37,73,68,51.0,Average,Pass,51.0,2-4 Hours,60-75%
S0233,19,Female,9,5.6,97,High School,No,Yes,99,84,86,51,89.67,Excellent,Pass,89.67,4-6 Hours,90-100%
S0234,15,Male,10,4.0,63,Graduate,Yes,Yes,94,96,49,88,79.67,Good,Pass,79.67,2-4 Hours,60-75%
S0235,15,Female,10,3.9,67,High School,No,No,87,52,38,93,59.0,Average,Pass,59.0,2-4 Hours,60-75%
S0236,15,Male,9,2.6,53,High School,Yes,No,78,90,83,69,83.67,Excellent,Pass,83.67,2-4 Hours,Below 60%
S0237,19,Female,9,1.3,56,High School,No,Yes,75,72,97,53,81.33,Excellent,Pass,81.33,0-2 Hours,Below 60%
S0238,16,Male,12,4.5,54,High School,Yes,No,72,83,80,41,78.33,Good,Pass,78.33,4-6 Hours,Below 60%
S0239,19,Male,10,5.8,52,Postgraduate,No,No,35,63,81,59,59.67,Average,Pass,59.67,4-6 Hours,Below 60%
S0240,16,Female,12,0.6,91,Postgraduate,No,Yes,45,52,98,63,65.0,Average,Pass,65.0,0-2 Hours,90-100%
S0241,18,Female,11,5.9,89,Postgraduate,No,No,47,65,57,65,56.33,Average,Pass,56.33,4-6 Hours,75-90%
S0242,18,Female,10,1.9,57,Graduate,Yes,Yes,58,60,94,83,70.67,Good,Pass,70.67,0-2 Hours,Below 60%
S0243,14,Female,11,3.1,88,Graduate,No,No,64,78,36,93,59.33,Average,Pass,59.33,2-4 Hours,75-90%
S0244,17,Female,11,2.8,64,Graduate,Yes,No,54,72,89,73,71.67,Good,Pass,71.67,2-4 Hours,60-75%
S0245,19,Male,10,1.2,91,Postgraduate,Yes,No,49,99,67,60,71.67,Good,Pass,71.67,0-2 Hours,90-100%
S0246,19,Male,10,5.8,95,Graduate,No,Yes,67,50,37,55,51.33,Average,Pass,51.33,4-6 Hours,90-100%
S0247,18,Male,10,0.9,97,High School,No,No,52,99,83,44,78.0,Good,Pass,78.0,0-2 Hours,90-100%
S0248,17,Female,11,3.7,95,High School,Yes,Yes,58,41,48,85,49.0,Poor,Fail,49.0,2-4 Hours,90-100%
S0249,19,Male,10,1.8,89,Postgraduate,No,No,36,58,59,42,51.0,Average,Pass,51.0,0-2 Hours,75-90%
S0250,19,Female,9,4.3,59,Graduate,No,No,65,53,73,56,63.67,Average,Pass,63.67,4-6 Hours,Below 60%
S0251,16,Female,9,3.8,62,High School,Yes,No,77,67,38,59,60.67,Average,Pass,60.67,2-4 Hours,60-75%
S0252,19,Female,10,0.8,51,High School,No,Yes,70,44,44,69,52.67,Average,Pass,52.67,0-2 Hours,Below 60%
S0253,17,Female,12,5.9,88,Postgraduate,No,Yes,73,58,36,77,55.67,Average,Pass,55.67,4-6 Hours,75-90%
S0254,16,Male,10,3.3,67,High School,No,No,65,82,67,56,71.33,Good,Pass,71.33,2-4 Hours,60-75%
S0255,16,Male,10,2.1,65,High School,Yes,No,41,67,66,45,58.0,Average,Pass,58.0,2-4 Hours,60-75%
S0256,15,Female,11,5.4,60,Postgraduate,Yes,No,38,91,67,57,65.33,Average,Pass,65.33,4-6 Hours,Below 60%
S0257,18,Male,10,3.1,78,High School,No,No,75,63,37,41,58.33,Average,Pass,58.33,2-4 Hours,75-90%
S0258,14,Male,9,4.4,54,Graduate,No,No,62,77,96,84,78.33,Good,Pass,78.33,4-6 Hours,Below 60%
S0259,18,Female,12,0.8,90,High School,No,No,69,85,35,58,63.0,Average,Pass,63.0,0-2 Hours,75-90%
S0260,16,Female,10,3.9,84,High School,Yes,Yes,89,58,52,44,66.33,Good,Pass,66.33,2-4 Hours,75-90%
S0261,14,Male,10,3.8,88,Graduate,No,Yes,67,57,36,54,53.33,Average,Pass,53.33,2-4 Hours,75-90%
S0262,15,Male,11,1.3,55,Graduate,Yes,No,50,37,46,67,44.33,Poor,Fail,44.33,0-2 Hours,Below 60%
S0263,15,Female,11,3.3,53,Postgraduate,No,Yes,38,68,96,77,67.33,Good,Pass,67.33,2-4 Hours,Below 60%
S0264,17,Female,12,0.8,98,High School,No,Yes,56,35,73,95,54.67,Average,Pass,54.67,0-2 Hours,90-100%
S0265,19,Female,12,3.9,55,Postgraduate,No,Yes,67,50,60,62,59.0,Average,Pass,59.0,2-4 Hours,Below 60%
S0266,15,Male,11,2.0,83,Graduate,No,Yes,58,83,99,60,80.0,Good,Pass,80.0,0-2 Hours,75-90%
S0267,18,Female,9,2.1,83,Graduate,Yes,Yes,37,95,59,74,63.67,Average,Pass,63.67,2-4 Hours,75-90%
S0268,14,Male,9,1.7,97,High School,Yes,Yes,81,47,53,53,60.33,Average,Pass,60.33,0-2 Hours,90-100%
S0269,15,Male,10,1.0,76,Graduate,Yes,Yes,43,76,89,40,69.33,Good,Pass,69.33,0-2 Hours,75-90%
S0270,14,Female,11,2.1,58,Graduate,No,No,62,87,66,72,71.67,Good,Pass,71.67,2-4 Hours,Below 60%
S0271,18,Male,9,1.6,65,High School,No,No,45,45,48,54,46.0,Poor,Fail,46.0,0-2 Hours,60-75%
S0272,14,Male,10,0.7,85,Postgraduate,Yes,Yes,59,95,98,60,84.0,Excellent,Pass,84.0,0-2 Hours,75-90%
S0273,14,Male,10,3.3,80,Postgraduate,No,No,69,60,75,65,68.0,Good,Pass,68.0,2-4 Hours,75-90%
S0274,16,Male,11,0.9,73,Graduate,No,Yes,45,88,37,76,56.67,Average,Pass,56.67,0-2 Hours,60-75%
S0275,19,Female,11,4.5,89,Graduate,Yes,No,61,83,40,82,61.33,Average,Pass,61.33,4-6 Hours,75-90%
S0276,16,Female,10,1.1,58,Graduate,Yes,Yes,73,41,38,82,50.67,Average,Pass,50.67,0-2 Hours,Below 60%
S0277,16,Female,9,2.0,71,Postgraduate,No,Yes,76,80,85,92,80.33,Good,Pass,80.33,0-2 Hours,60-75%
S0278,17,Male,11,5.2,57,Postgraduate,No,Yes,89,56,93,77,79.33,Good,Pass,79.33,4-6 Hours,Below 60%
S0279,17,Male,10,0.5,100,Graduate,Yes,Yes,71,95,87,67,84.33,Excellent,Pass,84.33,0-2 Hours,90-100%
S0280,16,Female,10,3.8,77,Graduate,No,Yes,41,41,99,91,60.33,Average,Pass,60.33,2-4 Hours,75-90%
S0281,17,Male,10,1.0,97,Graduate,No,Yes,67,57,84,67,69.33,Good,Pass,69.33,0-2 Hours,90-100%
S0282,14,Female,10,0.9,83,Postgraduate,No,No,79,38,69,57,62.0,Average,Pass,62.0,0-2 Hours,75-90%
S0283,16,Female,12,2.8,79,Graduate,Yes,Yes,96,46,84,95,75.33,Good,Pass,75.33,2-4 Hours,75-90%
S0284,16,Male,9,3.6,54,Postgraduate,No,No,46,75,67,89,62.67,Average,Pass,62.67,2-4 Hours,Below 60%
S0285,17,Male,9,5.9,50,Graduate,No,Yes,83,98,62,85,81.0,Excellent,Pass,81.0,4-6 Hours,Below 60%
S0286,16,Female,9,4.7,90,High School,Yes,Yes,59,68,66,63,64.33,Average,Pass,64.33,4-6 Hours,75-90%
S0287,18,Male,12,5.4,51,Postgraduate,No,Yes,84,46,36,66,55.33,Average,Pass,55.33,4-6 Hours,Below 60%
S0288,14,Female,11,0.8,62,Graduate,No,No,94,100,58,53,84.0,Excellent,Pass,84.0,0-2 Hours,60-75%
S0289,15,Male,9,0.6,87,Graduate,Yes,Yes,67,63,80,50,70.0,Good,Pass,70.0,0-2 Hours,75-90%
S0290,14,Male,10,4.8,60,Postgraduate,No,No,38,51,71,85,53.33,Average,Pass,53.33,4-6 Hours,Below 60%
S0291,15,Male,10,5.0,65,Postgraduate,Yes,Yes,47,95,56,58,66.0,Good,Pass,66.0,4-6 Hours,60-75%
S0292,14,Male,12,4.1,61,Graduate,Yes,No,53,38,35,43,42.0,Poor,Fail,42.0,4-6 Hours,60-75%
S0293,17,Female,9,0.7,96,High School,No,Yes,93,89,42,60,74.67,Good,Pass,74.67,0-2 Hours,90-100%
S0294,18,Male,10,3.6,84,Postgraduate,No,No,37,40,42,50,39.67,Poor,Fail,39.67,2-4 Hours,75-90%
S0295,16,Female,11,2.6,94,High School,Yes,No,79,93,81,77,84.33,Excellent,Pass,84.33,2-4 Hours,90-100%
S0296,19,Female,10,3.5,96,High School,No,No,81,51,80,66,70.67,Good,Pass,70.67,2-4 Hours,90-100%
S0297,15,Female,11,2.8,75,High School,No,No,61,73,59,48,64.33,Average,Pass,64.33,2-4 Hours,60-75%
S0298,18,Male,11,1.4,92,High School,Yes,Yes,64,69,84,95,72.33,Good,Pass,72.33,0-2 Hours,90-100%
S0299,18,Male,11,3.6,95,Postgraduate,No,Yes,95,75,90,45,86.67,Excellent,Pass,86.67,2-4 Hours,90-100%
S0300,14,Male,12,5.9,88,High School,Yes,Yes,47,47,52,47,48.67,Poor,Fail,48.67,4-6 Hours,75-90%
S0301,19,Female,12,4.8,88,High School,Yes,Yes,97,42,96,78,78.33,Good,Pass,78.33,4-6 Hours,75-90%
S0302,18,Male,10,4.2,89,Graduate,No,Yes,100,47,48,53,65.0,Average,Pass,65.0,4-6 Hours,75-90%
S0303,18,Male,10,1.9,95,Postgraduate,Yes,No,61,72,97,79,76.67,Good,Pass,76.67,0-2 Hours,90-100%
S0304,15,Male,11,4.2,55,High School,No,No,96,91,69,72,85.33,Excellent,Pass,85.33,4-6 Hours,Below 60%
S0305,18,Female,10,0.5,65,Postgraduate,Yes,Yes,66,59,67,58,64.0,Average,Pass,64.0,0-2 Hours,60-75%
S0306,15,Male,11,1.1,65,High School,No,Yes,57,77,37,79,57.0,Average,Pass,57.0,0-2 Hours,60-75%
S0307,17,Female,11,2.8,99,Graduate,Yes,Yes,88,60,84,69,77.33,Good,Pass,77.33,2-4 Hours,90-100%
S0308,18,Female,9,1.9,52,High School,No,No,52,46,95,76,64.33,Average,Pass,64.33,0-2 Hours,Below 60%
S0309,18,Male,12,3.1,80,High School,Yes,No,92,71,74,92,79.0,Good,Pass,79.0,2-4 Hours,75-90%
S0310,18,Male,11,1.9,95,Graduate,Yes,Yes,46,91,97,51,78.0,Good,Pass,78.0,0-2 Hours,90-100%
S0311,14,Female,11,3.0,93,High School,No,No,93,44,81,46,72.67,Good,Pass,72.67,2-4 Hours,90-100%
S0312,18,Female,10,5.7,84,Postgraduate,Yes,No,41,47,47,50,45.0,Poor,Fail,45.0,4-6 Hours,75-90%
S0313,15,Female,11,4.7,70,Postgraduate,Yes,Yes,94,40,55,53,63.0,Average,Pass,63.0,4-6 Hours,60-75%
S0314,14,Female,11,5.2,60,Graduate,Yes,No,73,96,56,60,75.0,Good,Pass,75.0,4-6 Hours,Below 60%
S0315,14,Female,9,1.6,72,High School,Yes,Yes,95,38,78,76,70.33,Good,Pass,70.33,0-2 Hours,60-75%
S0316,19,Female,12,2.4,70,Graduate,Yes,No,81,40,58,85,59.67,Average,Pass,59.67,2-4 Hours,60-75%
S0317,19,Male,11,2.2,100,High School,Yes,Yes,78,67,39,77,61.33,Average,Pass,61.33,2-4 Hours,90-100%
S0318,18,Female,12,4.7,65,Postgraduate,No,No,93,50,89,56,77.33,Good,Pass,77.33,4-6 Hours,60-75%
S0319,17,Female,12,1.2,83,Graduate,Yes,Yes,91,46,37,83,58.0,Average,Pass,58.0,0-2 Hours,75-90%
S0320,14,Male,9,5.5,92,High School,No,No,73,70,90,66,77.67,Good,Pass,77.67,4-6 Hours,90-100%
S0321,14,Female,9,1.0,78,Postgraduate,No,No,67,40,39,69,48.67,Poor,Fail,48.67,0-2 Hours,75-90%
S0322,14,Male,12,2.0,52,Postgraduate,Yes,Yes,55,40,73,79,56.0,Average,Pass,56.0,0-2 Hours,Below 60%
S0323,18,Female,11,4.6,63,High School,No,No,76,73,98,86,82.33,Excellent,Pass,82.33,4-6 Hours,60-75%
S0324,14,Male,9,5.8,81,Postgraduate,No,Yes,89,98,45,89,77.33,Good,Pass,77.33,4-6 Hours,75-90%
S0325,15,Female,11,1.7,78,Postgraduate,Yes,Yes,56,36,76,53,56.0,Average,Pass,56.0,0-2 Hours,75-90%
S0326,19,Male,10,3.3,79,Graduate,No,Yes,69,83,83,56,78.33,Good,Pass,78.33,2-4 Hours,75-90%
S0327,16,Male,9,4.8,87,Graduate,Yes,No,75,45,77,67,65.67,Average,Pass,65.67,4-6 Hours,75-90%
S0328,15,Male,11,3.1,73,High School,No,No,63,53,69,61,61.67,Average,Pass,61.67,2-4 Hours,60-75%
S0329,18,Female,9,5.3,63,Graduate,No,Yes,96,79,99,44,91.33,Excellent,Pass,91.33,4-6 Hours,60-75%
S0330,18,Female,10,1.8,53,Graduate,No,No,35,89,100,46,74.67,Good,Pass,74.67,0-2 Hours,Below 60%
S0331,14,Male,10,1.7,81,Graduate,Yes,No,52,58,65,60,58.33,Average,Pass,58.33,0-2 Hours,75-90%
S0332,16,Male,10,3.7,95,Graduate,No,Yes,52,57,53,94,54.0,Average,Pass,54.0,2-4 Hours,90-100%
S0333,15,Female,11,3.8,95,Graduate,Yes,No,58,81,70,48,69.67,Good,Pass,69.67,2-4 Hours,90-100%
S0334,16,Female,9,4.2,63,Graduate,Yes,No,67,83,70,71,73.33,Good,Pass,73.33,4-6 Hours,60-75%
S0335,16,Female,12,4.9,91,Postgraduate,Yes,Yes,42,79,55,86,58.67,Average,Pass,58.67,4-6 Hours,90-100%
S0336,18,Male,11,0.9,81,Graduate,No,Yes,95,70,85,43,83.33,Excellent,Pass,83.33,0-2 Hours,75-90%
S0337,18,Male,9,1.1,70,High School,No,Yes,78,91,58,46,75.67,Good,Pass,75.67,0-2 Hours,60-75%
S0338,17,Female,12,3.5,70,Postgraduate,No,Yes,98,94,41,90,77.67,Good,Pass,77.67,2-4 Hours,60-75%
S0339,19,Male,10,2.3,87,Postgraduate,Yes,No,89,48,37,80,58.0,Average,Pass,58.0,2-4 Hours,75-90%
S0340,19,Female,9,2.4,83,High School,Yes,No,96,89,43,92,76.0,Good,Pass,76.0,2-4 Hours,75-90%
S0341,19,Female,12,5.7,52,High School,Yes,No,82,87,57,94,75.33,Good,Pass,75.33,4-6 Hours,Below 60%
S0342,19,Male,10,2.5,95,Postgraduate,No,Yes,92,56,81,77,76.33,Good,Pass,76.33,2-4 Hours,90-100%
S0343,15,Female,12,2.9,90,Graduate,No,No,89,72,36,48,65.67,Average,Pass,65.67,2-4 Hours,75-90%
S0344,14,Male,12,2.0,94,Graduate,Yes,Yes,42,59,49,47,50.0,Average,Pass,50.0,0-2 Hours,90-100%
S0345,18,Male,9,4.8,58,Postgraduate,Yes,No,61,65,49,45,58.33,Average,Pass,58.33,4-6 Hours,Below 60%
S0346,18,Male,10,3.0,94,Postgraduate,No,Yes,37,86,95,48,72.67,Good,Pass,72.67,2-4 Hours,90-100%
S0347,14,Female,11,3.4,67,High School,No,Yes,36,54,75,57,55.0,Average,Pass,55.0,2-4 Hours,60-75%
S0348,17,Female,9,3.8,77,Postgraduate,Yes,Yes,40,99,73,44,70.67,Good,Pass,70.67,2-4 Hours,75-90%
S0349,15,Female,10,1.7,65,Postgraduate,No,Yes,35,80,39,83,51.33,Average,Pass,51.33,0-2 Hours,60-75%
S0350,15,Male,11,1.6,67,High School,No,No,36,75,62,66,57.67,Average,Pass,57.67,0-2 Hours,60-75%
S0351,19,Male,12,3.0,69,High School,No,No,49,42,49,83,46.67,Poor,Fail,46.67,2-4 Hours,60-75%
S0352,17,Female,9,4.3,100,High School,No,Yes,83,98,59,61,80.0,Good,Pass,80.0,4-6 Hours,90-100%
S0353,14,Male,12,0.5,70,High School,No,No,72,57,52,75,60.33,Average,Pass,60.33,0-2 Hours,60-75%
S0354,16,Male,11,5.0,76,Postgraduate,No,Yes,56,83,100,68,79.67,Good,Pass,79.67,4-6 Hours,75-90%
S0355,19,Male,10,2.5,61,Graduate,No,No,37,67,93,53,65.67,Average,Pass,65.67,2-4 Hours,60-75%
S0356,14,Female,12,4.4,50,Graduate,No,Yes,48,39,55,80,47.33,Poor,Fail,47.33,4-6 Hours,Below 60%
S0357,16,Female,10,4.7,56,Graduate,No,Yes,51,82,68,79,67.0,Good,Pass,67.0,4-6 Hours,Below 60%
S0358,19,Female,11,1.7,90,Graduate,Yes,Yes,73,55,45,46,57.67,Average,Pass,57.67,0-2 Hours,75-90%
S0359,17,Male,9,1.9,93,Postgraduate,Yes,Yes,62,74,58,94,64.67,Average,Pass,64.67,0-2 Hours,90-100%
S0360,18,Male,12,2.2,73,Postgraduate,No,No,98,59,83,77,80.0,Good,Pass,80.0,2-4 Hours,60-75%
S0361,18,Female,12,5.9,73,Graduate,Yes,Yes,97,45,59,90,67.0,Good,Pass,67.0,4-6 Hours,60-75%
S0362,15,Male,10,5.6,90,High School,Yes,Yes,89,57,74,53,73.33,Good,Pass,73.33,4-6 Hours,75-90%
S0363,14,Female,11,1.8,57,Graduate,Yes,Yes,63,44,85,40,64.0,Average,Pass,64.0,0-2 Hours,Below 60%
S0364,14,Female,10,3.0,59,Postgraduate,Yes,No,80,79,62,44,73.67,Good,Pass,73.67,2-4 Hours,Below 60%
S0365,18,Male,12,3.3,78,High School,No,Yes,95,59,76,49,76.67,Good,Pass,76.67,2-4 Hours,75-90%
S0366,17,Female,9,3.9,50,Postgraduate,No,Yes,36,94,96,51,75.33,Good,Pass,75.33,2-4 Hours,Below 60%
S0367,15,Female,9,3.4,98,High School,Yes,Yes,100,41,78,61,73.0,Good,Pass,73.0,2-4 Hours,90-100%
S0368,18,Male,10,1.5,69,High School,No,Yes,59,93,42,63,64.67,Average,Pass,64.67,0-2 Hours,60-75%
S0369,15,Female,11,4.8,56,Graduate,Yes,No,74,94,98,55,88.67,Excellent,Pass,88.67,4-6 Hours,Below 60%
S0370,16,Female,11,0.6,63,Graduate,Yes,Yes,82,37,37,92,52.0,Average,Pass,52.0,0-2 Hours,60-75%
S0371,15,Female,10,3.9,66,Postgraduate,No,No,36,92,35,76,54.33,Average,Pass,54.33,2-4 Hours,60-75%
S0372,16,Female,9,1.1,93,Postgraduate,No,Yes,64,74,46,83,61.33,Average,Pass,61.33,0-2 Hours,90-100%
S0373,18,Male,9,3.7,91,High School,No,No,80,35,49,65,54.67,Average,Pass,54.67,2-4 Hours,90-100%
S0374,19,Male,10,1.0,64,High School,No,Yes,72,54,37,70,54.33,Average,Pass,54.33,0-2 Hours,60-75%
S0375,16,Male,9,5.9,72,High School,No,No,59,83,47,81,63.0,Average,Pass,63.0,4-6 Hours,60-75%
S0376,15,Female,12,3.5,59,Postgraduate,No,Yes,56,64,40,54,53.33,Average,Pass,53.33,2-4 Hours,Below 60%
S0377,17,Female,9,3.6,51,Postgraduate,Yes,Yes,85,83,95,62,87.67,Excellent,Pass,87.67,2-4 Hours,Below 60%
S0378,15,Female,9,3.6,85,High School,No,Yes,62,83,72,90,72.33,Good,Pass,72.33,2-4 Hours,75-90%
S0379,15,Female,9,5.6,98,High School,No,No,52,93,98,67,81.0,Excellent,Pass,81.0,4-6 Hours,90-100%
S0380,17,Female,11,3.0,100,Graduate,No,No,38,84,67,47,63.0,Average,Pass,63.0,2-4 Hours,90-100%
S0381,18,Male,9,2.3,80,Graduate,No,Yes,64,43,55,56,54.0,Average,Pass,54.0,2-4 Hours,75-90%
S0382,15,Male,10,1.9,78,Graduate,No,No,81,35,62,93,59.33,Average,Pass,59.33,0-2 Hours,75-90%
S0383,14,Female,9,5.6,85,High School,No,No,83,61,56,53,66.67,Good,Pass,66.67,4-6 Hours,75-90%
S0384,19,Female,11,1.4,75,Postgraduate,Yes,No,57,41,94,60,64.0,Average,Pass,64.0,0-2 Hours,60-75%
S0385,14,Female,11,5.7,94,Postgraduate,Yes,Yes,85,93,90,56,89.33,Excellent,Pass,89.33,4-6 Hours,90-100%
S0386,14,Male,10,1.4,73,High School,No,Yes,63,93,68,58,74.67,Good,Pass,74.67,0-2 Hours,60-75%
S0387,14,Male,10,4.6,94,Graduate,Yes,No,72,37,89,48,66.0,Good,Pass,66.0,4-6 Hours,90-100%
S0388,15,Female,11,0.9,55,Graduate,No,No,65,100,64,92,76.33,Good,Pass,76.33,0-2 Hours,Below 60%
S0389,16,Female,12,5.4,95,Graduate,No,Yes,44,56,86,95,62.0,Average,Pass,62.0,4-6 Hours,90-100%
S0390,19,Male,12,5.7,60,Postgraduate,Yes,Yes,76,91,36,45,67.67,Good,Pass,67.67,4-6 Hours,Below 60%
S0391,14,Female,10,4.6,71,Graduate,Yes,Yes,94,80,79,82,84.33,Excellent,Pass,84.33,4-6 Hours,60-75%
S0392,19,Female,12,5.4,61,Postgraduate,No,No,83,76,46,84,68.33,Good,Pass,68.33,4-6 Hours,60-75%
S0393,16,Female,10,3.8,100,Graduate,No,Yes,71,55,83,58,69.67,Good,Pass,69.67,2-4 Hours,90-100%
S0394,17,Male,9,4.7,72,High School,No,No,42,58,42,65,47.33,Poor,Fail,47.33,4-6 Hours,60-75%
S0395,18,Male,11,2.6,79,High School,Yes,Yes,63,65,52,72,60.0,Average,Pass,60.0,2-4 Hours,75-90%
S0396,16,Male,9,1.0,69,High School,No,Yes,98,81,43,93,74.0,Good,Pass,74.0,0-2 Hours,60-75%
S0397,18,Male,11,5.1,80,Graduate,No,Yes,42,37,44,42,41.0,Poor,Fail,41.0,4-6 Hours,75-90%
S0398,17,Male,12,3.5,64,Postgraduate,No,No,50,64,62,46,58.67,Average,Pass,58.67,2-4 Hours,60-75%
S0399,17,Female,11,5.5,54,Graduate,Yes,Yes,65,92,36,43,64.33,Average,Pass,64.33,4-6 Hours,Below 60%
S0400,16,Female,11,5.9,98,Graduate,Yes,No,84,100,45,42,76.33,Good,Pass,76.33,4-6 Hours,90-100%
S0401,15,Female,12,1.8,58,Graduate,No,Yes,89,38,48,75,58.33,Average,Pass,58.33,0-2 Hours,Below 60%
S0402,14,Male,10,2.5,56,Graduate,No,No,41,49,50,85,46.67,Poor,Fail,46.67,2-4 Hours,Below 60%
S0403,17,Male,10,3.7,59,Graduate,Yes,Yes,51,94,74,66,73.0,Good,Pass,73.0,2-4 Hours,Below 60%
S0404,14,Male,12,5.5,52,Graduate,No,Yes,58,63,47,59,56.0,Average,Pass,56.0,4-6 Hours,Below 60%
S0405,18,Male,12,5.4,77,Postgraduate,Yes,No,54,36,73,79,54.33,Average,Pass,54.33,4-6 Hours,75-90%
S0406,15,Female,9,2.2,63,Postgraduate,Yes,No,89,87,95,40,90.33,Excellent,Pass,90.33,2-4 Hours,60-75%
S0407,16,Female,10,3.0,68,Postgraduate,Yes,No,81,52,38,73,57.0,Average,Pass,57.0,2-4 Hours,60-75%
S0408,19,Male,9,3.0,78,High School,Yes,No,44,83,95,55,74.0,Good,Pass,74.0,2-4 Hours,75-90%
S0409,17,Female,10,5.1,61,High School,No,No,61,82,84,48,75.67,Good,Pass,75.67,4-6 Hours,60-75%
S0410,18,Female,10,4.4,93,Postgraduate,Yes,No,71,88,47,74,68.67,Good,Pass,68.67,4-6 Hours,90-100%
S0411,19,Female,10,1.6,53,Postgraduate,Yes,No,74,77,41,82,64.0,Average,Pass,64.0,0-2 Hours,Below 60%
S0412,19,Male,10,0.6,87,Graduate,No,Yes,62,37,87,40,62.0,Average,Pass,62.0,0-2 Hours,75-90%
S0413,15,Male,11,4.0,92,Graduate,No,Yes,92,86,63,65,80.33,Good,Pass,80.33,2-4 Hours,90-100%
S0414,17,Male,12,4.0,65,Postgraduate,No,No,93,69,86,52,82.67,Excellent,Pass,82.67,2-4 Hours,60-75%
S0415,15,Male,10,3.5,72,Postgraduate,No,No,92,66,52,80,70.0,Good,Pass,70.0,2-4 Hours,60-75%
S0416,16,Female,10,3.3,93,Postgraduate,Yes,Yes,62,47,64,48,57.67,Average,Pass,57.67,2-4 Hours,90-100%
S0417,17,Female,10,3.4,64,Postgraduate,No,Yes,68,45,43,79,52.0,Average,Pass,52.0,2-4 Hours,60-75%
S0418,14,Male,12,4.4,58,High School,Yes,No,49,87,74,47,70.0,Good,Pass,70.0,4-6 Hours,Below 60%
S0419,16,Female,11,5.9,68,Postgraduate,No,No,42,92,61,65,65.0,Average,Pass,65.0,4-6 Hours,60-75%
S0420,16,Female,12,5.6,77,Graduate,No,Yes,79,43,59,91,60.33,Average,Pass,60.33,4-6 Hours,75-90%
S0421,16,Female,11,0.6,94,High School,No,Yes,67,77,95,94,79.67,Good,Pass,79.67,0-2 Hours,90-100%
S0422,17,Male,11,2.5,80,Graduate,Yes,No,87,55,75,81,72.33,Good,Pass,72.33,2-4 Hours,75-90%
S0423,18,Female,11,5.1,70,Postgraduate,No,No,50,88,80,57,72.67,Good,Pass,72.67,4-6 Hours,60-75%
S0424,15,Male,11,2.2,88,High School,Yes,No,47,42,35,47,41.33,Poor,Fail,41.33,2-4 Hours,75-90%
S0425,19,Female,9,5.1,74,Graduate,No,No,76,59,87,44,74.0,Good,Pass,74.0,4-6 Hours,60-75%
S0426,15,Female,9,5.0,90,Graduate,Yes,Yes,79,91,45,79,71.67,Good,Pass,71.67,4-6 Hours,75-90%
S0427,19,Female,11,1.3,56,Graduate,Yes,No,36,62,65,68,54.33,Average,Pass,54.33,0-2 Hours,Below 60%
S0428,17,Female,12,3.0,67,Graduate,No,Yes,87,37,73,58,65.67,Average,Pass,65.67,2-4 Hours,60-75%
S0429,16,Male,9,1.2,50,Postgraduate,No,No,80,47,90,45,72.33,Good,Pass,72.33,0-2 Hours,Below 60%
S0430,15,Female,12,5.4,73,Postgraduate,No,Yes,69,53,35,72,52.33,Average,Pass,52.33,4-6 Hours,60-75%
S0431,15,Female,10,0.6,78,High School,Yes,No,98,80,69,40,82.33,Excellent,Pass,82.33,0-2 Hours,75-90%
S0432,16,Male,11,3.5,75,High School,No,Yes,55,50,89,78,64.67,Average,Pass,64.67,2-4 Hours,60-75%
S0433,18,Male,11,2.9,56,Graduate,No,Yes,41,69,41,95,50.33,Average,Pass,50.33,2-4 Hours,Below 60%
S0434,18,Female,9,3.7,100,High School,No,No,91,58,64,61,71.0,Good,Pass,71.0,2-4 Hours,90-100%
S0435,17,Female,12,4.2,99,Graduate,No,Yes,77,79,45,55,67.0,Good,Pass,67.0,4-6 Hours,90-100%
S0436,15,Male,9,3.2,58,High School,No,No,82,83,79,80,81.33,Excellent,Pass,81.33,2-4 Hours,Below 60%
S0437,19,Male,9,1.3,62,Postgraduate,No,Yes,68,37,55,44,53.33,Average,Pass,53.33,0-2 Hours,60-75%
S0438,17,Female,10,0.6,96,Postgraduate,No,No,40,38,59,85,45.67,Poor,Fail,45.67,0-2 Hours,90-100%
S0439,14,Male,10,2.8,57,Graduate,Yes,No,91,48,37,63,58.67,Average,Pass,58.67,2-4 Hours,Below 60%
S0440,19,Female,11,1.5,77,High School,No,No,88,77,52,59,72.33,Good,Pass,72.33,0-2 Hours,75-90%
S0441,16,Male,9,0.5,86,High School,No,No,74,52,83,45,69.67,Good,Pass,69.67,0-2 Hours,75-90%
S0442,18,Female,11,5.8,92,Graduate,Yes,No,82,69,91,57,80.67,Good,Pass,80.67,4-6 Hours,90-100%
S0443,18,Male,9,4.8,64,Graduate,Yes,Yes,68,77,67,46,70.67,Good,Pass,70.67,4-6 Hours,60-75%
S0444,15,Female,10,0.8,72,Graduate,Yes,No,54,42,78,67,58.0,Average,Pass,58.0,0-2 Hours,60-75%
S0445,14,Male,10,1.8,92,Graduate,No,No,97,62,69,74,76.0,Good,Pass,76.0,0-2 Hours,90-100%
S0446,14,Female,11,4.4,87,High School,No,No,36,70,47,54,51.0,Average,Pass,51.0,4-6 Hours,75-90%
S0447,19,Male,10,3.1,91,Graduate,Yes,No,96,45,60,67,67.0,Good,Pass,67.0,2-4 Hours,90-100%
S0448,18,Female,11,2.1,65,Postgraduate,Yes,No,46,36,89,47,57.0,Average,Pass,57.0,2-4 Hours,60-75%
S0449,18,Male,12,1.4,90,High School,Yes,Yes,94,52,80,94,75.33,Good,Pass,75.33,0-2 Hours,75-90%
S0450,15,Female,12,2.9,74,Postgraduate,No,Yes,74,90,86,73,83.33,Excellent,Pass,83.33,2-4 Hours,60-75%
S0451,14,Male,10,3.0,58,Postgraduate,Yes,Yes,80,49,61,52,63.33,Average,Pass,63.33,2-4 Hours,Below 60%
S0452,16,Male,9,3.6,56,Postgraduate,Yes,No,55,47,87,84,63.0,Average,Pass,63.0,2-4 Hours,Below 60%
S0453,16,Female,10,3.7,95,Postgraduate,No,No,72,59,41,95,57.33,Average,Pass,57.33,2-4 Hours,90-100%
S0454,17,Male,9,0.9,68,Graduate,No,No,60,87,74,61,73.67,Good,Pass,73.67,0-2 Hours,60-75%
S0455,17,Female,12,2.5,88,Graduate,Yes,Yes,94,92,66,43,84.0,Excellent,Pass,84.0,2-4 Hours,75-90%
S0456,18,Female,9,2.0,85,Graduate,No,No,52,46,64,71,54.0,Average,Pass,54.0,0-2 Hours,75-90%
S0457,16,Female,12,2.9,95,Postgraduate,Yes,No,39,37,55,62,43.67,Poor,Fail,43.67,2-4 Hours,90-100%
S0458,15,Female,10,2.0,64,Postgraduate,Yes,No,60,78,97,69,78.33,Good,Pass,78.33,0-2 Hours,60-75%
S0459,14,Female,10,1.1,84,Graduate,Yes,Yes,76,61,91,44,76.0,Good,Pass,76.0,0-2 Hours,75-90%
S0460,14,Female,9,3.3,72,Postgraduate,Yes,Yes,84,83,36,91,67.67,Good,Pass,67.67,2-4 Hours,60-75%
S0461,18,Female,12,3.2,61,Graduate,No,No,48,36,80,85,54.67,Average,Pass,54.67,2-4 Hours,60-75%
S0462,17,Female,10,3.4,92,High School,No,No,65,86,55,93,68.67,Good,Pass,68.67,2-4 Hours,90-100%
S0463,14,Male,9,2.3,63,High School,No,No,52,72,93,95,72.33,Good,Pass,72.33,2-4 Hours,60-75%
S0464,19,Female,9,5.9,58,Graduate,Yes,No,89,70,68,87,75.67,Good,Pass,75.67,4-6 Hours,Below 60%
S0465,18,Male,9,3.1,91,Postgraduate,No,No,57,55,68,57,60.0,Average,Pass,60.0,2-4 Hours,90-100%
S0466,17,Male,12,2.6,87,High School,Yes,No,75,91,58,70,74.67,Good,Pass,74.67,2-4 Hours,75-90%
S0467,17,Female,12,3.9,96,Graduate,No,No,92,80,88,49,86.67,Excellent,Pass,86.67,2-4 Hours,90-100%
S0468,14,Male,12,3.4,59,High School,Yes,No,64,98,56,84,72.67,Good,Pass,72.67,2-4 Hours,Below 60%
S0469,17,Female,11,2.5,91,Graduate,Yes,Yes,86,55,97,80,79.33,Good,Pass,79.33,2-4 Hours,90-100%
S0470,18,Female,10,3.8,84,Postgraduate,No,No,85,63,95,45,81.0,Excellent,Pass,81.0,2-4 Hours,75-90%
S0471,16,Male,11,5.3,74,Postgraduate,No,No,94,66,94,80,84.67,Excellent,Pass,84.67,4-6 Hours,60-75%
S0472,18,Male,10,0.8,74,Graduate,No,Yes,64,57,91,93,70.67,Good,Pass,70.67,0-2 Hours,60-75%
S0473,17,Female,12,4.8,74,Graduate,Yes,Yes,54,56,65,44,58.33,Average,Pass,58.33,4-6 Hours,60-75%
S0474,19,Male,12,5.8,89,Graduate,No,Yes,75,94,63,63,77.33,Good,Pass,77.33,4-6 Hours,75-90%
S0475,14,Male,11,2.8,85,Postgraduate,Yes,Yes,91,50,86,49,75.67,Good,Pass,75.67,2-4 Hours,75-90%
S0476,15,Female,10,6.0,86,Graduate,No,Yes,46,51,70,76,55.67,Average,Pass,55.67,4-6 Hours,75-90%
S0477,15,Female,12,2.3,56,Graduate,Yes,Yes,46,86,83,93,71.67,Good,Pass,71.67,2-4 Hours,Below 60%
S0478,19,Male,10,3.9,52,Postgraduate,Yes,Yes,70,73,97,65,80.0,Good,Pass,80.0,2-4 Hours,Below 60%
S0479,14,Male,11,5.8,54,High School,Yes,No,96,94,44,85,78.0,Good,Pass,78.0,4-6 Hours,Below 60%
S0480,19,Female,11,4.6,63,High School,No,Yes,80,100,37,93,72.33,Good,Pass,72.33,4-6 Hours,60-75%
S0481,16,Male,9,5.2,68,Graduate,Yes,No,36,75,93,93,68.0,Good,Pass,68.0,4-6 Hours,60-75%
S0482,18,Male,10,0.8,97,Graduate,Yes,Yes,59,80,82,60,73.67,Good,Pass,73.67,0-2 Hours,90-100%
S0483,16,Female,10,5.6,78,Postgraduate,No,No,91,62,100,76,84.33,Excellent,Pass,84.33,4-6 Hours,75-90%
S0484,18,Female,9,2.6,60,Postgraduate,No,No,49,66,72,89,62.33,Average,Pass,62.33,2-4 Hours,Below 60%
S0485,15,Male,12,4.9,94,Graduate,Yes,No,49,43,37,50,43.0,Poor,Fail,43.0,4-6 Hours,90-100%
S0486,18,Female,9,5.6,60,Graduate,No,Yes,67,54,70,40,63.67,Average,Pass,63.67,4-6 Hours,Below 60%
S0487,18,Male,12,4.2,76,Graduate,No,Yes,41,43,59,83,47.67,Poor,Fail,47.67,4-6 Hours,75-90%
S0488,18,Female,9,0.6,72,Postgraduate,No,No,65,90,48,73,67.67,Good,Pass,67.67,0-2 Hours,60-75%
S0489,15,Male,11,3.1,94,Graduate,No,No,40,39,45,51,41.33,Poor,Fail,41.33,2-4 Hours,90-100%
S0490,19,Female,12,4.1,85,Postgraduate,No,Yes,79,74,65,58,72.67,Good,Pass,72.67,4-6 Hours,75-90%
S0491,14,Male,9,4.8,70,Postgraduate,Yes,No,83,69,48,43,66.67,Good,Pass,66.67,4-6 Hours,60-75%
S0492,17,Female,11,0.7,50,Postgraduate,No,No,50,87,88,51,75.0,Good,Pass,75.0,0-2 Hours,Below 60%
S0493,16,Male,9,5.9,90,Postgraduate,Yes,Yes,60,95,71,71,75.33,Good,Pass,75.33,4-6 Hours,75-90%
S0494,17,Female,11,3.8,57,Graduate,Yes,Yes,75,37,75,57,62.33,Average,Pass,62.33,2-4 Hours,Below 60%
S0495,18,Female,11,2.6,83,High School,Yes,Yes,80,55,85,67,73.33,Good,Pass,73.33,2-4 Hours,75-90%
S0496,14,Male,12,5.7,95,Graduate,Yes,No,64,79,96,58,79.67,Good,Pass,79.67,4-6 Hours,90-100%
S0497,16,Female,10,3.2,76,Graduate,No,No,100,46,63,94,69.67,Good,Pass,69.67,2-4 Hours,75-90%
S0498,17,Male,11,6.0,91,High School,No,No,46,91,71,46,69.33,Good,Pass,69.33,4-6 Hours,90-100%
S0499,17,Female,10,1.4,53,Graduate,Yes,Yes,88,43,99,70,76.67,Good,Pass,76.67,0-2 Hours,Below 60%
S0500,18,Female,9,5.8,99,High School,No,No,53,72,99,51,74.67,Good,Pass,74.67,4-6 Hours,90-100%
S0501,15,Male,12,4.7,99,Postgraduate,Yes,Yes,40,100,76,84,72.0,Good,Pass,72.0,4-6 Hours,90-100%
S0502,14,Male,12,1.7,70,High School,No,Yes,65,79,73,91,72.33,Good,Pass,72.33,0-2 Hours,60-75%
S0503,18,Male,12,0.7,78,High School,No,No,82,44,97,70,74.33,Good,Pass,74.33,0-2 Hours,75-90%
S0504,18,Male,11,4.0,78,Graduate,No,No,96,49,54,79,66.33,Good,Pass,66.33,2-4 Hours,75-90%
S0505,16,Male,10,3.9,86,High School,No,Yes,48,92,63,78,67.67,Good,Pass,67.67,2-4 Hours,75-90%
S0506,18,Female,12,2.3,83,High School,Yes,No,76,88,79,87,81.0,Excellent,Pass,81.0,2-4 Hours,75-90%
S0507,15,Male,10,1.4,86,Graduate,No,Yes,50,42,91,66,61.0,Average,Pass,61.0,0-2 Hours,75-90%
S0508,19,Male,12,2.4,80,High School,Yes,Yes,63,98,46,53,69.0,Good,Pass,69.0,2-4 Hours,75-90%
S0509,15,Male,10,0.6,68,Graduate,No,No,38,99,86,71,74.33,Good,Pass,74.33,0-2 Hours,60-75%
S0510,16,Male,12,0.6,66,Postgraduate,Yes,Yes,97,59,91,77,82.33,Excellent,Pass,82.33,0-2 Hours,60-75%
S0511,19,Male,11,4.4,51,Graduate,No,Yes,57,56,88,46,67.0,Good,Pass,67.0,4-6 Hours,Below 60%
S0512,14,Female,10,4.9,97,High School,Yes,Yes,67,67,37,89,57.0,Average,Pass,57.0,4-6 Hours,90-100%
S0513,17,Male,11,4.8,60,Postgraduate,No,Yes,70,78,55,93,67.67,Good,Pass,67.67,4-6 Hours,Below 60%
S0514,14,Male,10,2.1,66,Postgraduate,Yes,Yes,55,61,49,70,55.0,Average,Pass,55.0,2-4 Hours,60-75%
S0515,19,Male,12,5.7,96,High School,Yes,Yes,77,80,61,62,72.67,Good,Pass,72.67,4-6 Hours,90-100%
S0516,19,Female,11,2.0,69,Graduate,No,Yes,53,56,96,45,68.33,Good,Pass,68.33,0-2 Hours,60-75%
S0517,19,Male,10,3.5,95,Postgraduate,Yes,No,51,89,57,53,65.67,Average,Pass,65.67,2-4 Hours,90-100%
S0518,14,Male,10,3.2,52,Graduate,No,Yes,64,38,86,48,62.67,Average,Pass,62.67,2-4 Hours,Below 60%
S0519,18,Female,11,4.2,57,Postgraduate,No,No,79,57,38,78,58.0,Average,Pass,58.0,4-6 Hours,Below 60%
S0520,14,Male,10,4.2,93,Postgraduate,Yes,No,73,86,70,93,76.33,Good,Pass,76.33,4-6 Hours,90-100%
S0521,15,Female,12,4.4,97,Graduate,Yes,No,80,77,40,58,65.67,Average,Pass,65.67,4-6 Hours,90-100%
S0522,18,Male,11,4.1,100,Postgraduate,Yes,Yes,87,94,99,51,93.33,Excellent,Pass,93.33,4-6 Hours,90-100%
S0523,14,Male,10,5.2,90,High School,Yes,No,98,38,38,65,58.0,Average,Pass,58.0,4-6 Hours,75-90%
S0524,19,Male,9,0.6,85,Graduate,Yes,No,81,92,85,69,86.0,Excellent,Pass,86.0,0-2 Hours,75-90%
S0525,17,Female,12,3.3,80,Postgraduate,No,Yes,86,45,47,48,59.33,Average,Pass,59.33,2-4 Hours,75-90%
S0526,14,Male,11,1.3,66,Graduate,Yes,Yes,50,88,71,58,69.67,Good,Pass,69.67,0-2 Hours,60-75%
S0527,17,Male,10,1.7,63,High School,No,Yes,76,69,73,84,72.67,Good,Pass,72.67,0-2 Hours,60-75%
S0528,18,Male,12,0.6,67,Postgraduate,No,No,73,45,86,85,68.0,Good,Pass,68.0,0-2 Hours,60-75%
S0529,17,Female,11,2.9,65,High School,Yes,Yes,38,62,41,48,47.0,Poor,Fail,47.0,2-4 Hours,60-75%
S0530,14,Male,11,1.9,69,High School,Yes,Yes,59,99,48,59,68.67,Good,Pass,68.67,0-2 Hours,60-75%
S0531,19,Male,9,1.9,67,Postgraduate,No,No,70,98,43,53,70.33,Good,Pass,70.33,0-2 Hours,60-75%
S0532,17,Female,11,5.7,57,Postgraduate,No,No,82,70,84,87,78.67,Good,Pass,78.67,4-6 Hours,Below 60%
S0533,19,Female,11,2.9,97,Graduate,No,Yes,86,49,75,95,70.0,Good,Pass,70.0,2-4 Hours,90-100%
S0534,15,Male,10,1.5,78,Graduate,Yes,Yes,36,45,74,67,51.67,Average,Pass,51.67,0-2 Hours,75-90%
S0535,19,Male,10,2.3,70,Postgraduate,No,No,60,84,92,44,78.67,Good,Pass,78.67,2-4 Hours,60-75%
S0536,14,Male,9,4.5,70,Postgraduate,Yes,Yes,48,48,60,82,52.0,Average,Pass,52.0,4-6 Hours,60-75%
S0537,18,Female,12,4.4,69,Graduate,Yes,Yes,88,63,92,79,81.0,Excellent,Pass,81.0,4-6 Hours,60-75%
S0538,18,Male,9,5.3,53,High School,No,No,58,57,76,52,63.67,Average,Pass,63.67,4-6 Hours,Below 60%
S0539,18,Female,12,5.1,58,High School,Yes,No,75,83,77,95,78.33,Good,Pass,78.33,4-6 Hours,Below 60%
S0540,19,Male,12,5.7,56,Postgraduate,No,No,67,77,66,50,70.0,Good,Pass,70.0,4-6 Hours,Below 60%
S0541,17,Female,10,5.8,68,Graduate,No,No,54,46,52,79,50.67,Average,Pass,50.67,4-6 Hours,60-75%
S0542,18,Male,9,2.8,81,Graduate,No,Yes,98,65,87,62,83.33,Excellent,Pass,83.33,2-4 Hours,75-90%
S0543,14,Female,12,0.7,57,High School,No,Yes,95,60,66,52,73.67,Good,Pass,73.67,0-2 Hours,Below 60%
S0544,19,Male,10,5.4,91,Postgraduate,No,Yes,70,76,42,48,62.67,Average,Pass,62.67,4-6 Hours,90-100%
S0545,19,Female,12,1.8,82,Postgraduate,No,No,44,66,95,84,68.33,Good,Pass,68.33,0-2 Hours,75-90%
S0546,18,Female,9,1.4,86,High School,No,No,92,76,41,52,69.67,Good,Pass,69.67,0-2 Hours,75-90%
S0547,17,Female,12,3.4,51,Postgraduate,Yes,No,79,87,44,70,70.0,Good,Pass,70.0,2-4 Hours,Below 60%
S0548,15,Female,10,2.7,84,High School,No,No,46,85,58,42,63.0,Average,Pass,63.0,2-4 Hours,75-90%
S0549,14,Female,9,1.7,98,Graduate,Yes,Yes,91,43,100,50,78.0,Good,Pass,78.0,0-2 Hours,90-100%
S0550,15,Male,9,4.4,60,Graduate,No,No,39,59,52,79,50.0,Average,Pass,50.0,4-6 Hours,Below 60%
S0551,15,Female,10,2.3,90,Postgraduate,No,Yes,62,57,50,81,56.33,Average,Pass,56.33,2-4 Hours,75-90%
S0552,17,Male,11,3.1,89,Graduate,No,Yes,100,41,69,65,70.0,Good,Pass,70.0,2-4 Hours,75-90%
S0553,16,Female,12,1.0,86,Postgraduate,Yes,Yes,48,58,50,77,52.0,Average,Pass,52.0,0-2 Hours,75-90%
S0554,14,Male,9,4.0,70,High School,Yes,No,56,45,45,95,48.67,Poor,Fail,48.67,2-4 Hours,60-75%
S0555,19,Male,12,1.2,51,Graduate,No,No,87,47,84,59,72.67,Good,Pass,72.67,0-2 Hours,Below 60%
S0556,16,Male,12,3.8,58,Graduate,No,Yes,90,52,61,75,67.67,Good,Pass,67.67,2-4 Hours,Below 60%
S0557,16,Male,9,3.1,73,High School,Yes,Yes,37,42,40,45,39.67,Poor,Fail,39.67,2-4 Hours,60-75%
S0558,17,Male,9,4.1,89,Postgraduate,No,Yes,91,38,61,80,63.33,Average,Pass,63.33,4-6 Hours,75-90%
S0559,19,Male,12,5.4,79,Postgraduate,No,No,93,52,51,81,65.33,Average,Pass,65.33,4-6 Hours,75-90%
S0560,16,Male,11,3.4,85,Graduate,No,Yes,68,75,43,65,62.0,Average,Pass,62.0,2-4 Hours,75-90%
S0561,14,Male,12,4.0,52,High School,Yes,Yes,65,94,55,83,71.33,Good,Pass,71.33,2-4 Hours,Below 60%
S0562,16,Female,11,4.4,65,Graduate,No,Yes,71,67,74,45,70.67,Good,Pass,70.67,4-6 Hours,60-75%
S0563,17,Male,11,4.2,76,Graduate,No,No,38,57,79,68,58.0,Average,Pass,58.0,4-6 Hours,75-90%
S0564,14,Female,10,3.1,77,High School,No,No,80,96,43,62,73.0,Good,Pass,73.0,2-4 Hours,75-90%
S0565,18,Male,12,5.6,60,Graduate,Yes,No,84,46,87,61,72.33,Good,Pass,72.33,4-6 Hours,Below 60%
S0566,17,Male,10,3.3,84,Graduate,Yes,No,94,37,37,75,56.0,Average,Pass,56.0,2-4 Hours,75-90%
S0567,15,Male,9,1.4,95,Postgraduate,Yes,Yes,47,61,39,46,49.0,Poor,Fail,49.0,0-2 Hours,90-100%
S0568,15,Male,10,2.6,99,Postgraduate,No,Yes,47,54,81,74,60.67,Average,Pass,60.67,2-4 Hours,90-100%
S0569,18,Male,12,4.9,92,Postgraduate,No,No,67,44,71,43,60.67,Average,Pass,60.67,4-6 Hours,90-100%
S0570,17,Male,9,4.4,82,High School,No,No,80,59,80,79,73.0,Good,Pass,73.0,4-6 Hours,75-90%
S0571,19,Female,10,0.9,72,High School,No,No,65,90,99,45,84.67,Excellent,Pass,84.67,0-2 Hours,60-75%
S0572,17,Male,9,2.1,66,High School,No,No,77,68,96,72,80.33,Good,Pass,80.33,2-4 Hours,60-75%
S0573,15,Female,9,4.1,65,High School,No,Yes,99,38,73,42,70.0,Good,Pass,70.0,4-6 Hours,60-75%
S0574,16,Female,10,4.4,53,Postgraduate,No,No,99,62,89,75,83.33,Excellent,Pass,83.33,4-6 Hours,Below 60%
S0575,15,Male,12,5.7,83,Postgraduate,No,Yes,46,49,92,46,62.33,Average,Pass,62.33,4-6 Hours,75-90%
S0576,18,Male,11,1.8,88,Postgraduate,Yes,Yes,71,99,49,43,73.0,Good,Pass,73.0,0-2 Hours,75-90%
S0577,19,Male,12,4.6,52,Graduate,No,No,62,41,96,53,66.33,Good,Pass,66.33,4-6 Hours,Below 60%
S0578,19,Male,9,1.2,65,Postgraduate,No,No,44,38,99,91,60.33,Average,Pass,60.33,0-2 Hours,60-75%
S0579,18,Female,10,5.9,66,Postgraduate,Yes,Yes,63,47,77,51,62.33,Average,Pass,62.33,4-6 Hours,60-75%
S0580,16,Female,9,4.8,82,Graduate,Yes,No,81,74,74,92,76.33,Good,Pass,76.33,4-6 Hours,75-90%
S0581,15,Female,12,2.5,75,Graduate,No,No,46,97,41,49,61.33,Average,Pass,61.33,2-4 Hours,60-75%
S0582,15,Female,10,2.4,98,High School,Yes,Yes,49,93,94,45,78.67,Good,Pass,78.67,2-4 Hours,90-100%
S0583,17,Male,11,2.9,63,Postgraduate,No,No,96,93,44,85,77.67,Good,Pass,77.67,2-4 Hours,60-75%
S0584,16,Male,9,4.8,98,Postgraduate,No,No,100,74,45,92,73.0,Good,Pass,73.0,4-6 Hours,90-100%
S0585,17,Female,11,3.4,68,High School,Yes,No,72,80,46,59,66.0,Good,Pass,66.0,2-4 Hours,60-75%
S0586,16,Male,10,4.4,50,High School,No,No,80,39,41,66,53.33,Average,Pass,53.33,4-6 Hours,Below 60%
S0587,16,Female,11,5.0,80,Graduate,No,No,81,53,53,52,62.33,Average,Pass,62.33,4-6 Hours,75-90%
S0588,14,Male,10,2.5,71,Graduate,Yes,No,60,88,87,54,78.33,Good,Pass,78.33,2-4 Hours,60-75%
S0589,19,Male,11,1.6,75,High School,No,No,56,56,36,85,49.33,Poor,Fail,49.33,0-2 Hours,60-75%
S0590,14,Male,10,2.4,86,Postgraduate,Yes,No,99,42,36,80,59.0,Average,Pass,59.0,2-4 Hours,75-90%
S0591,15,Female,10,4.0,100,High School,Yes,No,44,91,56,50,63.67,Average,Pass,63.67,2-4 Hours,90-100%
S0592,18,Female,11,4.8,78,Graduate,Yes,Yes,88,64,63,89,71.67,Good,Pass,71.67,4-6 Hours,75-90%
S0593,15,Male,10,5.9,76,Postgraduate,No,Yes,71,98,40,55,69.67,Good,Pass,69.67,4-6 Hours,75-90%
S0594,17,Male,10,5.5,79,High School,No,Yes,68,45,77,95,63.33,Average,Pass,63.33,4-6 Hours,75-90%
S0595,14,Male,9,3.2,91,High School,No,Yes,84,55,47,67,62.0,Average,Pass,62.0,2-4 Hours,90-100%
S0596,14,Male,9,4.1,62,Postgraduate,No,No,52,72,85,87,69.67,Good,Pass,69.67,4-6 Hours,60-75%
S0597,18,Female,12,3.2,68,Postgraduate,No,No,58,94,78,70,76.67,Good,Pass,76.67,2-4 Hours,60-75%
S0598,17,Female,10,3.6,56,High School,Yes,Yes,98,43,52,68,64.33,Average,Pass,64.33,2-4 Hours,Below 60%
S0599,16,Female,10,1.7,83,High School,Yes,Yes,87,58,59,73,68.0,Good,Pass,68.0,0-2 Hours,75-90%
S0600,17,Male,11,2.5,75,Postgraduate,Yes,No,65,36,35,54,45.33,Poor,Fail,45.33,2-4 Hours,60-75%
S0601,17,Female,12,5.0,69,Graduate,Yes,No,96,41,72,64,69.67,Good,Pass,69.67,4-6 Hours,60-75%
S0602,16,Male,9,1.6,72,High School,No,Yes,59,54,48,44,53.67,Average,Pass,53.67,0-2 Hours,60-75%
S0603,17,Male,11,4.1,68,Postgraduate,No,No,47,37,35,79,39.67,Poor,Fail,39.67,4-6 Hours,60-75%
S0604,15,Male,9,1.1,88,Graduate,Yes,Yes,59,66,71,63,65.33,Average,Pass,65.33,0-2 Hours,75-90%
S0605,14,Female,12,0.9,72,Postgraduate,No,Yes,77,60,43,71,60.0,Average,Pass,60.0,0-2 Hours,60-75%
S0606,19,Male,9,4.4,66,High School,Yes,Yes,38,71,79,90,62.67,Average,Pass,62.67,4-6 Hours,60-75%
S0607,14,Male,11,4.3,93,High School,No,Yes,42,90,88,50,73.33,Good,Pass,73.33,4-6 Hours,90-100%
S0608,15,Female,12,4.9,78,Postgraduate,No,No,91,82,63,76,78.67,Good,Pass,78.67,4-6 Hours,75-90%
S0609,16,Male,11,4.5,84,Postgraduate,Yes,Yes,100,83,42,77,75.0,Good,Pass,75.0,4-6 Hours,75-90%
S0610,16,Male,11,3.8,90,Postgraduate,Yes,No,74,95,67,45,78.67,Good,Pass,78.67,2-4 Hours,75-90%
S0611,18,Female,12,1.3,56,Graduate,Yes,No,53,45,35,52,44.33,Poor,Fail,44.33,0-2 Hours,Below 60%
S0612,19,Male,12,5.7,79,High School,Yes,No,84,89,97,47,90.0,Excellent,Pass,90.0,4-6 Hours,75-90%
S0613,18,Male,10,2.0,79,Graduate,No,Yes,100,87,82,94,89.67,Excellent,Pass,89.67,0-2 Hours,75-90%
S0614,19,Male,12,5.3,63,Graduate,Yes,Yes,83,48,71,48,67.33,Good,Pass,67.33,4-6 Hours,60-75%
S0615,14,Female,11,4.2,60,High School,No,Yes,45,68,65,78,59.33,Average,Pass,59.33,4-6 Hours,Below 60%
S0616,19,Female,11,1.1,64,Postgraduate,Yes,No,41,53,46,77,46.67,Poor,Fail,46.67,0-2 Hours,60-75%
S0617,15,Male,9,2.9,97,Postgraduate,No,No,45,47,43,57,45.0,Poor,Fail,45.0,2-4 Hours,90-100%
S0618,18,Male,10,4.2,98,High School,Yes,No,67,97,36,88,66.67,Good,Pass,66.67,4-6 Hours,90-100%
S0619,16,Female,12,5.1,76,Postgraduate,Yes,No,78,45,42,48,55.0,Average,Pass,55.0,4-6 Hours,75-90%
S0620,18,Male,11,5.1,51,Postgraduate,Yes,No,72,69,58,92,66.33,Good,Pass,66.33,4-6 Hours,Below 60%
S0621,18,Female,11,3.5,91,Graduate,No,No,66,39,47,75,50.67,Average,Pass,50.67,2-4 Hours,90-100%
S0622,15,Male,10,3.4,60,High School,Yes,No,38,69,43,79,50.0,Average,Pass,50.0,2-4 Hours,Below 60%
S0623,15,Female,12,2.9,100,Postgraduate,Yes,No,42,42,36,57,40.0,Poor,Fail,40.0,2-4 Hours,90-100%
S0624,17,Male,10,1.7,77,Postgraduate,Yes,Yes,57,71,80,76,69.33,Good,Pass,69.33,0-2 Hours,75-90%
S0625,15,Male,10,5.7,53,Graduate,No,Yes,70,81,50,47,67.0,Good,Pass,67.0,4-6 Hours,Below 60%
S0626,16,Female,9,3.1,75,Graduate,No,No,87,53,85,43,75.0,Good,Pass,75.0,2-4 Hours,60-75%
S0627,19,Female,11,1.5,62,Graduate,Yes,No,80,58,55,81,64.33,Average,Pass,64.33,0-2 Hours,60-75%
S0628,14,Female,11,5.5,80,Postgraduate,No,Yes,50,93,77,80,73.33,Good,Pass,73.33,4-6 Hours,75-90%
S0629,14,Male,12,2.4,93,High School,No,Yes,71,91,41,87,67.67,Good,Pass,67.67,2-4 Hours,90-100%
S0630,18,Male,12,1.2,96,Postgraduate,No,No,39,81,79,51,66.33,Good,Pass,66.33,0-2 Hours,90-100%
S0631,16,Male,12,3.4,68,High School,No,Yes,54,57,77,46,62.67,Average,Pass,62.67,2-4 Hours,60-75%
S0632,18,Male,10,0.6,80,High School,Yes,Yes,51,84,42,55,59.0,Average,Pass,59.0,0-2 Hours,75-90%
S0633,19,Female,12,2.2,91,High School,Yes,No,59,44,45,80,49.33,Poor,Fail,49.33,2-4 Hours,90-100%
S0634,15,Male,11,5.3,75,Graduate,No,No,37,44,85,83,55.33,Average,Pass,55.33,4-6 Hours,60-75%
S0635,19,Female,10,5.5,68,Graduate,No,Yes,93,52,48,94,64.33,Average,Pass,64.33,4-6 Hours,60-75%
S0636,19,Male,10,4.9,93,Graduate,Yes,No,58,55,39,71,50.67,Average,Pass,50.67,4-6 Hours,90-100%
S0637,14,Female,9,3.1,50,Postgraduate,No,No,85,93,77,68,85.0,Excellent,Pass,85.0,2-4 Hours,Below 60%
S0638,15,Male,10,0.7,51,Postgraduate,No,No,73,46,75,65,64.67,Average,Pass,64.67,0-2 Hours,Below 60%
S0639,18,Male,10,2.2,92,Graduate,Yes,No,78,45,61,68,61.33,Average,Pass,61.33,2-4 Hours,90-100%
S0640,16,Male,9,3.9,52,Postgraduate,No,No,69,86,92,73,82.33,Excellent,Pass,82.33,2-4 Hours,Below 60%
S0641,19,Male,12,5.4,66,Postgraduate,Yes,Yes,59,93,38,87,63.33,Average,Pass,63.33,4-6 Hours,60-75%
S0642,16,Female,11,0.9,54,Graduate,No,No,92,79,67,47,79.33,Good,Pass,79.33,0-2 Hours,Below 60%
S0643,17,Male,9,1.0,71,Postgraduate,Yes,Yes,91,61,85,51,79.0,Good,Pass,79.0,0-2 Hours,60-75%
S0644,18,Male,10,3.4,61,Postgraduate,Yes,Yes,96,83,99,70,92.67,Excellent,Pass,92.67,2-4 Hours,60-75%
S0645,15,Male,10,2.4,81,Postgraduate,No,No,74,68,81,68,74.33,Good,Pass,74.33,2-4 Hours,75-90%
S0646,19,Female,10,2.0,59,Postgraduate,Yes,Yes,66,88,48,57,67.33,Good,Pass,67.33,0-2 Hours,Below 60%
S0647,14,Male,12,1.2,55,Graduate,Yes,No,52,43,91,41,62.0,Average,Pass,62.0,0-2 Hours,Below 60%
S0648,14,Male,12,5.7,100,High School,No,Yes,61,56,50,80,55.67,Average,Pass,55.67,4-6 Hours,90-100%
S0649,14,Female,9,4.6,64,Graduate,Yes,No,61,69,62,71,64.0,Average,Pass,64.0,4-6 Hours,60-75%
S0650,16,Male,9,5.5,50,Graduate,No,No,65,82,95,67,80.67,Good,Pass,80.67,4-6 Hours,Below 60%
S0651,16,Male,12,2.2,83,Postgraduate,Yes,Yes,35,58,49,68,47.33,Poor,Fail,47.33,2-4 Hours,75-90%
S0652,17,Female,11,3.8,65,Postgraduate,No,No,35,45,63,47,47.67,Poor,Fail,47.67,2-4 Hours,60-75%
S0653,17,Female,10,4.8,94,High School,Yes,Yes,49,75,82,75,68.67,Good,Pass,68.67,4-6 Hours,90-100%
S0654,18,Female,9,4.4,60,High School,No,No,82,97,81,92,86.67,Excellent,Pass,86.67,4-6 Hours,Below 60%
S0655,18,Male,10,5.1,59,Graduate,Yes,Yes,60,56,63,87,59.67,Average,Pass,59.67,4-6 Hours,Below 60%
S0656,17,Female,10,4.1,85,High School,Yes,Yes,68,38,85,92,63.67,Average,Pass,63.67,4-6 Hours,75-90%
S0657,16,Male,12,4.7,72,Postgraduate,No,No,56,66,84,47,68.67,Good,Pass,68.67,4-6 Hours,60-75%
S0658,14,Female,11,5.1,83,High School,No,Yes,64,49,43,80,52.0,Average,Pass,52.0,4-6 Hours,75-90%
S0659,18,Female,12,5.9,69,Graduate,No,Yes,95,99,90,41,94.67,Excellent,Pass,94.67,4-6 Hours,60-75%
S0660,19,Male,11,1.7,86,High School,Yes,No,46,93,61,56,66.67,Good,Pass,66.67,0-2 Hours,75-90%
S0661,16,Male,12,5.3,72,Postgraduate,Yes,Yes,99,76,78,46,84.33,Excellent,Pass,84.33,4-6 Hours,60-75%
S0662,16,Female,12,2.7,94,High School,No,No,71,44,67,92,60.67,Average,Pass,60.67,2-4 Hours,90-100%
S0663,15,Male,11,2.8,89,High School,No,No,41,48,57,45,48.67,Poor,Fail,48.67,2-4 Hours,75-90%
S0664,15,Female,9,0.5,87,Postgraduate,Yes,No,47,38,58,52,47.67,Poor,Fail,47.67,0-2 Hours,75-90%
S0665,17,Female,9,4.4,67,Postgraduate,Yes,No,46,69,93,75,69.33,Good,Pass,69.33,4-6 Hours,60-75%
S0666,19,Male,10,1.5,78,High School,Yes,Yes,93,35,74,59,67.33,Good,Pass,67.33,0-2 Hours,75-90%
S0667,16,Male,11,5.9,86,Postgraduate,No,No,66,68,80,94,71.33,Good,Pass,71.33,4-6 Hours,75-90%
S0668,17,Female,9,4.2,90,Graduate,No,Yes,81,59,66,57,68.67,Good,Pass,68.67,4-6 Hours,75-90%
S0669,18,Male,9,1.9,57,Graduate,Yes,Yes,48,60,58,47,55.33,Average,Pass,55.33,0-2 Hours,Below 60%
S0670,17,Male,11,3.8,72,Postgraduate,No,No,92,39,85,56,72.0,Good,Pass,72.0,2-4 Hours,60-75%
S0671,14,Female,9,1.6,90,High School,Yes,Yes,39,66,58,81,54.33,Average,Pass,54.33,0-2 Hours,75-90%
S0672,18,Female,10,1.0,86,Postgraduate,Yes,Yes,96,87,41,47,74.67,Good,Pass,74.67,0-2 Hours,75-90%
S0673,14,Male,12,3.2,84,Graduate,Yes,No,96,47,60,52,67.67,Good,Pass,67.67,2-4 Hours,75-90%
S0674,17,Female,12,1.0,63,High School,No,Yes,73,42,87,47,67.33,Good,Pass,67.33,0-2 Hours,60-75%
S0675,17,Male,11,4.0,56,Graduate,No,No,86,56,99,79,80.33,Good,Pass,80.33,2-4 Hours,Below 60%
S0676,16,Female,9,3.2,52,Postgraduate,No,Yes,53,51,49,40,51.0,Average,Pass,51.0,2-4 Hours,Below 60%
S0677,17,Female,11,0.7,89,Postgraduate,No,No,91,35,64,48,63.33,Average,Pass,63.33,0-2 Hours,75-90%
S0678,19,Male,12,3.3,58,Graduate,Yes,No,50,60,99,60,69.67,Good,Pass,69.67,2-4 Hours,Below 60%
S0679,15,Male,9,3.0,72,High School,Yes,Yes,43,93,81,51,72.33,Good,Pass,72.33,2-4 Hours,60-75%
S0680,14,Male,12,3.4,51,High School,Yes,No,88,46,57,78,63.67,Average,Pass,63.67,2-4 Hours,Below 60%
S0681,18,Female,10,5.1,54,Graduate,Yes,No,61,44,79,43,61.33,Average,Pass,61.33,4-6 Hours,Below 60%
S0682,15,Male,11,1.5,85,High School,No,No,73,52,74,89,66.33,Good,Pass,66.33,0-2 Hours,75-90%
S0683,18,Female,11,2.0,99,High School,Yes,No,97,62,81,53,80.0,Good,Pass,80.0,0-2 Hours,90-100%
S0684,17,Female,10,0.9,58,Graduate,No,Yes,49,68,99,80,72.0,Good,Pass,72.0,0-2 Hours,Below 60%
S0685,14,Female,10,1.4,75,High School,No,Yes,37,83,41,40,53.67,Average,Pass,53.67,0-2 Hours,60-75%
S0686,18,Male,11,1.0,57,Postgraduate,No,Yes,56,55,72,91,61.0,Average,Pass,61.0,0-2 Hours,Below 60%
S0687,18,Male,12,3.1,83,Graduate,Yes,Yes,61,70,74,66,68.33,Good,Pass,68.33,2-4 Hours,75-90%
S0688,14,Male,10,1.2,60,Graduate,Yes,No,79,97,36,45,70.67,Good,Pass,70.67,0-2 Hours,Below 60%
S0689,18,Male,12,3.8,85,Graduate,Yes,No,53,55,43,79,50.33,Average,Pass,50.33,2-4 Hours,75-90%
S0690,16,Male,10,4.1,81,Graduate,No,No,81,58,67,46,68.67,Good,Pass,68.67,4-6 Hours,75-90%
S0691,17,Female,12,3.1,70,High School,Yes,Yes,70,71,77,91,72.67,Good,Pass,72.67,2-4 Hours,60-75%
S0692,14,Female,12,4.2,94,Postgraduate,Yes,Yes,39,81,63,63,61.0,Average,Pass,61.0,4-6 Hours,90-100%
S0693,19,Female,12,0.7,61,Postgraduate,No,Yes,81,77,91,90,83.0,Excellent,Pass,83.0,0-2 Hours,60-75%
S0694,17,Male,12,5.7,67,High School,No,No,54,58,61,87,57.67,Average,Pass,57.67,4-6 Hours,60-75%
S0695,19,Female,9,4.4,87,Graduate,Yes,Yes,42,35,93,91,56.67,Average,Pass,56.67,4-6 Hours,75-90%
S0696,16,Female,11,2.9,98,Postgraduate,No,No,58,38,81,84,59.0,Average,Pass,59.0,2-4 Hours,90-100%
S0697,16,Male,12,1.2,81,Postgraduate,Yes,Yes,73,49,42,92,54.67,Average,Pass,54.67,0-2 Hours,75-90%
S0698,18,Female,11,2.4,76,High School,Yes,No,95,42,99,45,78.67,Good,Pass,78.67,2-4 Hours,75-90%
S0699,19,Female,9,3.5,97,Graduate,No,Yes,94,79,44,57,72.33,Good,Pass,72.33,2-4 Hours,90-100%
S0700,17,Female,11,1.6,56,Postgraduate,No,Yes,49,86,86,44,73.67,Good,Pass,73.67,0-2 Hours,Below 60%
S0701,15,Female,12,5.2,51,Postgraduate,No,Yes,98,63,94,59,85.0,Excellent,Pass,85.0,4-6 Hours,Below 60%
S0702,19,Female,9,4.1,65,Graduate,Yes,No,54,99,94,49,82.33,Excellent,Pass,82.33,4-6 Hours,60-75%
S0703,16,Male,9,3.7,89,High School,No,Yes,89,71,97,90,85.67,Excellent,Pass,85.67,2-4 Hours,75-90%
S0704,19,Female,12,4.5,93,Graduate,Yes,Yes,37,57,89,69,61.0,Average,Pass,61.0,4-6 Hours,90-100%
S0705,19,Male,11,3.1,79,High School,Yes,Yes,60,61,39,94,53.33,Average,Pass,53.33,2-4 Hours,75-90%
S0706,16,Female,11,4.7,90,Graduate,Yes,No,79,51,88,88,72.67,Good,Pass,72.67,4-6 Hours,75-90%
S0707,19,Female,9,4.2,81,High School,No,Yes,39,40,87,44,55.33,Average,Pass,55.33,4-6 Hours,75-90%
S0708,17,Female,9,5.4,76,High School,Yes,No,72,77,42,65,63.67,Average,Pass,63.67,4-6 Hours,75-90%
S0709,14,Female,10,5.1,51,Graduate,Yes,Yes,51,91,91,64,77.67,Good,Pass,77.67,4-6 Hours,Below 60%
S0710,17,Male,11,4.7,92,Graduate,No,No,45,52,37,68,44.67,Poor,Fail,44.67,4-6 Hours,90-100%
S0711,18,Male,12,4.4,82,Postgraduate,No,No,71,97,56,45,74.67,Good,Pass,74.67,4-6 Hours,75-90%
S0712,17,Female,10,2.8,75,High School,Yes,No,76,76,90,89,80.67,Good,Pass,80.67,2-4 Hours,60-75%
S0713,15,Female,12,1.3,85,Graduate,No,Yes,44,97,43,70,61.33,Average,Pass,61.33,0-2 Hours,75-90%
S0714,15,Female,10,3.3,79,Graduate,Yes,No,94,68,83,74,81.67,Excellent,Pass,81.67,2-4 Hours,75-90%
S0715,19,Male,11,4.2,78,Postgraduate,No,No,86,48,59,94,64.33,Average,Pass,64.33,4-6 Hours,75-90%
S0716,19,Male,12,3.4,52,Graduate,No,Yes,67,59,41,48,55.67,Average,Pass,55.67,2-4 Hours,Below 60%
S0717,18,Male,12,2.2,89,High School,No,No,55,99,50,61,68.0,Good,Pass,68.0,2-4 Hours,75-90%
S0718,18,Female,11,2.7,75,Postgraduate,Yes,Yes,47,42,100,51,63.0,Average,Pass,63.0,2-4 Hours,60-75%
S0719,19,Male,10,3.6,93,Graduate,No,No,67,38,40,57,48.33,Poor,Fail,48.33,2-4 Hours,90-100%
S0720,19,Female,10,3.2,84,Graduate,No,Yes,80,91,66,89,79.0,Good,Pass,79.0,2-4 Hours,75-90%
S0721,17,Male,10,0.8,63,Graduate,No,No,96,61,85,57,80.67,Good,Pass,80.67,0-2 Hours,60-75%
S0722,17,Female,12,1.1,91,High School,No,No,73,50,96,44,73.0,Good,Pass,73.0,0-2 Hours,90-100%
S0723,17,Male,10,4.1,93,High School,Yes,No,100,56,69,45,75.0,Good,Pass,75.0,4-6 Hours,90-100%
S0724,15,Female,9,2.0,99,Postgraduate,No,Yes,73,48,40,95,53.67,Average,Pass,53.67,0-2 Hours,90-100%
S0725,18,Male,10,3.4,78,Postgraduate,No,No,76,94,44,84,71.33,Good,Pass,71.33,2-4 Hours,75-90%
S0726,14,Male,9,4.0,54,Postgraduate,No,Yes,60,69,90,79,73.0,Good,Pass,73.0,2-4 Hours,Below 60%
S0727,18,Female,10,3.7,95,Graduate,No,Yes,50,88,87,62,75.0,Good,Pass,75.0,2-4 Hours,90-100%
S0728,17,Female,9,2.0,80,High School,Yes,Yes,52,42,95,85,63.0,Average,Pass,63.0,0-2 Hours,75-90%
S0729,16,Male,12,5.5,62,Graduate,No,No,80,67,40,74,62.33,Average,Pass,62.33,4-6 Hours,60-75%
S0730,15,Female,11,1.2,62,Postgraduate,No,Yes,69,80,72,82,73.67,Good,Pass,73.67,0-2 Hours,60-75%
S0731,18,Female,11,3.6,53,Graduate,No,No,53,78,61,94,64.0,Average,Pass,64.0,2-4 Hours,Below 60%
S0732,15,Male,10,1.2,51,Graduate,Yes,No,85,79,94,69,86.0,Excellent,Pass,86.0,0-2 Hours,Below 60%
S0733,16,Male,9,0.9,97,High School,Yes,Yes,54,91,67,40,70.67,Good,Pass,70.67,0-2 Hours,90-100%
S0734,14,Female,11,0.9,92,Graduate,Yes,No,88,56,40,90,61.33,Average,Pass,61.33,0-2 Hours,90-100%
S0735,17,Male,11,1.5,54,Graduate,No,No,93,65,59,85,72.33,Good,Pass,72.33,0-2 Hours,Below 60%
S0736,19,Female,12,1.5,83,Graduate,Yes,No,85,82,97,75,88.0,Excellent,Pass,88.0,0-2 Hours,75-90%
S0737,17,Male,11,0.7,56,Postgraduate,Yes,Yes,69,35,37,82,47.0,Poor,Fail,47.0,0-2 Hours,Below 60%
S0738,15,Male,9,1.0,63,Postgraduate,Yes,No,57,79,90,91,75.33,Good,Pass,75.33,0-2 Hours,60-75%
S0739,18,Female,10,2.4,58,Graduate,No,Yes,69,36,83,89,62.67,Average,Pass,62.67,2-4 Hours,Below 60%
S0740,19,Male,12,1.7,85,High School,No,No,81,81,71,74,77.67,Good,Pass,77.67,0-2 Hours,75-90%
S0741,17,Male,11,1.7,75,High School,Yes,No,74,73,61,52,69.33,Good,Pass,69.33,0-2 Hours,60-75%
S0742,16,Male,12,2.1,87,Postgraduate,Yes,Yes,71,54,67,49,64.0,Average,Pass,64.0,2-4 Hours,75-90%
S0743,19,Female,11,1.3,55,Postgraduate,No,Yes,94,47,61,73,67.33,Good,Pass,67.33,0-2 Hours,Below 60%
S0744,14,Female,9,1.9,85,Postgraduate,No,Yes,74,60,100,69,78.0,Good,Pass,78.0,0-2 Hours,75-90%
S0745,14,Male,12,1.6,63,Postgraduate,No,Yes,49,41,100,40,63.33,Average,Pass,63.33,0-2 Hours,60-75%
S0746,18,Male,11,4.4,81,Postgraduate,No,Yes,76,63,42,80,60.33,Average,Pass,60.33,4-6 Hours,75-90%
S0747,15,Female,10,5.4,85,High School,No,Yes,76,71,63,83,70.0,Good,Pass,70.0,4-6 Hours,75-90%
S0748,19,Male,10,3.8,58,Graduate,Yes,No,78,56,48,75,60.67,Average,Pass,60.67,2-4 Hours,Below 60%
S0749,18,Female,10,3.4,68,High School,No,Yes,57,44,82,65,61.0,Average,Pass,61.0,2-4 Hours,60-75%
S0750,14,Female,12,3.1,60,Graduate,Yes,No,84,51,44,51,59.67,Average,Pass,59.67,2-4 Hours,Below 60%
S0751,19,Male,10,2.0,79,Graduate,Yes,Yes,74,51,79,47,68.0,Good,Pass,68.0,0-2 Hours,75-90%
S0752,16,Female,12,0.8,50,Postgraduate,Yes,Yes,44,41,52,48,45.67,Poor,Fail,45.67,0-2 Hours,Below 60%
S0753,19,Male,12,5.6,53,Postgraduate,No,No,87,98,89,77,91.33,Excellent,Pass,91.33,4-6 Hours,Below 60%
S0754,16,Male,12,3.6,60,Postgraduate,Yes,Yes,66,59,58,82,61.0,Average,Pass,61.0,2-4 Hours,Below 60%
S0755,15,Female,10,3.7,80,Postgraduate,No,Yes,95,62,46,95,67.67,Good,Pass,67.67,2-4 Hours,75-90%
S0756,16,Male,9,5.5,57,Graduate,No,No,47,57,65,83,56.33,Average,Pass,56.33,4-6 Hours,Below 60%
S0757,19,Female,9,3.6,68,High School,No,Yes,89,36,80,71,68.33,Good,Pass,68.33,2-4 Hours,60-75%
S0758,19,Male,9,4.3,82,High School,No,No,88,38,49,42,58.33,Average,Pass,58.33,4-6 Hours,75-90%
S0759,14,Female,10,5.5,57,High School,Yes,No,52,41,90,61,61.0,Average,Pass,61.0,4-6 Hours,Below 60%
S0760,18,Female,10,4.8,73,Graduate,Yes,Yes,85,63,51,49,66.33,Good,Pass,66.33,4-6 Hours,60-75%
S0761,14,Female,9,1.6,61,Postgraduate,No,No,77,94,80,55,83.67,Excellent,Pass,83.67,0-2 Hours,60-75%
S0762,16,Male,9,2.2,87,Graduate,No,Yes,54,94,58,84,68.67,Good,Pass,68.67,2-4 Hours,75-90%
S0763,16,Male,11,3.9,66,High School,No,Yes,73,35,92,91,66.67,Good,Pass,66.67,2-4 Hours,60-75%
S0764,14,Female,9,5.2,91,Graduate,Yes,No,57,87,68,59,70.67,Good,Pass,70.67,4-6 Hours,90-100%
S0765,19,Female,12,1.3,82,Graduate,No,Yes,85,93,98,87,92.0,Excellent,Pass,92.0,0-2 Hours,75-90%
S0766,15,Female,11,2.7,99,High School,Yes,Yes,87,54,67,55,69.33,Good,Pass,69.33,2-4 Hours,90-100%
S0767,19,Female,11,1.2,93,Postgraduate,Yes,No,48,63,53,65,54.67,Average,Pass,54.67,0-2 Hours,90-100%
S0768,17,Female,12,4.9,74,High School,No,Yes,96,72,99,40,89.0,Excellent,Pass,89.0,4-6 Hours,60-75%
S0769,14,Female,10,1.2,65,Graduate,Yes,No,51,96,73,88,73.33,Good,Pass,73.33,0-2 Hours,60-75%
S0770,15,Female,9,2.8,75,Graduate,Yes,Yes,58,71,47,58,58.67,Average,Pass,58.67,2-4 Hours,60-75%
S0771,15,Female,9,0.7,67,High School,No,Yes,83,68,82,58,77.67,Good,Pass,77.67,0-2 Hours,60-75%
S0772,19,Male,11,1.8,79,High School,No,Yes,42,93,57,77,64.0,Average,Pass,64.0,0-2 Hours,75-90%
S0773,15,Female,11,1.1,81,Graduate,Yes,Yes,81,96,92,65,89.67,Excellent,Pass,89.67,0-2 Hours,75-90%
S0774,15,Male,10,3.9,100,Graduate,Yes,Yes,70,62,75,82,69.0,Good,Pass,69.0,2-4 Hours,90-100%
S0775,16,Male,11,2.5,96,Graduate,No,Yes,41,100,36,85,59.0,Average,Pass,59.0,2-4 Hours,90-100%
S0776,16,Male,11,2.9,73,Postgraduate,Yes,Yes,70,62,85,71,72.33,Good,Pass,72.33,2-4 Hours,60-75%
S0777,17,Female,9,0.7,70,Postgraduate,No,No,79,40,59,63,59.33,Average,Pass,59.33,0-2 Hours,60-75%
S0778,15,Female,11,2.8,72,Graduate,Yes,Yes,60,45,36,41,47.0,Poor,Fail,47.0,2-4 Hours,60-75%
S0779,19,Female,10,3.9,91,Postgraduate,No,Yes,68,36,99,87,67.67,Good,Pass,67.67,2-4 Hours,90-100%
S0780,16,Female,12,2.8,82,Graduate,No,No,89,79,57,71,75.0,Good,Pass,75.0,2-4 Hours,75-90%
S0781,16,Male,9,1.8,75,Graduate,No,No,74,57,45,74,58.67,Average,Pass,58.67,0-2 Hours,60-75%
S0782,18,Male,11,4.6,57,Postgraduate,No,No,55,36,70,88,53.67,Average,Pass,53.67,4-6 Hours,Below 60%
S0783,18,Female,12,1.6,80,Postgraduate,Yes,No,38,39,54,54,43.67,Poor,Fail,43.67,0-2 Hours,75-90%
S0784,18,Male,9,0.6,72,Postgraduate,Yes,Yes,69,64,53,75,62.0,Average,Pass,62.0,0-2 Hours,60-75%
S0785,16,Female,12,2.8,59,High School,No,Yes,84,66,51,83,67.0,Good,Pass,67.0,2-4 Hours,Below 60%
S0786,19,Female,9,0.6,97,Postgraduate,No,Yes,59,55,100,94,71.33,Good,Pass,71.33,0-2 Hours,90-100%
S0787,18,Female,10,0.5,79,High School,No,No,55,82,75,66,70.67,Good,Pass,70.67,0-2 Hours,75-90%
S0788,18,Female,9,2.9,51,High School,Yes,Yes,69,75,82,51,75.33,Good,Pass,75.33,2-4 Hours,Below 60%
S0789,16,Female,11,5.9,66,High School,No,No,71,63,50,74,61.33,Average,Pass,61.33,4-6 Hours,60-75%
S0790,16,Female,10,5.4,93,Postgraduate,No,No,80,80,62,93,74.0,Good,Pass,74.0,4-6 Hours,90-100%
S0791,14,Male,10,5.9,90,Graduate,No,Yes,80,77,85,92,80.67,Good,Pass,80.67,4-6 Hours,75-90%
S0792,14,Male,9,5.0,57,High School,Yes,No,92,65,90,55,82.33,Excellent,Pass,82.33,4-6 Hours,Below 60%
S0793,17,Female,9,2.0,97,High School,No,No,77,37,78,72,64.0,Average,Pass,64.0,0-2 Hours,90-100%
S0794,16,Female,9,1.0,61,Postgraduate,Yes,No,51,45,67,76,54.33,Average,Pass,54.33,0-2 Hours,60-75%
S0795,15,Female,11,2.1,83,High School,Yes,No,58,45,64,45,55.67,Average,Pass,55.67,2-4 Hours,75-90%
S0796,16,Male,11,1.4,82,Graduate,Yes,Yes,39,57,36,72,44.0,Poor,Fail,44.0,0-2 Hours,75-90%
S0797,15,Male,12,5.4,67,High School,No,No,56,41,84,79,60.33,Average,Pass,60.33,4-6 Hours,60-75%
S0798,19,Female,12,3.1,100,High School,No,Yes,48,48,51,60,49.0,Poor,Fail,49.0,2-4 Hours,90-100%
S0799,17,Male,10,5.3,82,Postgraduate,Yes,Yes,68,100,96,79,88.0,Excellent,Pass,88.0,4-6 Hours,75-90%
S0800,16,Female,10,4.5,94,High School,No,Yes,87,91,42,40,73.33,Good,Pass,73.33,4-6 Hours,90-100%
S0801,16,Female,12,4.2,93,High School,Yes,Yes,91,60,72,89,74.33,Good,Pass,74.33,4-6 Hours,90-100%
S0802,19,Male,9,5.0,51,Postgraduate,No,Yes,69,88,39,72,65.33,Average,Pass,65.33,4-6 Hours,Below 60%
S0803,14,Female,10,1.4,86,Postgraduate,Yes,No,55,57,36,63,49.33,Poor,Fail,49.33,0-2 Hours,75-90%
S0804,17,Male,9,3.0,50,Postgraduate,No,No,67,91,88,62,82.0,Excellent,Pass,82.0,2-4 Hours,Below 60%
S0805,19,Male,10,1.7,73,High School,Yes,Yes,80,52,56,53,62.67,Average,Pass,62.67,0-2 Hours,60-75%
S0806,18,Female,10,5.8,85,High School,No,Yes,47,81,85,70,71.0,Good,Pass,71.0,4-6 Hours,75-90%
S0807,15,Female,11,1.6,59,Postgraduate,No,Yes,53,79,46,57,59.33,Average,Pass,59.33,0-2 Hours,Below 60%
S0808,16,Female,9,4.0,53,Postgraduate,Yes,Yes,41,96,89,89,75.33,Good,Pass,75.33,2-4 Hours,Below 60%
S0809,19,Female,10,4.2,66,Graduate,No,No,76,99,75,94,83.33,Excellent,Pass,83.33,4-6 Hours,60-75%
S0810,15,Female,9,1.9,72,Graduate,Yes,Yes,72,53,49,92,58.0,Average,Pass,58.0,0-2 Hours,60-75%
S0811,18,Male,10,5.2,92,Graduate,No,Yes,93,41,42,75,58.67,Average,Pass,58.67,4-6 Hours,90-100%
S0812,18,Female,11,1.8,95,High School,No,Yes,57,90,85,48,77.33,Good,Pass,77.33,0-2 Hours,90-100%
S0813,19,Female,10,3.4,72,High School,Yes,Yes,58,94,36,47,62.67,Average,Pass,62.67,2-4 Hours,60-75%
S0814,18,Male,9,3.9,79,Postgraduate,Yes,Yes,78,44,73,77,65.0,Average,Pass,65.0,2-4 Hours,75-90%
S0815,14,Female,11,3.4,52,Postgraduate,Yes,No,55,42,93,75,63.33,Average,Pass,63.33,2-4 Hours,Below 60%
S0816,17,Female,10,2.7,98,Postgraduate,No,Yes,71,38,82,85,63.67,Average,Pass,63.67,2-4 Hours,90-100%
S0817,15,Male,11,1.3,53,Graduate,No,Yes,57,56,89,44,67.33,Good,Pass,67.33,0-2 Hours,Below 60%
S0818,15,Male,12,4.7,62,High School,No,Yes,82,61,56,82,66.33,Good,Pass,66.33,4-6 Hours,60-75%
S0819,16,Female,11,4.6,50,Postgraduate,No,Yes,40,93,40,95,57.67,Average,Pass,57.67,4-6 Hours,Below 60%
S0820,15,Male,9,5.0,100,Graduate,Yes,No,45,48,88,55,60.33,Average,Pass,60.33,4-6 Hours,90-100%
S0821,15,Female,9,5.8,90,Postgraduate,Yes,No,93,70,85,87,82.67,Excellent,Pass,82.67,4-6 Hours,75-90%
S0822,14,Female,12,3.3,63,High School,No,No,59,70,98,54,75.67,Good,Pass,75.67,2-4 Hours,60-75%
S0823,14,Male,12,4.1,53,High School,Yes,Yes,86,77,68,44,77.0,Good,Pass,77.0,4-6 Hours,Below 60%
S0824,17,Female,11,3.4,65,High School,Yes,No,42,57,36,77,45.0,Poor,Fail,45.0,2-4 Hours,60-75%
S0825,14,Female,9,2.5,73,Graduate,Yes,No,80,71,95,57,82.0,Excellent,Pass,82.0,2-4 Hours,60-75%
S0826,17,Female,12,2.0,80,Postgraduate,Yes,Yes,69,49,88,73,68.67,Good,Pass,68.67,0-2 Hours,75-90%
S0827,19,Female,11,4.4,62,Postgraduate,No,No,75,81,95,43,83.67,Excellent,Pass,83.67,4-6 Hours,60-75%
S0828,18,Female,10,1.3,55,High School,Yes,Yes,99,51,72,59,74.0,Good,Pass,74.0,0-2 Hours,Below 60%
S0829,16,Female,11,3.2,54,Postgraduate,No,Yes,42,79,48,40,56.33,Average,Pass,56.33,2-4 Hours,Below 60%
S0830,18,Male,9,4.0,84,Postgraduate,Yes,Yes,89,71,69,45,76.33,Good,Pass,76.33,2-4 Hours,75-90%
S0831,17,Male,10,4.5,93,Postgraduate,No,Yes,51,39,70,40,53.33,Average,Pass,53.33,4-6 Hours,90-100%
S0832,18,Male,12,4.9,52,High School,No,No,77,39,98,68,71.33,Good,Pass,71.33,4-6 Hours,Below 60%
S0833,16,Male,10,2.6,94,Graduate,Yes,No,69,40,98,81,69.0,Good,Pass,69.0,2-4 Hours,90-100%
S0834,19,Male,10,3.4,93,High School,No,Yes,42,94,37,43,57.67,Average,Pass,57.67,2-4 Hours,90-100%
S0835,18,Male,10,5.4,84,Postgraduate,No,Yes,56,40,93,82,63.0,Average,Pass,63.0,4-6 Hours,75-90%
S0836,15,Male,11,2.1,74,Graduate,Yes,Yes,88,93,82,79,87.67,Excellent,Pass,87.67,2-4 Hours,60-75%
S0837,17,Female,12,5.2,96,Graduate,No,Yes,41,50,50,55,47.0,Poor,Fail,47.0,4-6 Hours,90-100%
S0838,14,Female,9,3.9,72,High School,No,Yes,69,57,97,73,74.33,Good,Pass,74.33,2-4 Hours,60-75%
S0839,18,Female,9,2.0,89,Graduate,Yes,No,65,45,40,47,50.0,Average,Pass,50.0,0-2 Hours,75-90%
S0840,19,Male,11,1.0,60,High School,Yes,Yes,84,96,64,92,81.33,Excellent,Pass,81.33,0-2 Hours,Below 60%
S0841,14,Female,9,1.7,92,High School,No,No,57,65,76,44,66.0,Good,Pass,66.0,0-2 Hours,90-100%
S0842,17,Male,12,5.4,99,Graduate,No,Yes,72,90,35,51,65.67,Average,Pass,65.67,4-6 Hours,90-100%
S0843,19,Male,9,3.7,64,Graduate,Yes,No,73,63,60,53,65.33,Average,Pass,65.33,2-4 Hours,60-75%
S0844,15,Male,9,5.8,78,High School,Yes,Yes,93,64,65,88,74.0,Good,Pass,74.0,4-6 Hours,75-90%
S0845,19,Female,12,4.3,69,Postgraduate,Yes,Yes,36,86,77,59,66.33,Good,Pass,66.33,4-6 Hours,60-75%
S0846,16,Female,12,2.6,77,Postgraduate,Yes,No,90,65,58,46,71.0,Good,Pass,71.0,2-4 Hours,75-90%
S0847,17,Female,12,3.3,66,Postgraduate,No,No,84,35,72,40,63.67,Average,Pass,63.67,2-4 Hours,60-75%
S0848,19,Female,12,5.8,76,Graduate,Yes,No,84,86,67,46,79.0,Good,Pass,79.0,4-6 Hours,75-90%
S0849,18,Male,12,1.3,93,Graduate,Yes,No,46,47,67,75,53.33,Average,Pass,53.33,0-2 Hours,90-100%
S0850,18,Female,10,1.0,55,High School,Yes,Yes,88,80,43,47,70.33,Good,Pass,70.33,0-2 Hours,Below 60%
S0851,17,Female,9,3.2,61,Postgraduate,No,Yes,76,53,92,47,73.67,Good,Pass,73.67,2-4 Hours,60-75%
S0852,17,Female,12,1.4,93,Postgraduate,Yes,Yes,74,82,44,80,66.67,Good,Pass,66.67,0-2 Hours,90-100%
S0853,19,Male,12,1.3,92,Graduate,No,No,60,49,94,63,67.67,Good,Pass,67.67,0-2 Hours,90-100%
S0854,16,Male,12,2.0,64,Postgraduate,Yes,Yes,97,81,68,87,82.0,Excellent,Pass,82.0,0-2 Hours,60-75%
S0855,19,Female,12,3.7,90,High School,No,No,92,73,47,52,70.67,Good,Pass,70.67,2-4 Hours,75-90%
S0856,19,Male,11,5.3,63,High School,Yes,No,80,37,80,61,65.67,Average,Pass,65.67,4-6 Hours,60-75%
S0857,15,Male,10,5.4,96,Postgraduate,Yes,Yes,72,57,100,49,76.33,Good,Pass,76.33,4-6 Hours,90-100%
S0858,18,Female,12,0.8,72,Graduate,Yes,No,85,70,67,70,74.0,Good,Pass,74.0,0-2 Hours,60-75%
S0859,14,Female,9,5.0,98,High School,No,Yes,56,47,47,68,50.0,Average,Pass,50.0,4-6 Hours,90-100%
S0860,19,Female,12,5.3,60,Postgraduate,Yes,Yes,70,79,73,55,74.0,Good,Pass,74.0,4-6 Hours,Below 60%
S0861,14,Male,10,2.1,91,Postgraduate,No,Yes,100,93,94,64,95.67,Excellent,Pass,95.67,2-4 Hours,90-100%
S0862,19,Male,12,0.6,55,Postgraduate,No,Yes,46,94,62,42,67.33,Good,Pass,67.33,0-2 Hours,Below 60%
S0863,14,Male,12,3.3,99,High School,No,No,37,38,72,58,49.0,Poor,Fail,49.0,2-4 Hours,90-100%
S0864,19,Male,12,1.6,66,High School,No,Yes,73,37,36,89,48.67,Poor,Fail,48.67,0-2 Hours,60-75%
S0865,16,Male,12,3.9,77,High School,No,No,51,87,50,57,62.67,Average,Pass,62.67,2-4 Hours,75-90%
S0866,18,Male,9,4.2,100,High School,Yes,Yes,43,76,46,61,55.0,Average,Pass,55.0,4-6 Hours,90-100%
S0867,19,Female,11,2.2,80,Postgraduate,Yes,No,78,70,92,52,80.0,Good,Pass,80.0,2-4 Hours,75-90%
S0868,18,Male,9,3.4,69,High School,No,Yes,100,81,89,72,90.0,Excellent,Pass,90.0,2-4 Hours,60-75%
S0869,15,Male,11,1.5,99,High School,Yes,No,69,44,73,57,62.0,Average,Pass,62.0,0-2 Hours,90-100%
S0870,17,Male,11,2.6,70,Graduate,No,Yes,89,51,87,76,75.67,Good,Pass,75.67,2-4 Hours,60-75%
S0871,18,Male,9,1.5,98,Graduate,Yes,Yes,91,47,65,47,67.67,Good,Pass,67.67,0-2 Hours,90-100%
S0872,17,Male,12,2.6,100,Postgraduate,Yes,Yes,95,64,84,74,81.0,Excellent,Pass,81.0,2-4 Hours,90-100%
S0873,19,Female,10,1.2,62,High School,Yes,Yes,37,86,94,85,72.33,Good,Pass,72.33,0-2 Hours,60-75%
S0874,17,Female,11,5.3,98,High School,No,No,49,71,51,52,57.0,Average,Pass,57.0,4-6 Hours,90-100%
S0875,19,Male,10,4.0,96,High School,No,No,50,95,82,71,75.67,Good,Pass,75.67,2-4 Hours,90-100%
S0876,14,Female,12,5.2,55,High School,Yes,No,94,42,64,82,66.67,Good,Pass,66.67,4-6 Hours,Below 60%
S0877,14,Female,12,0.9,95,Postgraduate,No,No,92,63,94,51,83.0,Excellent,Pass,83.0,0-2 Hours,90-100%
S0878,18,Female,11,4.0,83,Graduate,Yes,No,78,58,52,41,62.67,Average,Pass,62.67,2-4 Hours,75-90%
S0879,19,Male,11,1.8,97,Graduate,Yes,Yes,92,78,88,74,86.0,Excellent,Pass,86.0,0-2 Hours,90-100%
S0880,19,Female,9,5.1,95,High School,No,Yes,68,38,40,63,48.67,Poor,Fail,48.67,4-6 Hours,90-100%
S0881,19,Male,12,1.9,63,Graduate,Yes,No,79,46,79,87,68.0,Good,Pass,68.0,0-2 Hours,60-75%
S0882,19,Female,9,5.7,75,Postgraduate,No,Yes,91,37,90,58,72.67,Good,Pass,72.67,4-6 Hours,60-75%
S0883,17,Male,12,1.4,68,High School,Yes,Yes,86,97,82,66,88.33,Excellent,Pass,88.33,0-2 Hours,60-75%
S0884,14,Male,10,5.2,77,Graduate,No,Yes,83,52,61,88,65.33,Average,Pass,65.33,4-6 Hours,75-90%
S0885,17,Female,11,0.8,58,Graduate,No,No,59,62,60,63,60.33,Average,Pass,60.33,0-2 Hours,Below 60%
S0886,17,Male,10,1.8,78,High School,Yes,Yes,62,96,58,95,72.0,Good,Pass,72.0,0-2 Hours,75-90%
S0887,15,Male,12,1.8,66,Graduate,Yes,No,69,91,79,61,79.67,Good,Pass,79.67,0-2 Hours,60-75%
S0888,17,Female,9,2.6,56,High School,Yes,Yes,36,66,70,46,57.33,Average,Pass,57.33,2-4 Hours,Below 60%
S0889,18,Female,11,2.4,99,High School,Yes,Yes,39,100,57,82,65.33,Average,Pass,65.33,2-4 Hours,90-100%
S0890,17,Male,9,5.3,82,High School,No,Yes,42,80,84,82,68.67,Good,Pass,68.67,4-6 Hours,75-90%
S0891,18,Male,11,4.7,58,Postgraduate,No,No,86,51,90,89,75.67,Good,Pass,75.67,4-6 Hours,Below 60%
S0892,14,Female,9,5.6,54,High School,No,No,67,81,62,62,70.0,Good,Pass,70.0,4-6 Hours,Below 60%
S0893,19,Female,11,5.4,69,Postgraduate,No,No,94,98,44,76,78.67,Good,Pass,78.67,4-6 Hours,60-75%
S0894,19,Female,12,2.8,54,Graduate,No,Yes,96,62,36,79,64.67,Average,Pass,64.67,2-4 Hours,Below 60%
S0895,15,Female,9,3.5,87,Postgraduate,Yes,No,57,90,77,47,74.67,Good,Pass,74.67,2-4 Hours,75-90%
S0896,18,Male,12,5.2,93,High School,No,Yes,40,78,37,88,51.67,Average,Pass,51.67,4-6 Hours,90-100%
S0897,16,Male,10,2.7,88,Graduate,Yes,No,56,78,98,50,77.33,Good,Pass,77.33,2-4 Hours,75-90%
S0898,14,Female,10,5.6,71,Postgraduate,Yes,Yes,78,52,46,92,58.67,Average,Pass,58.67,4-6 Hours,60-75%
S0899,15,Female,10,1.6,93,High School,No,Yes,80,93,71,53,81.33,Excellent,Pass,81.33,0-2 Hours,90-100%
S0900,19,Male,12,5.6,82,High School,Yes,Yes,67,96,83,88,82.0,Excellent,Pass,82.0,4-6 Hours,75-90%
S0901,19,Female,9,2.8,57,Postgraduate,Yes,Yes,72,78,37,89,62.33,Average,Pass,62.33,2-4 Hours,Below 60%
S0902,15,Female,12,1.9,77,Postgraduate,Yes,No,57,44,62,61,54.33,Average,Pass,54.33,0-2 Hours,75-90%
S0903,18,Female,12,4.7,77,Graduate,Yes,Yes,82,39,45,63,55.33,Average,Pass,55.33,4-6 Hours,75-90%
S0904,17,Female,10,5.7,74,High School,Yes,No,43,78,58,79,59.67,Average,Pass,59.67,4-6 Hours,60-75%
S0905,18,Female,12,2.2,53,High School,Yes,No,56,55,46,85,52.33,Average,Pass,52.33,2-4 Hours,Below 60%
S0906,16,Male,11,3.6,86,High School,No,Yes,59,66,69,54,64.67,Average,Pass,64.67,2-4 Hours,75-90%
S0907,19,Male,10,2.0,71,Graduate,No,Yes,59,78,89,49,75.33,Good,Pass,75.33,0-2 Hours,60-75%
S0908,19,Female,9,2.7,88,Graduate,Yes,No,56,47,80,80,61.0,Average,Pass,61.0,2-4 Hours,75-90%
S0909,14,Female,12,5.5,100,High School,No,Yes,92,91,65,59,82.67,Excellent,Pass,82.67,4-6 Hours,90-100%
S0910,16,Male,12,5.6,57,Postgraduate,Yes,No,79,100,75,51,84.67,Excellent,Pass,84.67,4-6 Hours,Below 60%
S0911,17,Female,9,1.1,93,Postgraduate,No,Yes,96,92,52,46,80.0,Good,Pass,80.0,0-2 Hours,90-100%
S0912,17,Male,9,3.9,56,Postgraduate,Yes,Yes,78,92,73,79,81.0,Excellent,Pass,81.0,2-4 Hours,Below 60%
S0913,14,Female,11,4.2,98,High School,No,Yes,81,40,53,41,58.0,Average,Pass,58.0,4-6 Hours,90-100%
S0914,18,Female,11,5.8,90,Postgraduate,Yes,No,41,49,69,89,53.0,Average,Pass,53.0,4-6 Hours,75-90%
S0915,15,Female,11,1.7,100,High School,Yes,Yes,79,37,44,83,53.33,Average,Pass,53.33,0-2 Hours,90-100%
S0916,18,Male,12,4.8,72,Graduate,Yes,Yes,67,57,71,80,65.0,Average,Pass,65.0,4-6 Hours,60-75%
S0917,14,Female,10,3.0,77,Graduate,No,No,37,71,70,90,59.33,Average,Pass,59.33,2-4 Hours,75-90%
S0918,18,Male,12,4.9,83,Postgraduate,No,No,94,89,96,84,93.0,Excellent,Pass,93.0,4-6 Hours,75-90%
S0919,17,Male,11,4.1,57,Graduate,No,No,47,73,52,87,57.33,Average,Pass,57.33,4-6 Hours,Below 60%
S0920,18,Female,12,3.5,79,High School,Yes,Yes,96,65,65,63,75.33,Good,Pass,75.33,2-4 Hours,75-90%
S0921,15,Male,10,1.6,80,Postgraduate,Yes,Yes,49,37,72,63,52.67,Average,Pass,52.67,0-2 Hours,75-90%
S0922,19,Female,9,1.3,96,Postgraduate,No,Yes,66,98,95,48,86.33,Excellent,Pass,86.33,0-2 Hours,90-100%
S0923,15,Female,10,3.8,66,Postgraduate,Yes,Yes,62,73,76,59,70.33,Good,Pass,70.33,2-4 Hours,60-75%
S0924,17,Female,12,4.5,98,Graduate,No,Yes,49,82,91,70,74.0,Good,Pass,74.0,4-6 Hours,90-100%
S0925,18,Male,10,0.7,64,High School,Yes,Yes,90,79,67,52,78.67,Good,Pass,78.67,0-2 Hours,60-75%
S0926,19,Male,9,2.0,74,Postgraduate,No,Yes,73,91,83,60,82.33,Excellent,Pass,82.33,0-2 Hours,60-75%
S0927,14,Male,11,3.0,50,Graduate,Yes,No,42,56,61,43,53.0,Average,Pass,53.0,2-4 Hours,Below 60%
S0928,16,Male,11,3.6,80,Postgraduate,No,Yes,52,100,53,48,68.33,Good,Pass,68.33,2-4 Hours,75-90%
S0929,16,Female,9,0.6,80,High School,Yes,Yes,84,62,36,47,60.67,Average,Pass,60.67,0-2 Hours,75-90%
S0930,17,Female,10,2.4,68,Postgraduate,Yes,No,57,56,37,62,50.0,Average,Pass,50.0,2-4 Hours,60-75%
S0931,15,Female,11,1.8,51,Postgraduate,Yes,Yes,35,58,69,49,54.0,Average,Pass,54.0,0-2 Hours,Below 60%
S0932,16,Female,11,1.8,90,Postgraduate,No,Yes,72,56,75,80,67.67,Good,Pass,67.67,0-2 Hours,75-90%
S0933,18,Female,9,5.0,53,Graduate,Yes,Yes,54,51,36,88,47.0,Poor,Fail,47.0,4-6 Hours,Below 60%
S0934,18,Female,10,4.4,67,Postgraduate,No,Yes,49,51,47,65,49.0,Poor,Fail,49.0,4-6 Hours,60-75%
S0935,18,Male,10,3.7,93,High School,No,No,64,41,77,57,60.67,Average,Pass,60.67,2-4 Hours,90-100%
S0936,17,Female,12,0.8,62,Postgraduate,No,No,44,66,40,95,50.0,Average,Pass,50.0,0-2 Hours,60-75%
S0937,15,Female,9,0.8,97,Graduate,No,No,70,86,49,87,68.33,Good,Pass,68.33,0-2 Hours,90-100%
S0938,18,Female,12,1.9,57,Graduate,Yes,No,63,49,35,57,49.0,Poor,Fail,49.0,0-2 Hours,Below 60%
S0939,14,Male,10,4.6,82,Postgraduate,No,Yes,68,86,53,82,69.0,Good,Pass,69.0,4-6 Hours,75-90%
S0940,17,Male,12,5.3,62,Graduate,No,No,75,51,87,48,71.0,Good,Pass,71.0,4-6 Hours,60-75%
S0941,16,Male,12,5.4,83,High School,No,Yes,35,61,63,50,53.0,Average,Pass,53.0,4-6 Hours,75-90%
S0942,17,Male,12,5.6,50,High School,No,No,65,88,90,46,81.0,Excellent,Pass,81.0,4-6 Hours,Below 60%
S0943,16,Female,10,4.3,66,Graduate,No,No,71,55,59,50,61.67,Average,Pass,61.67,4-6 Hours,60-75%
S0944,16,Female,9,2.9,72,Graduate,No,No,39,95,97,49,77.0,Good,Pass,77.0,2-4 Hours,60-75%
S0945,16,Male,12,4.1,57,High School,Yes,Yes,73,71,70,58,71.33,Good,Pass,71.33,4-6 Hours,Below 60%
S0946,15,Male,9,2.0,83,Graduate,Yes,Yes,35,56,65,44,52.0,Average,Pass,52.0,0-2 Hours,75-90%
S0947,16,Female,10,4.4,66,Graduate,Yes,Yes,38,94,66,84,66.0,Good,Pass,66.0,4-6 Hours,60-75%
S0948,14,Male,9,5.5,58,Postgraduate,No,No,66,51,88,48,68.33,Good,Pass,68.33,4-6 Hours,Below 60%
S0949,16,Female,11,2.1,61,High School,Yes,No,40,64,87,84,63.67,Average,Pass,63.67,2-4 Hours,60-75%
S0950,18,Female,11,4.4,50,Postgraduate,No,No,53,74,55,44,60.67,Average,Pass,60.67,4-6 Hours,Below 60%
S0951,14,Female,10,4.9,94,Postgraduate,Yes,Yes,76,52,37,80,55.0,Average,Pass,55.0,4-6 Hours,90-100%
S0952,17,Female,11,2.2,63,High School,No,Yes,71,38,88,41,65.67,Average,Pass,65.67,2-4 Hours,60-75%
S0953,17,Female,11,5.6,58,High School,Yes,Yes,91,77,43,57,70.33,Good,Pass,70.33,4-6 Hours,Below 60%
S0954,16,Male,9,2.6,56,Postgraduate,No,Yes,84,81,61,51,75.33,Good,Pass,75.33,2-4 Hours,Below 60%
S0955,18,Male,11,3.4,57,High School,Yes,Yes,82,73,96,76,83.67,Excellent,Pass,83.67,2-4 Hours,Below 60%
S0956,16,Male,11,3.6,62,Graduate,Yes,No,75,68,90,88,77.67,Good,Pass,77.67,2-4 Hours,60-75%
S0957,14,Female,12,3.5,65,Graduate,Yes,No,79,85,49,83,71.0,Good,Pass,71.0,2-4 Hours,60-75%
S0958,18,Male,10,1.0,93,Postgraduate,Yes,No,71,83,99,47,84.33,Excellent,Pass,84.33,0-2 Hours,90-100%
S0959,16,Female,10,1.7,59,Graduate,No,No,56,38,84,63,59.33,Average,Pass,59.33,0-2 Hours,Below 60%
S0960,16,Male,12,4.8,51,Postgraduate,Yes,Yes,57,90,57,54,68.0,Good,Pass,68.0,4-6 Hours,Below 60%
S0961,17,Female,11,3.2,56,Graduate,Yes,No,41,41,88,58,56.67,Average,Pass,56.67,2-4 Hours,Below 60%
S0962,17,Female,9,4.2,85,Graduate,No,No,100,65,72,86,79.0,Good,Pass,79.0,4-6 Hours,75-90%
S0963,19,Female,10,3.6,90,Graduate,Yes,No,44,63,74,77,60.33,Average,Pass,60.33,2-4 Hours,75-90%
S0964,15,Male,9,5.6,97,Postgraduate,Yes,No,87,55,64,81,68.67,Good,Pass,68.67,4-6 Hours,90-100%
S0965,17,Female,10,2.2,60,Postgraduate,Yes,No,100,77,69,77,82.0,Excellent,Pass,82.0,2-4 Hours,Below 60%
S0966,19,Male,9,4.5,87,Postgraduate,Yes,No,62,35,82,66,59.67,Average,Pass,59.67,4-6 Hours,75-90%
S0967,15,Female,10,5.4,100,Postgraduate,No,Yes,85,74,84,65,81.0,Excellent,Pass,81.0,4-6 Hours,90-100%
S0968,18,Female,11,3.2,67,Graduate,Yes,No,41,53,89,66,61.0,Average,Pass,61.0,2-4 Hours,60-75%
S0969,16,Male,10,3.8,62,Postgraduate,Yes,No,87,39,88,78,71.33,Good,Pass,71.33,2-4 Hours,60-75%
S0970,15,Female,10,5.3,54,Graduate,No,Yes,72,89,55,69,72.0,Good,Pass,72.0,4-6 Hours,Below 60%
S0971,15,Male,10,2.5,69,High School,No,Yes,65,71,44,67,60.0,Average,Pass,60.0,2-4 Hours,60-75%
S0972,16,Female,10,6.0,86,Postgraduate,Yes,No,40,91,100,91,77.0,Good,Pass,77.0,4-6 Hours,75-90%
S0973,16,Female,12,3.5,67,Graduate,Yes,Yes,51,89,96,76,78.67,Good,Pass,78.67,2-4 Hours,60-75%
S0974,14,Male,12,1.2,61,High School,Yes,Yes,54,46,82,61,60.67,Average,Pass,60.67,0-2 Hours,60-75%
S0975,14,Female,10,3.0,74,Graduate,Yes,No,97,35,91,83,74.33,Good,Pass,74.33,2-4 Hours,60-75%
S0976,15,Male,12,5.8,85,Postgraduate,No,No,76,79,66,89,73.67,Good,Pass,73.67,4-6 Hours,75-90%
S0977,15,Female,11,4.0,71,Postgraduate,No,Yes,54,98,93,41,81.67,Excellent,Pass,81.67,2-4 Hours,60-75%
S0978,18,Female,12,3.0,55,Graduate,No,No,41,44,52,75,45.67,Poor,Fail,45.67,2-4 Hours,Below 60%
S0979,19,Male,11,4.3,72,Graduate,Yes,No,43,68,60,51,57.0,Average,Pass,57.0,4-6 Hours,60-75%
S0980,15,Male,12,4.6,84,Graduate,No,No,41,50,46,46,45.67,Poor,Fail,45.67,4-6 Hours,75-90%
S0981,14,Female,11,1.4,50,High School,No,Yes,84,90,73,57,82.33,Excellent,Pass,82.33,0-2 Hours,Below 60%
S0982,19,Male,10,5.4,79,Postgraduate,No,Yes,68,65,64,59,65.67,Average,Pass,65.67,4-6 Hours,75-90%
S0983,15,Male,10,4.5,94,Graduate,Yes,Yes,80,78,96,73,84.67,Excellent,Pass,84.67,4-6 Hours,90-100%
S0984,15,Male,10,3.5,91,Postgraduate,No,No,49,74,43,78,55.33,Average,Pass,55.33,2-4 Hours,90-100%
S0985,14,Female,12,1.6,56,Graduate,Yes,Yes,41,85,70,85,65.33,Average,Pass,65.33,0-2 Hours,Below 60%
S0986,18,Female,9,0.9,65,High School,Yes,Yes,42,56,72,89,56.67,Average,Pass,56.67,0-2 Hours,60-75%
S0987,16,Female,9,4.6,95,High School,No,No,36,60,43,73,46.33,Poor,Fail,46.33,4-6 Hours,90-100%
S0988,19,Male,10,3.0,73,Postgraduate,Yes,Yes,80,76,52,87,69.33,Good,Pass,69.33,2-4 Hours,60-75%
S0989,18,Female,11,1.2,88,Postgraduate,Yes,Yes,37,64,58,67,53.0,Average,Pass,53.0,0-2 Hours,75-90%
S0990,19,Male,10,3.2,50,Postgraduate,Yes,No,68,68,45,87,60.33,Average,Pass,60.33,2-4 Hours,Below 60%
S0991,15,Female,12,3.0,94,High School,Yes,Yes,90,50,46,53,62.0,Average,Pass,62.0,2-4 Hours,90-100%
S0992,19,Male,10,2.8,55,High School,No,Yes,87,56,53,74,65.33,Average,Pass,65.33,2-4 Hours,Below 60%
S0993,14,Male,9,1.2,97,High School,Yes,No,62,59,66,83,62.33,Average,Pass,62.33,0-2 Hours,90-100%
S0994,14,Female,11,3.5,77,Graduate,No,No,36,91,95,79,74.0,Good,Pass,74.0,2-4 Hours,75-90%
S0995,19,Female,12,1.0,100,Graduate,Yes,No,62,97,58,66,72.33,Good,Pass,72.33,0-2 Hours,90-100%
S0996,19,Female,12,1.0,82,Graduate,No,Yes,93,53,71,91,72.33,Good,Pass,72.33,0-2 Hours,75-90%
S0997,16,Female,10,2.5,81,High School,Yes,No,52,81,94,58,75.67,Good,Pass,75.67,2-4 Hours,75-90%
S0998,17,Male,11,4.6,82,Postgraduate,Yes,Yes,59,74,71,44,68.0,Good,Pass,68.0,4-6 Hours,75-90%
S0999,18,Male,11,2.4,87,Graduate,No,No,98,74,60,53,77.33,Good,Pass,77.33,2-4 Hours,75-90%
S1000,18,Female,10,5.8,85,Postgraduate,No,No,73,41,72,51,62.0,Average,Pass,62.0,4-6 Hours,75-90%
S1001,16,Female,9,4.4,86,Postgraduate,Yes,No,61,83,70,77,71.33,Good,Pass,71.33,4-6 Hours,75-90%
S1002,14,Female,12,1.7,50,Graduate,No,No,38,97,52,43,62.33,Average,Pass,62.33,0-2 Hours,Below 60%
S1003,19,Female,9,2.0,60,Graduate,Yes,No,86,92,94,65,90.67,Excellent,Pass,90.67,0-2 Hours,Below 60%
S1004,15,Male,12,1.8,52,High School,No,No,74,79,75,50,76.0,Good,Pass,76.0,0-2 Hours,Below 60%
S1005,18,Female,9,3.8,79,Graduate,No,No,58,98,97,76,84.33,Excellent,Pass,84.33,2-4 Hours,75-90%
S1006,17,Female,10,2.7,93,Graduate,No,No,73,77,58,76,69.33,Good,Pass,69.33,2-4 Hours,90-100%
S1007,16,Female,11,1.7,60,High School,Yes,No,70,69,66,61,68.33,Good,Pass,68.33,0-2 Hours,Below 60%
S1008,15,Male,12,4.5,81,High School,No,No,72,69,73,74,71.33,Good,Pass,71.33,4-6 Hours,75-90%
S1009,18,Female,10,0.6,69,High School,Yes,No,47,94,49,59,63.33,Average,Pass,63.33,0-2 Hours,60-75%
S1010,14,Female,12,4.8,57,Postgraduate,Yes,No,36,65,63,81,54.67,Average,Pass,54.67,4-6 Hours,Below 60%
S1011,17,Female,9,5.8,75,Postgraduate,Yes,Yes,62,95,67,40,74.67,Good,Pass,74.67,4-6 Hours,60-75%
S1012,15,Female,9,3.2,98,Graduate,Yes,No,59,75,67,68,67.0,Good,Pass,67.0,2-4 Hours,90-100%
S1013,16,Female,9,4.9,89,Postgraduate,No,Yes,97,43,65,40,68.33,Good,Pass,68.33,4-6 Hours,75-90%
S1014,19,Female,12,4.6,78,Graduate,No,No,59,97,67,85,74.33,Good,Pass,74.33,4-6 Hours,75-90%
S1015,15,Female,9,3.2,78,Graduate,No,No,53,50,70,42,57.67,Average,Pass,57.67,2-4 Hours,75-90%
S1016,18,Female,10,0.7,56,High School,No,No,92,88,100,86,93.33,Excellent,Pass,93.33,0-2 Hours,Below 60%
S1017,16,Female,12,1.6,62,Postgraduate,Yes,No,54,48,81,93,61.0,Average,Pass,61.0,0-2 Hours,60-75%
S1018,16,Male,12,5.1,61,Graduate,Yes,No,40,96,68,90,68.0,Good,Pass,68.0,4-6 Hours,60-75%
S1019,15,Male,10,4.2,57,Postgraduate,No,Yes,49,91,70,87,70.0,Good,Pass,70.0,4-6 Hours,Below 60%
S1020,16,Female,9,3.9,86,Postgraduate,No,Yes,86,64,79,86,76.33,Good,Pass,76.33,2-4 Hours,75-90%
S1021,16,Male,11,5.3,50,High School,No,No,95,66,68,45,76.33,Good,Pass,76.33,4-6 Hours,Below 60%
S1022,15,Male,12,1.0,98,Graduate,No,No,65,89,78,47,77.33,Good,Pass,77.33,0-2 Hours,90-100%
S1023,16,Female,11,3.9,77,High School,No,No,68,58,92,56,72.67,Good,Pass,72.67,2-4 Hours,75-90%
S1024,18,Male,11,5.0,65,Graduate,Yes,No,62,62,61,53,61.67,Average,Pass,61.67,4-6 Hours,60-75%
S1025,16,Female,9,1.7,61,Graduate,Yes,No,86,99,39,78,74.67,Good,Pass,74.67,0-2 Hours,60-75%
S1026,18,Male,11,2.9,60,Graduate,Yes,No,56,42,99,77,65.67,Average,Pass,65.67,2-4 Hours,Below 60%
S1027,17,Female,10,1.5,88,Postgraduate,Yes,No,47,60,95,56,67.33,Good,Pass,67.33,0-2 Hours,75-90%
S1028,18,Male,12,5.1,78,Graduate,No,No,93,92,36,85,73.67,Good,Pass,73.67,4-6 Hours,75-90%
S1029,16,Male,11,1.1,82,Graduate,Yes,No,77,61,49,56,62.33,Average,Pass,62.33,0-2 Hours,75-90%
S1030,15,Female,11,4.3,89,Graduate,No,No,62,35,70,72,55.67,Average,Pass,55.67,4-6 Hours,75-90%
S1031,16,Female,10,2.6,65,High School,No,No,52,49,89,70,63.33,Average,Pass,63.33,2-4 Hours,60-75%
S1032,16,Male,11,1.3,92,High School,Yes,No,85,81,84,50,83.33,Excellent,Pass,83.33,0-2 Hours,90-100%
S1033,17,Female,12,2.0,89,Postgraduate,Yes,No,92,39,50,62,60.33,Average,Pass,60.33,0-2 Hours,75-90%
S1034,18,Female,9,3.4,69,Postgraduate,No,Yes,39,68,49,49,52.0,Average,Pass,52.0,2-4 Hours,60-75%
S1035,17,Female,9,4.1,62,Postgraduate,No,Yes,86,38,56,87,60.0,Average,Pass,60.0,4-6 Hours,60-75%
S1036,16,Male,9,1.0,73,High School,Yes,Yes,92,57,54,74,67.67,Good,Pass,67.67,0-2 Hours,60-75%
S1037,18,Female,9,6.0,68,Graduate,Yes,Yes,40,42,39,86,40.33,Poor,Fail,40.33,4-6 Hours,60-75%
S1038,17,Female,12,2.4,56,High School,No,Yes,77,73,49,88,66.33,Good,Pass,66.33,2-4 Hours,Below 60%
S1039,14,Male,11,2.8,94,Postgraduate,No,Yes,60,76,99,79,78.33,Good,Pass,78.33,2-4 Hours,90-100%
S1040,18,Male,10,0.7,78,Graduate,No,Yes,95,41,42,40,59.33,Average,Pass,59.33,0-2 Hours,75-90%
S1041,15,Female,12,4.5,54,Postgraduate,No,No,82,89,88,68,86.33,Excellent,Pass,86.33,4-6 Hours,Below 60%
S1042,17,Male,10,0.8,99,Postgraduate,No,No,56,96,57,91,69.67,Good,Pass,69.67,0-2 Hours,90-100%
S1043,19,Male,12,3.5,81,High School,Yes,Yes,78,96,91,42,88.33,Excellent,Pass,88.33,2-4 Hours,75-90%
S1044,15,Male,10,4.3,72,Postgraduate,No,Yes,46,45,91,95,60.67,Average,Pass,60.67,4-6 Hours,60-75%
S1045,17,Female,12,2.5,75,Graduate,Yes,No,35,56,66,58,52.33,Average,Pass,52.33,2-4 Hours,60-75%
S1046,14,Female,11,0.9,82,High School,No,Yes,42,72,91,44,68.33,Good,Pass,68.33,0-2 Hours,75-90%
S1047,18,Male,11,5.5,62,High School,Yes,No,81,91,86,66,86.0,Excellent,Pass,86.0,4-6 Hours,60-75%
S1048,19,Male,11,2.0,79,Postgraduate,Yes,No,100,71,62,75,77.67,Good,Pass,77.67,0-2 Hours,75-90%
S1049,17,Female,9,3.3,67,Graduate,No,No,48,98,56,59,67.33,Good,Pass,67.33,2-4 Hours,60-75%
S1050,19,Male,9,5.5,66,Postgraduate,No,Yes,100,95,44,81,79.67,Good,Pass,79.67,4-6 Hours,60-75%
S1051,14,Male,10,5.9,64,Graduate,No,No,73,48,91,66,70.67,Good,Pass,70.67,4-6 Hours,60-75%
S1052,18,Female,12,4.4,66,High School,Yes,Yes,35,69,51,48,51.67,Average,Pass,51.67,4-6 Hours,60-75%
S1053,17,Female,11,3.5,66,High School,No,No,47,65,82,94,64.67,Average,Pass,64.67,2-4 Hours,60-75%
S1054,18,Female,11,5.6,78,Postgraduate,Yes,Yes,77,69,94,41,80.0,Good,Pass,80.0,4-6 Hours,75-90%
S1055,14,Male,11,6.0,51,Postgraduate,No,No,52,44,47,56,47.67,Poor,Fail,47.67,4-6 Hours,Below 60%
S1056,19,Male,11,1.4,58,Postgraduate,Yes,No,94,63,50,72,69.0,Good,Pass,69.0,0-2 Hours,Below 60%
S1057,14,Female,11,5.6,61,Postgraduate,Yes,Yes,42,41,38,87,40.33,Poor,Fail,40.33,4-6 Hours,60-75%
S1058,16,Female,12,3.4,81,Graduate,Yes,No,55,81,66,48,67.33,Good,Pass,67.33,2-4 Hours,75-90%
S1059,17,Female,11,0.6,85,High School,No,Yes,50,93,83,75,75.33,Good,Pass,75.33,0-2 Hours,75-90%
S1060,18,Female,11,3.9,54,High School,No,Yes,92,84,61,88,79.0,Good,Pass,79.0,2-4 Hours,Below 60%
S1061,19,Male,12,1.8,68,Postgraduate,Yes,No,91,92,40,89,74.33,Good,Pass,74.33,0-2 Hours,60-75%
S1062,17,Male,11,4.4,96,Graduate,No,No,57,55,93,58,68.33,Good,Pass,68.33,4-6 Hours,90-100%
S1063,16,Male,11,2.7,97,Graduate,No,No,46,66,40,79,50.67,Average,Pass,50.67,2-4 Hours,90-100%
S1064,18,Female,11,3.9,92,Postgraduate,No,No,82,51,63,58,65.33,Average,Pass,65.33,2-4 Hours,90-100%
S1065,18,Male,10,3.3,85,Postgraduate,No,No,79,73,97,82,83.0,Excellent,Pass,83.0,2-4 Hours,75-90%
S1066,18,Female,12,4.3,88,High School,Yes,No,36,95,39,81,56.67,Average,Pass,56.67,4-6 Hours,75-90%
S1067,16,Female,9,5.4,66,Postgraduate,No,Yes,43,58,89,79,63.33,Average,Pass,63.33,4-6 Hours,60-75%
S1068,16,Male,12,2.6,61,Graduate,Yes,No,71,87,69,65,75.67,Good,Pass,75.67,2-4 Hours,60-75%
S1069,16,Female,12,3.3,90,Postgraduate,No,No,64,54,53,75,57.0,Average,Pass,57.0,2-4 Hours,75-90%
S1070,16,Female,9,5.1,61,High School,No,No,39,47,35,42,40.33,Poor,Fail,40.33,4-6 Hours,60-75%
S1071,17,Male,11,2.1,83,Postgraduate,No,No,97,55,53,63,68.33,Good,Pass,68.33,2-4 Hours,75-90%
S1072,19,Female,11,3.2,84,High School,No,No,69,40,43,95,50.67,Average,Pass,50.67,2-4 Hours,75-90%
S1073,18,Female,11,1.3,61,Graduate,Yes,Yes,44,71,54,55,56.33,Average,Pass,56.33,0-2 Hours,60-75%
S1074,14,Male,10,5.3,78,Postgraduate,Yes,Yes,91,71,42,72,68.0,Good,Pass,68.0,4-6 Hours,75-90%
S1075,14,Male,11,2.3,51,Graduate,Yes,No,45,38,70,71,51.0,Average,Pass,51.0,2-4 Hours,Below 60%
S1076,16,Male,12,3.8,83,Postgraduate,Yes,Yes,65,51,49,87,55.0,Average,Pass,55.0,2-4 Hours,75-90%
S1077,16,Female,9,4.5,55,High School,No,No,55,48,46,81,49.67,Poor,Fail,49.67,4-6 Hours,Below 60%
S1078,18,Male,9,1.6,71,Postgraduate,No,Yes,38,47,78,68,54.33,Average,Pass,54.33,0-2 Hours,60-75%
S1079,19,Female,11,2.6,69,High School,Yes,Yes,79,80,43,54,67.33,Good,Pass,67.33,2-4 Hours,60-75%
S1080,18,Male,12,4.8,59,High School,No,No,55,51,94,80,66.67,Good,Pass,66.67,4-6 Hours,Below 60%
S1081,14,Female,11,5.0,56,Postgraduate,No,Yes,86,77,90,65,84.33,Excellent,Pass,84.33,4-6 Hours,Below 60%
S1082,16,Female,10,3.9,89,Graduate,Yes,Yes,40,94,56,49,63.33,Average,Pass,63.33,2-4 Hours,75-90%
S1083,18,Male,11,2.7,74,High School,Yes,Yes,49,52,38,63,46.33,Poor,Fail,46.33,2-4 Hours,60-75%
S1084,15,Male,11,1.0,68,Graduate,Yes,Yes,44,51,53,54,49.33,Poor,Fail,49.33,0-2 Hours,60-75%
S1085,14,Male,9,3.3,82,Postgraduate,Yes,No,70,97,53,89,73.33,Good,Pass,73.33,2-4 Hours,75-90%
S1086,18,Female,9,2.6,69,Postgraduate,Yes,No,70,38,62,48,56.67,Average,Pass,56.67,2-4 Hours,60-75%
S1087,17,Female,12,3.0,53,Postgraduate,No,Yes,47,95,70,77,70.67,Good,Pass,70.67,2-4 Hours,Below 60%
S1088,17,Female,10,5.2,63,High School,No,No,97,69,40,49,68.67,Good,Pass,68.67,4-6 Hours,60-75%
S1089,14,Male,11,0.6,76,High School,Yes,Yes,50,73,51,56,58.0,Average,Pass,58.0,0-2 Hours,75-90%
S1090,18,Female,11,3.9,66,High School,Yes,No,43,80,69,74,64.0,Average,Pass,64.0,2-4 Hours,60-75%
S1091,15,Female,9,0.8,54,High School,No,Yes,100,38,61,59,66.33,Good,Pass,66.33,0-2 Hours,Below 60%
S1092,14,Male,11,5.3,67,Postgraduate,No,No,64,83,93,71,80.0,Good,Pass,80.0,4-6 Hours,60-75%
S1093,19,Female,12,6.0,52,Graduate,No,No,44,81,92,67,72.33,Good,Pass,72.33,4-6 Hours,Below 60%
S1094,16,Male,10,1.3,92,High School,Yes,No,54,45,44,56,47.67,Poor,Fail,47.67,0-2 Hours,90-100%
S1095,18,Male,12,4.5,57,Postgraduate,Yes,No,82,49,96,85,75.67,Good,Pass,75.67,4-6 Hours,Below 60%
S1096,18,Female,9,3.5,66,Graduate,No,No,67,40,68,46,58.33,Average,Pass,58.33,2-4 Hours,60-75%
S1097,16,Male,12,4.5,80,High School,Yes,Yes,100,70,77,53,82.33,Excellent,Pass,82.33,4-6 Hours,75-90%
S1098,15,Female,10,3.2,62,Graduate,No,No,46,73,58,40,59.0,Average,Pass,59.0,2-4 Hours,60-75%
S1099,16,Male,12,3.7,84,Postgraduate,Yes,No,51,96,48,93,65.0,Average,Pass,65.0,2-4 Hours,75-90%
S1100,14,Female,9,3.1,61,High School,No,Yes,63,49,88,95,66.67,Good,Pass,66.67,2-4 Hours,60-75%
S1101,15,Male,9,4.1,92,Graduate,Yes,Yes,53,40,63,63,52.0,Average,Pass,52.0,4-6 Hours,90-100%
S1102,18,Female,10,5.4,92,High School,Yes,Yes,100,48,79,94,75.67,Good,Pass,75.67,4-6 Hours,90-100%
S1103,15,Female,12,4.2,97,Graduate,No,Yes,48,100,50,61,66.0,Good,Pass,66.0,4-6 Hours,90-100%
S1104,15,Male,10,5.2,66,Postgraduate,Yes,Yes,90,83,56,63,76.33,Good,Pass,76.33,4-6 Hours,60-75%
S1105,18,Male,12,4.4,76,Postgraduate,No,No,90,56,93,81,79.67,Good,Pass,79.67,4-6 Hours,75-90%
S1106,16,Female,10,5.8,77,Graduate,No,Yes,68,100,86,94,84.67,Excellent,Pass,84.67,4-6 Hours,75-90%
S1107,15,Female,9,1.9,99,Graduate,Yes,Yes,97,61,77,53,78.33,Good,Pass,78.33,0-2 Hours,90-100%
S1108,19,Male,10,5.7,97,High School,No,No,87,64,67,64,72.67,Good,Pass,72.67,4-6 Hours,90-100%
S1109,15,Female,9,4.3,69,Postgraduate,No,No,39,39,99,52,59.0,Average,Pass,59.0,4-6 Hours,60-75%
S1110,15,Female,12,1.0,81,Postgraduate,No,Yes,79,37,44,70,53.33,Average,Pass,53.33,0-2 Hours,75-90%
S1111,19,Male,10,2.9,97,Graduate,Yes,Yes,100,53,77,64,76.67,Good,Pass,76.67,2-4 Hours,90-100%
S1112,18,Female,12,3.2,64,High School,No,Yes,36,51,96,79,61.0,Average,Pass,61.0,2-4 Hours,60-75%
S1113,16,Male,10,1.2,59,Postgraduate,Yes,Yes,41,40,41,70,40.67,Poor,Fail,40.67,0-2 Hours,Below 60%
S1114,16,Female,10,5.6,57,Graduate,No,No,73,88,95,54,85.33,Excellent,Pass,85.33,4-6 Hours,Below 60%
S1115,15,Female,10,3.1,55,High School,No,No,90,69,78,67,79.0,Good,Pass,79.0,2-4 Hours,Below 60%
S1116,14,Female,10,3.1,100,High School,Yes,Yes,67,49,46,52,54.0,Average,Pass,54.0,2-4 Hours,90-100%
S1117,19,Male,12,4.4,100,High School,No,Yes,48,38,84,41,56.67,Average,Pass,56.67,4-6 Hours,90-100%
S1118,18,Male,10,4.8,54,High School,No,Yes,78,89,52,68,73.0,Good,Pass,73.0,4-6 Hours,Below 60%
S1119,17,Female,12,5.2,62,Postgraduate,Yes,Yes,57,48,91,56,65.33,Average,Pass,65.33,4-6 Hours,60-75%
S1120,15,Male,12,5.5,85,Graduate,No,No,48,56,54,62,52.67,Average,Pass,52.67,4-6 Hours,75-90%
S1121,16,Female,9,5.0,87,Graduate,No,No,82,78,94,54,84.67,Excellent,Pass,84.67,4-6 Hours,75-90%
S1122,19,Male,11,2.4,93,Graduate,No,Yes,78,80,48,45,68.67,Good,Pass,68.67,2-4 Hours,90-100%
S1123,14,Female,11,3.4,80,Postgraduate,No,Yes,55,84,47,59,62.0,Average,Pass,62.0,2-4 Hours,75-90%
S1124,14,Female,9,5.5,85,High School,Yes,No,73,83,59,68,71.67,Good,Pass,71.67,4-6 Hours,75-90%
S1125,19,Male,9,5.2,94,High School,Yes,Yes,72,63,49,68,61.33,Average,Pass,61.33,4-6 Hours,90-100%
S1126,14,Male,11,5.5,79,Graduate,Yes,Yes,59,70,80,81,69.67,Good,Pass,69.67,4-6 Hours,75-90%
S1127,15,Female,9,3.0,100,Postgraduate,Yes,Yes,36,85,54,43,58.33,Average,Pass,58.33,2-4 Hours,90-100%
S1128,19,Male,9,3.0,85,High School,Yes,Yes,61,89,66,88,72.0,Good,Pass,72.0,2-4 Hours,75-90%
S1129,14,Male,11,1.9,61,Postgraduate,No,No,50,81,58,89,63.0,Average,Pass,63.0,0-2 Hours,60-75%
S1130,14,Male,11,5.3,77,Postgraduate,Yes,Yes,68,68,44,68,60.0,Average,Pass,60.0,4-6 Hours,75-90%
S1131,18,Female,12,1.7,62,Postgraduate,Yes,No,35,48,91,85,58.0,Average,Pass,58.0,0-2 Hours,60-75%
S1132,16,Male,9,4.8,85,High School,No,Yes,68,61,50,48,59.67,Average,Pass,59.67,4-6 Hours,75-90%
S1133,19,Male,9,4.8,74,High School,Yes,Yes,64,49,41,53,51.33,Average,Pass,51.33,4-6 Hours,60-75%
S1134,15,Female,10,3.8,85,Postgraduate,No,Yes,48,35,35,44,39.33,Poor,Fail,39.33,2-4 Hours,75-90%
S1135,16,Male,9,3.6,55,Postgraduate,Yes,Yes,66,67,40,62,57.67,Average,Pass,57.67,2-4 Hours,Below 60%
S1136,18,Female,11,1.4,77,High School,Yes,No,44,87,37,87,56.0,Average,Pass,56.0,0-2 Hours,75-90%
S1137,14,Male,11,2.9,79,Graduate,No,Yes,63,63,50,52,58.67,Average,Pass,58.67,2-4 Hours,75-90%
S1138,14,Female,9,1.9,71,Graduate,No,No,44,62,81,49,62.33,Average,Pass,62.33,0-2 Hours,60-75%
S1139,15,Male,9,2.8,69,Postgraduate,Yes,Yes,49,63,80,62,64.0,Average,Pass,64.0,2-4 Hours,60-75%
S1140,17,Female,10,1.9,95,Graduate,Yes,No,73,84,96,51,84.33,Excellent,Pass,84.33,0-2 Hours,90-100%
S1141,16,Female,11,3.7,96,Postgraduate,No,Yes,95,54,49,57,66.0,Good,Pass,66.0,2-4 Hours,90-100%
S1142,18,Female,12,3.9,85,Postgraduate,No,No,43,99,69,62,70.33,Good,Pass,70.33,2-4 Hours,75-90%
S1143,15,Male,9,3.0,79,Graduate,No,Yes,93,72,68,93,77.67,Good,Pass,77.67,2-4 Hours,75-90%
S1144,16,Female,10,4.2,81,High School,Yes,No,90,49,100,79,79.67,Good,Pass,79.67,4-6 Hours,75-90%
S1145,18,Female,9,3.1,81,Graduate,Yes,No,49,88,57,68,64.67,Average,Pass,64.67,2-4 Hours,75-90%
S1146,18,Male,12,4.8,64,Graduate,No,Yes,94,79,74,53,82.33,Excellent,Pass,82.33,4-6 Hours,60-75%
S1147,14,Female,9,4.4,64,Postgraduate,Yes,Yes,57,96,66,49,73.0,Good,Pass,73.0,4-6 Hours,60-75%
S1148,19,Female,12,3.6,72,Postgraduate,No,Yes,63,40,88,67,63.67,Average,Pass,63.67,2-4 Hours,60-75%
S1149,17,Female,9,2.0,74,Postgraduate,Yes,No,48,85,96,66,76.33,Good,Pass,76.33,0-2 Hours,60-75%
S1150,16,Female,10,5.4,71,High School,No,Yes,83,65,71,63,73.0,Good,Pass,73.0,4-6 Hours,60-75%
S1151,14,Female,10,1.2,58,Postgraduate,No,Yes,60,60,68,42,62.67,Average,Pass,62.67,0-2 Hours,Below 60%
S1152,15,Male,12,5.7,99,Postgraduate,Yes,No,63,36,97,71,65.33,Average,Pass,65.33,4-6 Hours,90-100%
S1153,18,Male,11,2.3,91,Graduate,No,No,81,42,64,66,62.33,Average,Pass,62.33,2-4 Hours,90-100%
S1154,14,Female,12,4.7,99,Postgraduate,No,Yes,89,88,38,48,71.67,Good,Pass,71.67,4-6 Hours,90-100%
S1155,19,Male,11,5.1,74,High School,Yes,No,75,54,79,83,69.33,Good,Pass,69.33,4-6 Hours,60-75%
S1156,18,Female,11,0.6,57,Postgraduate,No,Yes,85,74,78,86,79.0,Good,Pass,79.0,0-2 Hours,Below 60%
S1157,16,Female,11,1.3,85,Postgraduate,Yes,Yes,43,60,92,64,65.0,Average,Pass,65.0,0-2 Hours,75-90%
S1158,17,Female,10,4.0,72,Postgraduate,No,No,73,56,51,74,60.0,Average,Pass,60.0,2-4 Hours,60-75%
S1159,17,Male,9,0.8,87,High School,No,No,59,88,91,68,79.33,Good,Pass,79.33,0-2 Hours,75-90%
S1160,19,Female,12,2.9,96,Graduate,Yes,Yes,62,84,91,47,79.0,Good,Pass,79.0,2-4 Hours,90-100%
S1161,17,Female,11,1.9,83,High School,No,No,57,49,39,64,48.33,Poor,Fail,48.33,0-2 Hours,75-90%
S1162,14,Female,9,0.8,85,Postgraduate,No,Yes,52,81,65,42,66.0,Good,Pass,66.0,0-2 Hours,75-90%
S1163,18,Male,11,2.7,93,Postgraduate,No,No,72,47,57,85,58.67,Average,Pass,58.67,2-4 Hours,90-100%
S1164,18,Female,12,1.2,53,Postgraduate,No,Yes,36,95,36,60,55.67,Average,Pass,55.67,0-2 Hours,Below 60%
S1165,19,Male,9,5.9,79,High School,Yes,No,55,80,89,95,74.67,Good,Pass,74.67,4-6 Hours,75-90%
S1166,17,Male,12,4.6,60,Postgraduate,Yes,No,91,36,51,45,59.33,Average,Pass,59.33,4-6 Hours,Below 60%
S1167,16,Male,9,2.9,54,High School,Yes,Yes,97,50,39,69,62.0,Average,Pass,62.0,2-4 Hours,Below 60%
S1168,17,Female,12,5.6,86,Graduate,Yes,Yes,81,50,95,49,75.33,Good,Pass,75.33,4-6 Hours,75-90%
S1169,19,Female,10,1.0,80,Postgraduate,No,Yes,88,44,74,88,68.67,Good,Pass,68.67,0-2 Hours,75-90%
S1170,17,Female,11,1.7,57,High School,No,No,44,70,61,78,58.33,Average,Pass,58.33,0-2 Hours,Below 60%
S1171,16,Male,11,1.4,54,High School,Yes,Yes,92,60,74,41,75.33,Good,Pass,75.33,0-2 Hours,Below 60%
S1172,16,Male,9,2.9,90,Postgraduate,No,Yes,81,76,89,80,82.0,Excellent,Pass,82.0,2-4 Hours,75-90%
S1173,14,Male,11,2.5,76,High School,No,No,50,90,93,91,77.67,Good,Pass,77.67,2-4 Hours,75-90%
S1174,17,Male,9,4.1,62,High School,Yes,No,85,54,93,50,77.33,Good,Pass,77.33,4-6 Hours,60-75%
S1175,16,Female,10,5.2,72,High School,Yes,No,100,56,51,47,69.0,Good,Pass,69.0,4-6 Hours,60-75%
S1176,15,Male,10,4.3,89,Graduate,Yes,No,80,44,80,51,68.0,Good,Pass,68.0,4-6 Hours,75-90%
S1177,14,Male,10,1.3,64,High School,No,No,68,71,36,55,58.33,Average,Pass,58.33,0-2 Hours,60-75%
S1178,18,Female,11,3.0,100,Graduate,No,Yes,68,79,46,74,64.33,Average,Pass,64.33,2-4 Hours,90-100%
S1179,18,Female,12,0.9,75,High School,No,Yes,94,86,36,70,72.0,Good,Pass,72.0,0-2 Hours,60-75%
S1180,16,Female,9,1.8,97,High School,No,Yes,66,70,84,75,73.33,Good,Pass,73.33,0-2 Hours,90-100%
S1181,19,Male,9,2.8,67,High School,Yes,No,37,65,66,46,56.0,Average,Pass,56.0,2-4 Hours,60-75%
S1182,14,Female,9,4.2,82,Graduate,Yes,No,56,89,88,83,77.67,Good,Pass,77.67,4-6 Hours,75-90%
S1183,18,Female,10,3.8,78,Graduate,No,Yes,93,46,46,50,61.67,Average,Pass,61.67,2-4 Hours,75-90%
S1184,15,Female,10,2.1,70,High School,No,Yes,88,49,39,55,58.67,Average,Pass,58.67,2-4 Hours,60-75%
S1185,19,Female,10,5.8,62,Graduate,Yes,Yes,71,91,50,77,70.67,Good,Pass,70.67,4-6 Hours,60-75%
S1186,16,Male,9,5.8,87,Graduate,No,Yes,86,36,81,65,67.67,Good,Pass,67.67,4-6 Hours,75-90%
S1187,19,Female,10,3.7,70,Postgraduate,Yes,No,89,40,87,95,72.0,Good,Pass,72.0,2-4 Hours,60-75%
S1188,19,Male,10,5.1,88,Postgraduate,No,No,96,58,93,73,82.33,Excellent,Pass,82.33,4-6 Hours,75-90%
S1189,15,Female,11,0.9,79,Postgraduate,Yes,Yes,67,89,39,74,65.0,Average,Pass,65.0,0-2 Hours,75-90%
S1190,18,Female,12,5.0,81,Postgraduate,Yes,Yes,92,35,79,71,68.67,Good,Pass,68.67,4-6 Hours,75-90%
S1191,16,Female,12,1.6,72,High School,Yes,Yes,58,51,66,73,58.33,Average,Pass,58.33,0-2 Hours,60-75%
S1192,18,Female,9,0.7,81,High School,No,No,55,88,91,89,78.0,Good,Pass,78.0,0-2 Hours,75-90%
S1193,19,Female,12,2.4,63,Graduate,No,Yes,55,35,40,73,43.33,Poor,Fail,43.33,2-4 Hours,60-75%
S1194,14,Male,12,5.0,89,Postgraduate,No,No,38,47,76,76,53.67,Average,Pass,53.67,4-6 Hours,75-90%
S1195,19,Male,10,1.3,55,Postgraduate,Yes,No,88,68,73,51,76.33,Good,Pass,76.33,0-2 Hours,Below 60%
S1196,18,Male,9,4.0,84,High School,Yes,Yes,62,64,64,60,63.33,Average,Pass,63.33,2-4 Hours,75-90%
S1197,18,Male,9,2.1,94,Postgraduate,No,Yes,84,62,94,85,80.0,Good,Pass,80.0,2-4 Hours,90-100%
S1198,19,Male,10,5.4,97,High School,Yes,Yes,38,43,99,61,60.0,Average,Pass,60.0,4-6 Hours,90-100%
S1199,19,Male,10,5.7,97,High School,Yes,No,60,75,45,58,60.0,Average,Pass,60.0,4-6 Hours,90-100%
S1200,15,Female,9,3.1,73,Graduate,No,No,94,82,65,64,80.33,Good,Pass,80.33,2-4 Hours,60-75%
S1201,14,Female,10,5.7,94,Graduate,Yes,No,89,78,93,92,86.67,Excellent,Pass,86.67,4-6 Hours,90-100%
S1202,19,Female,11,0.7,89,Postgraduate,Yes,No,70,51,65,72,62.0,Average,Pass,62.0,0-2 Hours,75-90%
S1203,15,Female,11,3.3,97,Postgraduate,Yes,Yes,60,65,61,88,62.0,Average,Pass,62.0,2-4 Hours,90-100%
S1204,19,Female,11,5.4,62,High School,Yes,No,71,60,51,95,60.67,Average,Pass,60.67,4-6 Hours,60-75%
S1205,17,Female,9,4.8,68,Graduate,No,No,67,81,73,76,73.67,Good,Pass,73.67,4-6 Hours,60-75%
S1206,18,Male,11,5.7,78,Postgraduate,Yes,No,89,99,48,72,78.67,Good,Pass,78.67,4-6 Hours,75-90%
S1207,15,Male,11,4.9,58,Postgraduate,No,Yes,36,92,45,51,57.67,Average,Pass,57.67,4-6 Hours,Below 60%
S1208,19,Male,10,5.7,63,Postgraduate,No,No,35,41,52,76,42.67,Poor,Fail,42.67,4-6 Hours,60-75%
S1209,16,Male,10,1.8,53,Graduate,No,Yes,63,73,49,75,61.67,Average,Pass,61.67,0-2 Hours,Below 60%
S1210,16,Female,12,3.9,73,Graduate,No,No,89,45,51,64,61.67,Average,Pass,61.67,2-4 Hours,60-75%
S1211,16,Female,11,2.0,60,Postgraduate,Yes,Yes,86,60,44,93,63.33,Average,Pass,63.33,0-2 Hours,Below 60%
S1212,18,Male,9,0.5,84,Graduate,No,No,83,68,60,50,70.33,Good,Pass,70.33,0-2 Hours,75-90%
S1213,15,Male,11,2.2,69,High School,Yes,Yes,66,74,69,48,69.67,Good,Pass,69.67,2-4 Hours,60-75%
S1214,14,Male,9,2.0,66,Postgraduate,Yes,Yes,77,45,97,90,73.0,Good,Pass,73.0,0-2 Hours,60-75%
S1215,18,Female,10,4.3,63,Graduate,No,No,64,35,73,44,57.33,Average,Pass,57.33,4-6 Hours,60-75%
S1216,14,Male,11,0.6,83,Graduate,No,Yes,48,86,87,58,73.67,Good,Pass,73.67,0-2 Hours,75-90%
S1217,17,Male,9,1.8,95,Graduate,No,No,89,64,37,69,63.33,Average,Pass,63.33,0-2 Hours,90-100%
S1218,14,Female,11,5.5,75,Postgraduate,No,Yes,90,68,37,85,65.0,Average,Pass,65.0,4-6 Hours,60-75%
S1219,16,Female,10,4.0,70,Postgraduate,Yes,Yes,81,79,77,54,79.0,Good,Pass,79.0,2-4 Hours,60-75%
S1220,18,Male,12,4.4,73,High School,No,No,72,60,56,86,62.67,Average,Pass,62.67,4-6 Hours,60-75%
S1221,14,Female,10,6.0,72,Postgraduate,No,Yes,43,84,88,55,71.67,Good,Pass,71.67,4-6 Hours,60-75%
S1222,15,Female,10,3.4,90,Graduate,No,No,45,70,95,54,70.0,Good,Pass,70.0,2-4 Hours,75-90%
S1223,19,Male,10,3.6,63,Graduate,No,Yes,44,89,99,95,77.33,Good,Pass,77.33,2-4 Hours,60-75%
S1224,14,Male,12,0.6,67,High School,Yes,Yes,99,48,45,70,64.0,Average,Pass,64.0,0-2 Hours,60-75%
S1225,14,Female,12,2.0,71,Postgraduate,Yes,Yes,87,56,44,87,62.33,Average,Pass,62.33,0-2 Hours,60-75%
S1226,16,Female,10,2.2,67,Postgraduate,No,Yes,81,90,93,62,88.0,Excellent,Pass,88.0,2-4 Hours,60-75%
S1227,18,Male,12,5.7,95,Postgraduate,Yes,No,42,48,41,61,43.67,Poor,Fail,43.67,4-6 Hours,90-100%
S1228,14,Male,12,3.6,66,Graduate,No,Yes,98,82,72,92,84.0,Excellent,Pass,84.0,2-4 Hours,60-75%
S1229,16,Male,12,5.3,55,High School,No,Yes,80,65,43,76,62.67,Average,Pass,62.67,4-6 Hours,Below 60%
S1230,18,Male,9,5.5,93,Postgraduate,Yes,Yes,71,64,66,77,67.0,Good,Pass,67.0,4-6 Hours,90-100%
S1231,14,Male,9,5.3,60,Postgraduate,No,No,94,68,77,84,79.67,Good,Pass,79.67,4-6 Hours,Below 60%
S1232,17,Male,11,1.7,53,Postgraduate,No,No,37,55,60,60,50.67,Average,Pass,50.67,0-2 Hours,Below 60%
S1233,19,Female,9,1.0,87,Postgraduate,No,Yes,91,83,65,81,79.67,Good,Pass,79.67,0-2 Hours,75-90%
S1234,17,Male,11,3.1,99,High School,Yes,No,42,72,56,82,56.67,Average,Pass,56.67,2-4 Hours,90-100%
S1235,18,Male,10,3.4,92,Graduate,No,Yes,41,74,87,52,67.33,Good,Pass,67.33,2-4 Hours,90-100%
S1236,17,Female,12,2.6,81,Postgraduate,Yes,Yes,73,57,81,47,70.33,Good,Pass,70.33,2-4 Hours,75-90%
S1237,16,Female,11,3.2,66,Postgraduate,No,No,72,36,47,40,51.67,Average,Pass,51.67,2-4 Hours,60-75%
S1238,14,Male,12,1.1,81,Graduate,No,Yes,77,88,88,59,84.33,Excellent,Pass,84.33,0-2 Hours,75-90%
S1239,14,Male,9,5.9,90,Graduate,No,Yes,87,51,51,50,63.0,Average,Pass,63.0,4-6 Hours,75-90%
S1240,18,Male,9,5.2,60,Graduate,No,Yes,87,55,38,80,60.0,Average,Pass,60.0,4-6 Hours,Below 60%
S1241,16,Male,12,4.9,95,High School,No,No,75,72,53,70,66.67,Good,Pass,66.67,4-6 Hours,90-100%
S1242,18,Female,12,2.4,63,High School,No,Yes,73,76,94,92,81.0,Excellent,Pass,81.0,2-4 Hours,60-75%
S1243,15,Male,12,3.6,57,Postgraduate,No,Yes,68,80,75,73,74.33,Good,Pass,74.33,2-4 Hours,Below 60%
S1244,17,Male,10,1.6,63,Postgraduate,Yes,Yes,57,94,72,43,74.33,Good,Pass,74.33,0-2 Hours,60-75%
S1245,16,Female,12,0.5,78,Graduate,Yes,Yes,68,44,43,69,51.67,Average,Pass,51.67,0-2 Hours,75-90%
S1246,19,Male,11,0.9,95,Postgraduate,No,Yes,72,38,79,40,63.0,Average,Pass,63.0,0-2 Hours,90-100%
S1247,16,Female,10,4.4,92,Postgraduate,Yes,Yes,44,79,67,89,63.33,Average,Pass,63.33,4-6 Hours,90-100%
S1248,18,Male,11,2.8,65,High School,No,No,65,99,49,70,71.0,Good,Pass,71.0,2-4 Hours,60-75%
S1249,18,Female,12,5.7,61,Postgraduate,Yes,No,74,78,88,68,80.0,Good,Pass,80.0,4-6 Hours,60-75%
S1250,15,Male,11,1.5,93,Postgraduate,Yes,Yes,83,49,52,62,61.33,Average,Pass,61.33,0-2 Hours,90-100%
S1251,18,Male,10,1.6,53,High School,Yes,Yes,73,37,41,93,50.33,Average,Pass,50.33,0-2 Hours,Below 60%
S1252,14,Male,12,4.9,52,Postgraduate,Yes,Yes,79,100,91,72,90.0,Excellent,Pass,90.0,4-6 Hours,Below 60%
S1253,14,Male,9,5.9,97,Graduate,No,Yes,85,81,51,93,72.33,Good,Pass,72.33,4-6 Hours,90-100%
S1254,18,Female,10,3.8,67,Postgraduate,Yes,Yes,69,57,90,64,72.0,Good,Pass,72.0,2-4 Hours,60-75%
S1255,14,Male,9,2.2,76,Graduate,No,Yes,37,57,62,63,52.0,Average,Pass,52.0,2-4 Hours,75-90%
S1256,17,Male,10,1.2,90,Graduate,Yes,Yes,60,66,83,76,69.67,Good,Pass,69.67,0-2 Hours,75-90%
S1257,16,Female,10,1.8,79,High School,Yes,No,68,35,75,49,59.33,Average,Pass,59.33,0-2 Hours,75-90%
S1258,16,Female,10,4.3,82,Postgraduate,No,Yes,66,40,35,82,47.0,Poor,Fail,47.0,4-6 Hours,75-90%
S1259,18,Female,12,5.1,79,Postgraduate,Yes,No,78,77,81,51,78.67,Good,Pass,78.67,4-6 Hours,75-90%
S1260,17,Male,12,4.3,98,Graduate,Yes,No,58,84,75,66,72.33,Good,Pass,72.33,4-6 Hours,90-100%
S1261,15,Female,10,2.6,57,High School,No,Yes,84,57,66,63,69.0,Good,Pass,69.0,2-4 Hours,Below 60%
S1262,17,Male,10,3.4,61,Postgraduate,Yes,Yes,77,74,73,42,74.67,Good,Pass,74.67,2-4 Hours,60-75%
S1263,16,Female,9,3.7,85,Postgraduate,No,No,97,41,59,72,65.67,Average,Pass,65.67,2-4 Hours,75-90%
S1264,19,Female,12,3.6,83,High School,No,No,56,52,89,66,65.67,Average,Pass,65.67,2-4 Hours,75-90%
S1265,18,Female,11,4.8,73,High School,No,No,71,40,86,75,65.67,Average,Pass,65.67,4-6 Hours,60-75%
S1266,19,Male,11,4.6,97,Postgraduate,No,No,66,69,82,75,72.33,Good,Pass,72.33,4-6 Hours,90-100%
S1267,15,Male,10,1.2,60,Postgraduate,Yes,No,88,75,51,82,71.33,Good,Pass,71.33,0-2 Hours,Below 60%
S1268,18,Female,10,2.0,83,Graduate,Yes,Yes,89,86,79,56,84.67,Excellent,Pass,84.67,0-2 Hours,75-90%
S1269,16,Female,11,2.3,91,Postgraduate,No,Yes,47,85,72,59,68.0,Good,Pass,68.0,2-4 Hours,90-100%
S1270,17,Male,12,0.9,88,Postgraduate,No,Yes,44,80,58,88,60.67,Average,Pass,60.67,0-2 Hours,75-90%
S1271,15,Female,10,0.9,66,Graduate,No,Yes,70,95,58,53,74.33,Good,Pass,74.33,0-2 Hours,60-75%
S1272,15,Female,10,4.4,94,Postgraduate,No,Yes,53,42,76,68,57.0,Average,Pass,57.0,4-6 Hours,90-100%
S1273,19,Male,10,3.6,64,Graduate,No,No,57,81,64,95,67.33,Good,Pass,67.33,2-4 Hours,60-75%
S1274,18,Female,10,2.2,86,Postgraduate,No,No,49,52,55,54,52.0,Average,Pass,52.0,2-4 Hours,75-90%
S1275,18,Female,9,3.8,52,Postgraduate,No,No,69,54,87,95,70.0,Good,Pass,70.0,2-4 Hours,Below 60%
S1276,17,Female,12,5.6,50,Graduate,Yes,Yes,78,72,51,44,67.0,Good,Pass,67.0,4-6 Hours,Below 60%
S1277,18,Male,9,1.1,55,Graduate,No,Yes,40,74,81,48,65.0,Average,Pass,65.0,0-2 Hours,Below 60%
S1278,16,Male,11,1.8,66,Graduate,No,No,92,55,53,82,66.67,Good,Pass,66.67,0-2 Hours,60-75%
S1279,14,Female,10,1.5,79,Postgraduate,Yes,No,37,36,44,78,39.0,Poor,Fail,39.0,0-2 Hours,75-90%
S1280,19,Male,11,5.8,68,Postgraduate,No,No,64,40,49,69,51.0,Average,Pass,51.0,4-6 Hours,60-75%
S1281,16,Female,10,5.7,78,Postgraduate,No,Yes,76,55,71,73,67.33,Good,Pass,67.33,4-6 Hours,75-90%
S1282,16,Female,11,3.9,60,Graduate,No,Yes,42,79,47,45,56.0,Average,Pass,56.0,2-4 Hours,Below 60%
S1283,19,Female,11,2.0,58,Graduate,Yes,No,46,100,82,95,76.0,Good,Pass,76.0,0-2 Hours,Below 60%
S1284,14,Male,12,5.6,92,Graduate,No,Yes,62,66,37,79,55.0,Average,Pass,55.0,4-6 Hours,90-100%
S1285,16,Male,11,5.7,56,Graduate,Yes,No,51,44,57,70,50.67,Average,Pass,50.67,4-6 Hours,Below 60%
S1286,19,Female,11,5.6,70,Postgraduate,Yes,Yes,97,62,91,92,83.33,Excellent,Pass,83.33,4-6 Hours,60-75%
S1287,15,Female,12,5.3,83,High School,No,Yes,82,53,78,65,71.0,Good,Pass,71.0,4-6 Hours,75-90%
S1288,16,Male,10,5.9,70,Postgraduate,Yes,No,49,91,35,95,58.33,Average,Pass,58.33,4-6 Hours,60-75%
S1289,19,Male,11,4.0,67,High School,Yes,Yes,98,71,78,59,82.33,Excellent,Pass,82.33,2-4 Hours,60-75%
S1290,15,Male,9,4.5,94,Postgraduate,Yes,No,75,54,94,69,74.33,Good,Pass,74.33,4-6 Hours,90-100%
S1291,16,Female,10,2.4,91,Postgraduate,Yes,No,44,59,86,46,63.0,Average,Pass,63.0,2-4 Hours,90-100%
S1292,18,Male,9,4.5,88,High School,Yes,Yes,73,49,57,47,59.67,Average,Pass,59.67,4-6 Hours,75-90%
S1293,16,Female,9,2.4,51,Postgraduate,No,No,90,68,50,83,69.33,Good,Pass,69.33,2-4 Hours,Below 60%
S1294,16,Male,12,0.6,72,Graduate,No,Yes,79,50,99,72,76.0,Good,Pass,76.0,0-2 Hours,60-75%
S1295,18,Female,11,1.7,72,Graduate,Yes,No,35,62,38,44,45.0,Poor,Fail,45.0,0-2 Hours,60-75%
S1296,17,Male,10,2.1,52,High School,No,No,65,99,82,67,82.0,Excellent,Pass,82.0,2-4 Hours,Below 60%
S1297,16,Female,12,1.1,83,High School,No,Yes,87,69,38,81,64.67,Average,Pass,64.67,0-2 Hours,75-90%
S1298,16,Male,9,4.6,84,Graduate,No,No,43,69,40,83,50.67,Average,Pass,50.67,4-6 Hours,75-90%
S1299,14,Male,9,1.9,69,Graduate,No,No,41,85,56,75,60.67,Average,Pass,60.67,0-2 Hours,60-75%
S1300,14,Female,11,2.1,62,Graduate,No,Yes,43,90,49,49,60.67,Average,Pass,60.67,2-4 Hours,60-75%
S1301,19,Male,12,2.8,56,High School,Yes,No,37,99,96,74,77.33,Good,Pass,77.33,2-4 Hours,Below 60%
S1302,17,Male,10,5.2,99,High School,Yes,Yes,93,68,48,85,69.67,Good,Pass,69.67,4-6 Hours,90-100%
S1303,16,Male,9,2.6,79,High School,Yes,No,53,48,76,61,59.0,Average,Pass,59.0,2-4 Hours,75-90%
S1304,18,Female,9,4.7,96,High School,No,Yes,41,50,35,48,42.0,Poor,Fail,42.0,4-6 Hours,90-100%
S1305,15,Male,9,4.9,55,Graduate,No,No,46,74,52,80,57.33,Average,Pass,57.33,4-6 Hours,Below 60%
S1306,19,Female,10,1.1,84,High School,Yes,Yes,54,51,59,95,54.67,Average,Pass,54.67,0-2 Hours,75-90%
S1307,14,Female,10,1.9,61,Postgraduate,Yes,Yes,77,50,41,84,56.0,Average,Pass,56.0,0-2 Hours,60-75%
S1308,15,Male,11,3.6,91,High School,No,Yes,64,69,90,65,74.33,Good,Pass,74.33,2-4 Hours,90-100%
S1309,15,Male,9,4.2,70,Postgraduate,Yes,Yes,78,86,49,49,71.0,Good,Pass,71.0,4-6 Hours,60-75%
S1310,17,Male,10,3.3,52,Graduate,Yes,Yes,100,73,98,66,90.33,Excellent,Pass,90.33,2-4 Hours,Below 60%
S1311,18,Male,11,5.5,87,Graduate,No,No,98,70,47,54,71.67,Good,Pass,71.67,4-6 Hours,75-90%
S1312,16,Female,9,4.8,61,Graduate,No,Yes,51,58,99,69,69.33,Good,Pass,69.33,4-6 Hours,60-75%
S1313,18,Female,11,5.7,80,Graduate,No,Yes,73,39,70,69,60.67,Average,Pass,60.67,4-6 Hours,75-90%
S1314,17,Male,10,2.3,74,Postgraduate,Yes,Yes,69,90,61,42,73.33,Good,Pass,73.33,2-4 Hours,60-75%
S1315,19,Female,10,3.2,57,Postgraduate,Yes,Yes,48,73,55,52,58.67,Average,Pass,58.67,2-4 Hours,Below 60%
S1316,17,Female,12,5.2,98,Graduate,Yes,Yes,68,90,38,50,65.33,Average,Pass,65.33,4-6 Hours,90-100%
S1317,18,Female,10,3.8,84,Postgraduate,No,No,93,37,48,69,59.33,Average,Pass,59.33,2-4 Hours,75-90%
S1318,17,Female,10,2.0,68,High School,No,Yes,81,79,70,43,76.67,Good,Pass,76.67,0-2 Hours,60-75%
S1319,15,Male,9,2.1,55,Postgraduate,Yes,No,95,71,84,67,83.33,Excellent,Pass,83.33,2-4 Hours,Below 60%
S1320,17,Male,10,5.0,81,Postgraduate,No,Yes,73,81,90,83,81.33,Excellent,Pass,81.33,4-6 Hours,75-90%
S1321,18,Female,12,1.3,84,Graduate,No,No,57,50,94,94,67.0,Good,Pass,67.0,0-2 Hours,75-90%
S1322,16,Female,11,2.4,51,Graduate,Yes,No,82,98,71,95,83.67,Excellent,Pass,83.67,2-4 Hours,Below 60%
S1323,14,Male,9,2.5,78,Graduate,No,Yes,39,86,68,91,64.33,Average,Pass,64.33,2-4 Hours,75-90%
S1324,19,Male,10,0.8,90,High School,Yes,Yes,39,42,91,44,57.33,Average,Pass,57.33,0-2 Hours,75-90%
S1325,15,Male,10,5.3,96,High School,No,Yes,88,60,62,44,70.0,Good,Pass,70.0,4-6 Hours,90-100%
S1326,15,Male,9,5.1,68,High School,Yes,No,65,57,37,84,53.0,Average,Pass,53.0,4-6 Hours,60-75%
S1327,19,Female,9,5.3,97,Postgraduate,Yes,No,71,58,56,50,61.67,Average,Pass,61.67,4-6 Hours,90-100%
S1328,14,Female,10,1.2,64,High School,Yes,Yes,85,52,53,42,63.33,Average,Pass,63.33,0-2 Hours,60-75%
S1329,16,Male,10,0.6,91,High School,Yes,Yes,70,96,92,80,86.0,Excellent,Pass,86.0,0-2 Hours,90-100%
S1330,18,Female,10,2.5,100,Postgraduate,Yes,No,37,43,38,49,39.33,Poor,Fail,39.33,2-4 Hours,90-100%
S1331,17,Female,10,1.4,59,Postgraduate,Yes,Yes,61,100,56,85,72.33,Good,Pass,72.33,0-2 Hours,Below 60%
S1332,17,Female,11,4.7,53,Graduate,Yes,No,78,35,99,55,70.67,Good,Pass,70.67,4-6 Hours,Below 60%
S1333,14,Female,11,2.9,93,Postgraduate,No,No,95,83,54,92,77.33,Good,Pass,77.33,2-4 Hours,90-100%
S1334,14,Female,10,3.6,78,Graduate,Yes,Yes,37,91,55,65,61.0,Average,Pass,61.0,2-4 Hours,75-90%
S1335,14,Female,12,2.8,58,High School,No,No,66,69,84,59,73.0,Good,Pass,73.0,2-4 Hours,Below 60%
S1336,17,Male,11,2.4,81,High School,No,No,92,69,96,69,85.67,Excellent,Pass,85.67,2-4 Hours,75-90%
S1337,14,Female,11,4.6,58,Graduate,Yes,Yes,95,39,57,83,63.67,Average,Pass,63.67,4-6 Hours,Below 60%
S1338,19,Male,11,1.9,73,Graduate,Yes,Yes,62,63,59,65,61.33,Average,Pass,61.33,0-2 Hours,60-75%
S1339,16,Male,9,4.1,79,High School,No,No,94,63,46,44,67.67,Good,Pass,67.67,4-6 Hours,75-90%
S1340,17,Female,9,2.5,51,Graduate,No,No,100,57,53,75,70.0,Good,Pass,70.0,2-4 Hours,Below 60%
S1341,18,Female,12,0.8,75,High School,No,Yes,78,78,72,70,76.0,Good,Pass,76.0,0-2 Hours,60-75%
S1342,18,Male,9,3.1,73,High School,Yes,Yes,66,47,85,92,66.0,Good,Pass,66.0,2-4 Hours,60-75%
S1343,19,Female,11,2.4,62,Postgraduate,No,No,46,83,89,88,72.67,Good,Pass,72.67,2-4 Hours,60-75%
S1344,17,Male,11,1.2,64,Graduate,Yes,No,40,68,60,88,56.0,Average,Pass,56.0,0-2 Hours,60-75%
S1345,16,Female,9,5.2,68,Graduate,No,Yes,49,79,45,49,57.67,Average,Pass,57.67,4-6 Hours,60-75%
S1346,17,Male,10,1.9,73,High School,No,Yes,81,90,84,68,85.0,Excellent,Pass,85.0,0-2 Hours,60-75%
S1347,18,Male,11,4.7,64,Graduate,No,No,76,58,84,70,72.67,Good,Pass,72.67,4-6 Hours,60-75%
S1348,18,Female,12,3.2,93,High School,Yes,Yes,63,94,93,58,83.33,Excellent,Pass,83.33,2-4 Hours,90-100%
S1349,15,Male,10,1.1,89,Postgraduate,No,No,72,74,53,57,66.33,Good,Pass,66.33,0-2 Hours,75-90%
S1350,16,Female,11,4.0,88,High School,No,No,57,89,85,56,77.0,Good,Pass,77.0,2-4 Hours,75-90%
S1351,15,Male,10,5.8,65,Graduate,No,Yes,55,54,61,71,56.67,Average,Pass,56.67,4-6 Hours,60-75%
S1352,16,Female,10,3.2,97,High School,No,No,36,97,76,84,69.67,Good,Pass,69.67,2-4 Hours,90-100%
S1353,14,Female,11,4.1,92,Graduate,Yes,Yes,94,77,97,56,89.33,Excellent,Pass,89.33,4-6 Hours,90-100%
S1354,18,Male,12,4.7,71,Postgraduate,No,No,37,60,94,71,63.67,Average,Pass,63.67,4-6 Hours,60-75%
S1355,14,Female,11,0.9,51,High School,No,Yes,87,57,41,68,61.67,Average,Pass,61.67,0-2 Hours,Below 60%
S1356,18,Female,12,0.5,78,Postgraduate,No,Yes,71,67,97,85,78.33,Good,Pass,78.33,0-2 Hours,75-90%
S1357,18,Male,9,2.8,93,Postgraduate,No,Yes,90,87,99,52,92.0,Excellent,Pass,92.0,2-4 Hours,90-100%
S1358,15,Male,12,2.7,79,Postgraduate,Yes,No,64,92,71,89,75.67,Good,Pass,75.67,2-4 Hours,75-90%
S1359,17,Male,11,4.3,95,High School,Yes,Yes,86,94,79,50,86.33,Excellent,Pass,86.33,4-6 Hours,90-100%
S1360,17,Male,9,2.9,56,Graduate,No,Yes,75,67,37,76,59.67,Average,Pass,59.67,2-4 Hours,Below 60%
S1361,19,Female,9,3.4,80,Postgraduate,Yes,No,36,65,76,63,59.0,Average,Pass,59.0,2-4 Hours,75-90%
S1362,19,Female,9,3.7,89,Graduate,Yes,Yes,65,86,76,55,75.67,Good,Pass,75.67,2-4 Hours,75-90%
S1363,16,Female,10,1.9,55,High School,Yes,No,39,97,41,91,59.0,Average,Pass,59.0,0-2 Hours,Below 60%
S1364,15,Male,10,1.5,70,Postgraduate,Yes,No,79,42,56,67,59.0,Average,Pass,59.0,0-2 Hours,60-75%
S1365,14,Female,12,0.9,100,Graduate,No,Yes,91,99,46,43,78.67,Good,Pass,78.67,0-2 Hours,90-100%
S1366,16,Male,11,4.5,58,Postgraduate,No,No,79,81,84,41,81.33,Excellent,Pass,81.33,4-6 Hours,Below 60%
S1367,18,Female,11,3.2,69,Graduate,Yes,Yes,82,59,75,65,72.0,Good,Pass,72.0,2-4 Hours,60-75%
S1368,16,Female,10,1.3,52,Postgraduate,No,No,49,72,74,48,65.0,Average,Pass,65.0,0-2 Hours,Below 60%
S1369,16,Male,11,3.6,85,High School,No,Yes,98,59,78,56,78.33,Good,Pass,78.33,2-4 Hours,75-90%
S1370,17,Male,11,5.3,72,Graduate,No,No,72,66,74,58,70.67,Good,Pass,70.67,4-6 Hours,60-75%
S1371,18,Male,9,1.4,52,Graduate,No,Yes,61,70,44,94,58.33,Average,Pass,58.33,0-2 Hours,Below 60%
S1372,14,Male,10,5.8,53,Postgraduate,No,No,72,39,39,87,50.0,Average,Pass,50.0,4-6 Hours,Below 60%
S1373,18,Male,10,2.6,79,High School,Yes,Yes,82,96,55,46,77.67,Good,Pass,77.67,2-4 Hours,75-90%
S1374,15,Female,11,5.2,50,Graduate,Yes,Yes,49,49,81,55,59.67,Average,Pass,59.67,4-6 Hours,Below 60%
S1375,17,Male,11,3.6,77,Postgraduate,No,No,77,64,91,58,77.33,Good,Pass,77.33,2-4 Hours,75-90%
S1376,18,Female,10,4.7,50,Postgraduate,No,No,57,68,37,63,54.0,Average,Pass,54.0,4-6 Hours,Below 60%
S1377,19,Male,11,2.8,53,Postgraduate,No,No,62,70,61,82,64.33,Average,Pass,64.33,2-4 Hours,Below 60%
S1378,14,Male,11,3.6,77,Postgraduate,No,Yes,57,43,61,40,53.67,Average,Pass,53.67,2-4 Hours,75-90%
S1379,19,Female,9,5.0,76,Postgraduate,Yes,Yes,64,94,38,49,65.33,Average,Pass,65.33,4-6 Hours,75-90%
S1380,19,Male,10,1.3,82,Graduate,Yes,Yes,86,81,71,42,79.33,Good,Pass,79.33,0-2 Hours,75-90%
S1381,14,Male,9,4.8,81,Graduate,Yes,Yes,38,51,63,73,50.67,Average,Pass,50.67,4-6 Hours,75-90%
S1382,18,Female,9,1.6,82,Postgraduate,Yes,No,72,100,47,50,73.0,Good,Pass,73.0,0-2 Hours,75-90%
S1383,18,Female,11,4.7,53,Postgraduate,Yes,No,59,47,93,46,66.33,Good,Pass,66.33,4-6 Hours,Below 60%
S1384,16,Male,9,0.6,92,Graduate,Yes,No,89,74,55,68,72.67,Good,Pass,72.67,0-2 Hours,90-100%
S1385,14,Male,9,1.0,100,Postgraduate,Yes,Yes,70,89,75,46,78.0,Good,Pass,78.0,0-2 Hours,90-100%
S1386,14,Female,10,4.6,74,Graduate,Yes,Yes,38,56,48,48,47.33,Poor,Fail,47.33,4-6 Hours,60-75%
S1387,15,Male,12,4.1,93,Graduate,No,Yes,84,88,49,79,73.67,Good,Pass,73.67,4-6 Hours,90-100%
S1388,14,Female,9,4.4,98,High School,No,No,93,36,56,82,61.67,Average,Pass,61.67,4-6 Hours,90-100%
S1389,14,Male,9,5.5,53,Graduate,No,No,81,90,54,76,75.0,Good,Pass,75.0,4-6 Hours,Below 60%
S1390,15,Male,11,5.5,79,Postgraduate,No,No,100,64,35,43,66.33,Good,Pass,66.33,4-6 Hours,75-90%
S1391,18,Male,10,1.7,73,Postgraduate,No,Yes,65,95,57,46,72.33,Good,Pass,72.33,0-2 Hours,60-75%
S1392,14,Male,11,1.7,51,High School,Yes,No,90,76,82,88,82.67,Excellent,Pass,82.67,0-2 Hours,Below 60%
S1393,18,Male,12,1.4,64,Postgraduate,Yes,Yes,43,50,94,57,62.33,Average,Pass,62.33,0-2 Hours,60-75%
S1394,16,Male,12,1.5,60,Graduate,Yes,Yes,99,61,71,84,77.0,Good,Pass,77.0,0-2 Hours,Below 60%
S1395,19,Female,9,4.3,73,High School,No,Yes,82,98,37,50,72.33,Good,Pass,72.33,4-6 Hours,60-75%
S1396,16,Female,9,2.2,97,Postgraduate,Yes,Yes,71,43,85,69,66.33,Good,Pass,66.33,2-4 Hours,90-100%
S1397,19,Female,12,5.2,75,High School,No,No,60,37,82,60,59.67,Average,Pass,59.67,4-6 Hours,60-75%
S1398,17,Female,10,4.7,96,Graduate,Yes,Yes,43,74,90,40,69.0,Good,Pass,69.0,4-6 Hours,90-100%
S1399,15,Female,10,3.1,62,High School,No,Yes,48,35,42,54,41.67,Poor,Fail,41.67,2-4 Hours,60-75%
S1400,17,Female,12,2.9,89,Graduate,No,Yes,96,35,53,83,61.33,Average,Pass,61.33,2-4 Hours,75-90%
S1401,14,Female,9,1.1,93,Graduate,Yes,No,93,80,85,61,86.0,Excellent,Pass,86.0,0-2 Hours,90-100%
S1402,19,Male,10,0.9,56,High School,Yes,No,39,60,35,63,44.67,Poor,Fail,44.67,0-2 Hours,Below 60%
S1403,14,Female,9,4.2,89,High School,No,No,68,92,48,75,69.33,Good,Pass,69.33,4-6 Hours,75-90%
S1404,17,Male,11,4.1,70,Graduate,No,Yes,82,92,39,50,71.0,Good,Pass,71.0,4-6 Hours,60-75%
S1405,16,Male,11,5.6,56,Graduate,Yes,Yes,79,46,56,43,60.33,Average,Pass,60.33,4-6 Hours,Below 60%
S1406,17,Female,10,1.3,86,High School,No,Yes,65,67,67,56,66.33,Good,Pass,66.33,0-2 Hours,75-90%
S1407,18,Female,10,2.9,73,Graduate,Yes,Yes,68,48,60,78,58.67,Average,Pass,58.67,2-4 Hours,60-75%
S1408,17,Male,10,1.5,89,High School,No,Yes,50,89,45,78,61.33,Average,Pass,61.33,0-2 Hours,75-90%
S1409,14,Female,9,2.9,86,Postgraduate,No,No,89,99,48,76,78.67,Good,Pass,78.67,2-4 Hours,75-90%
S1410,18,Male,9,1.0,84,Postgraduate,No,Yes,53,63,42,44,52.67,Average,Pass,52.67,0-2 Hours,75-90%
S1411,16,Male,11,5.7,51,High School,Yes,Yes,78,93,72,50,81.0,Excellent,Pass,81.0,4-6 Hours,Below 60%
S1412,14,Female,9,6.0,75,Graduate,Yes,No,51,44,61,87,52.0,Average,Pass,52.0,4-6 Hours,60-75%
S1413,15,Male,11,1.8,97,Graduate,No,Yes,89,50,89,46,76.0,Good,Pass,76.0,0-2 Hours,90-100%
S1414,17,Male,10,4.4,79,Postgraduate,Yes,Yes,88,77,46,64,70.33,Good,Pass,70.33,4-6 Hours,75-90%
S1415,16,Male,10,5.7,86,High School,Yes,Yes,88,79,61,52,76.0,Good,Pass,76.0,4-6 Hours,75-90%
S1416,17,Female,11,4.8,96,Graduate,No,Yes,43,88,38,41,56.33,Average,Pass,56.33,4-6 Hours,90-100%
S1417,19,Male,12,5.5,76,High School,No,No,83,73,77,66,77.67,Good,Pass,77.67,4-6 Hours,75-90%
S1418,17,Female,10,2.5,63,Graduate,Yes,Yes,44,100,92,60,78.67,Good,Pass,78.67,2-4 Hours,60-75%
S1419,18,Male,11,0.7,70,Graduate,Yes,Yes,59,99,83,93,80.33,Good,Pass,80.33,0-2 Hours,60-75%
S1420,18,Male,10,4.2,52,Postgraduate,No,Yes,55,95,77,81,75.67,Good,Pass,75.67,4-6 Hours,Below 60%
S1421,17,Male,10,2.0,85,Postgraduate,Yes,Yes,56,76,80,64,70.67,Good,Pass,70.67,0-2 Hours,75-90%
S1422,15,Female,11,4.9,90,High School,No,Yes,72,72,56,70,66.67,Good,Pass,66.67,4-6 Hours,75-90%
S1423,19,Male,10,3.7,77,Graduate,No,Yes,35,41,55,63,43.67,Poor,Fail,43.67,2-4 Hours,75-90%
S1424,16,Female,11,0.6,69,High School,No,Yes,47,69,86,53,67.33,Good,Pass,67.33,0-2 Hours,60-75%
S1425,18,Female,10,4.1,91,Graduate,Yes,Yes,71,35,52,43,52.67,Average,Pass,52.67,4-6 Hours,90-100%
S1426,14,Female,10,5.4,53,Postgraduate,Yes,No,70,70,67,48,69.0,Good,Pass,69.0,4-6 Hours,Below 60%
S1427,17,Female,12,1.1,90,Postgraduate,Yes,No,74,100,36,86,70.0,Good,Pass,70.0,0-2 Hours,75-90%
S1428,17,Male,12,1.0,100,High School,No,Yes,56,100,97,91,84.33,Excellent,Pass,84.33,0-2 Hours,90-100%
S1429,16,Female,10,2.7,50,Postgraduate,No,Yes,41,94,80,40,71.67,Good,Pass,71.67,2-4 Hours,Below 60%
S1430,15,Male,9,5.1,85,Graduate,Yes,No,45,43,97,83,61.67,Average,Pass,61.67,4-6 Hours,75-90%
S1431,17,Male,11,3.5,85,Postgraduate,Yes,No,82,58,53,95,64.33,Average,Pass,64.33,2-4 Hours,75-90%
S1432,19,Female,9,5.7,57,High School,No,No,95,37,51,67,61.0,Average,Pass,61.0,4-6 Hours,Below 60%
S1433,15,Male,11,3.8,70,Postgraduate,No,No,79,36,78,73,64.33,Average,Pass,64.33,2-4 Hours,60-75%
S1434,19,Male,11,1.8,72,Graduate,Yes,No,44,75,78,79,65.67,Average,Pass,65.67,0-2 Hours,60-75%
S1435,16,Male,9,5.7,85,Graduate,No,No,71,56,80,66,69.0,Good,Pass,69.0,4-6 Hours,75-90%
S1436,18,Female,10,1.6,73,High School,Yes,Yes,47,41,95,95,61.0,Average,Pass,61.0,0-2 Hours,60-75%
S1437,15,Female,11,2.1,81,Graduate,Yes,Yes,66,96,49,85,70.33,Good,Pass,70.33,2-4 Hours,75-90%
S1438,18,Male,9,2.1,95,Postgraduate,Yes,No,59,88,45,70,64.0,Average,Pass,64.0,2-4 Hours,90-100%
S1439,14,Male,9,2.8,95,Graduate,No,No,38,83,44,51,55.0,Average,Pass,55.0,2-4 Hours,90-100%
S1440,17,Female,11,4.1,79,Graduate,Yes,Yes,85,43,92,85,73.33,Good,Pass,73.33,4-6 Hours,75-90%
S1441,18,Male,12,2.9,75,High School,No,Yes,66,61,43,57,56.67,Average,Pass,56.67,2-4 Hours,60-75%
S1442,15,Male,12,1.4,100,Graduate,Yes,No,75,53,51,91,59.67,Average,Pass,59.67,0-2 Hours,90-100%
S1443,15,Male,9,2.0,62,Postgraduate,No,Yes,73,40,64,84,59.0,Average,Pass,59.0,0-2 Hours,60-75%
S1444,19,Female,11,3.0,82,Postgraduate,No,Yes,56,91,90,93,79.0,Good,Pass,79.0,2-4 Hours,75-90%
S1445,16,Female,10,3.8,53,High School,Yes,Yes,48,83,74,74,68.33,Good,Pass,68.33,2-4 Hours,Below 60%
S1446,18,Female,10,1.4,80,Graduate,Yes,Yes,42,45,35,86,40.67,Poor,Fail,40.67,0-2 Hours,75-90%
S1447,19,Female,12,1.1,77,Graduate,Yes,Yes,89,70,79,60,79.33,Good,Pass,79.33,0-2 Hours,75-90%
S1448,16,Female,12,3.2,61,Postgraduate,No,No,86,43,35,94,54.67,Average,Pass,54.67,2-4 Hours,60-75%
S1449,17,Male,9,2.1,81,High School,No,Yes,59,50,39,57,49.33,Poor,Fail,49.33,2-4 Hours,75-90%
S1450,16,Female,9,4.9,87,Graduate,No,No,51,86,51,68,62.67,Average,Pass,62.67,4-6 Hours,75-90%
S1451,16,Male,9,2.0,96,Postgraduate,No,No,78,42,53,82,57.67,Average,Pass,57.67,0-2 Hours,90-100%
S1452,14,Male,9,3.1,87,High School,Yes,Yes,83,72,89,49,81.33,Excellent,Pass,81.33,2-4 Hours,75-90%
S1453,17,Female,12,2.8,99,Postgraduate,Yes,Yes,69,81,55,41,68.33,Good,Pass,68.33,2-4 Hours,90-100%
S1454,15,Female,10,1.1,88,Postgraduate,No,No,89,74,42,67,68.33,Good,Pass,68.33,0-2 Hours,75-90%
S1455,15,Male,10,1.7,92,High School,Yes,No,53,36,98,79,62.33,Average,Pass,62.33,0-2 Hours,90-100%
S1456,15,Male,12,5.5,91,Graduate,No,No,81,82,66,62,76.33,Good,Pass,76.33,4-6 Hours,90-100%
S1457,15,Male,10,0.9,98,Postgraduate,Yes,No,76,65,95,90,78.67,Good,Pass,78.67,0-2 Hours,90-100%
S1458,16,Female,12,4.0,73,High School,No,No,82,48,96,69,75.33,Good,Pass,75.33,2-4 Hours,60-75%
S1459,18,Female,10,1.7,62,Graduate,No,No,67,44,80,91,63.67,Average,Pass,63.67,0-2 Hours,60-75%
S1460,18,Female,12,1.2,91,High School,Yes,No,69,48,99,48,72.0,Good,Pass,72.0,0-2 Hours,90-100%
S1461,19,Male,12,1.7,85,Postgraduate,Yes,No,67,68,90,59,75.0,Good,Pass,75.0,0-2 Hours,75-90%
S1462,14,Male,9,2.8,67,High School,Yes,Yes,98,82,55,44,78.33,Good,Pass,78.33,2-4 Hours,60-75%
S1463,15,Male,9,4.2,55,High School,Yes,No,73,36,57,43,55.33,Average,Pass,55.33,4-6 Hours,Below 60%
S1464,15,Male,12,3.3,50,High School,No,Yes,58,90,59,68,69.0,Good,Pass,69.0,2-4 Hours,Below 60%
S1465,15,Female,11,4.3,67,Graduate,No,No,79,47,100,64,75.33,Good,Pass,75.33,4-6 Hours,60-75%
S1466,19,Female,10,3.3,77,High School,No,No,66,61,88,62,71.67,Good,Pass,71.67,2-4 Hours,75-90%
S1467,19,Male,10,4.2,80,High School,No,Yes,79,69,60,83,69.33,Good,Pass,69.33,4-6 Hours,75-90%
S1468,16,Female,12,5.4,88,High School,No,No,91,50,48,93,63.0,Average,Pass,63.0,4-6 Hours,75-90%
S1469,14,Male,10,1.3,50,Postgraduate,Yes,No,83,96,35,91,71.33,Good,Pass,71.33,0-2 Hours,Below 60%
S1470,15,Male,12,5.6,51,Graduate,Yes,No,91,38,59,43,62.67,Average,Pass,62.67,4-6 Hours,Below 60%
S1471,15,Male,10,2.4,77,High School,Yes,Yes,44,36,80,79,53.33,Average,Pass,53.33,2-4 Hours,75-90%
S1472,18,Female,9,2.1,69,Graduate,Yes,Yes,79,46,69,73,64.67,Average,Pass,64.67,2-4 Hours,60-75%
S1473,14,Female,10,4.2,64,Postgraduate,No,Yes,76,55,51,61,60.67,Average,Pass,60.67,4-6 Hours,60-75%
S1474,16,Female,11,2.3,100,High School,No,Yes,43,95,50,69,62.67,Average,Pass,62.67,2-4 Hours,90-100%
S1475,18,Male,9,5.0,64,High School,Yes,Yes,47,47,88,53,60.67,Average,Pass,60.67,4-6 Hours,60-75%
S1476,14,Male,12,6.0,90,Graduate,No,Yes,77,90,93,94,86.67,Excellent,Pass,86.67,4-6 Hours,75-90%
S1477,19,Female,9,4.0,91,High School,Yes,No,89,60,77,95,75.33,Good,Pass,75.33,2-4 Hours,90-100%
S1478,19,Male,12,2.9,89,High School,No,No,79,65,85,73,76.33,Good,Pass,76.33,2-4 Hours,75-90%
S1479,15,Female,9,2.1,96,High School,Yes,No,67,43,98,44,69.33,Good,Pass,69.33,2-4 Hours,90-100%
S1480,16,Female,12,4.7,80,High School,No,No,39,82,42,42,54.33,Average,Pass,54.33,4-6 Hours,75-90%
S1481,14,Female,9,4.5,64,Graduate,No,No,89,75,65,60,76.33,Good,Pass,76.33,4-6 Hours,60-75%
S1482,16,Male,12,5.4,50,Graduate,No,No,92,72,52,69,72.0,Good,Pass,72.0,4-6 Hours,Below 60%
S1483,14,Male,12,1.3,55,Graduate,Yes,Yes,91,95,99,55,95.0,Excellent,Pass,95.0,0-2 Hours,Below 60%
S1484,16,Female,12,2.4,87,Postgraduate,Yes,No,42,61,99,61,67.33,Good,Pass,67.33,2-4 Hours,75-90%
S1485,19,Male,11,3.7,78,High School,No,Yes,77,84,92,40,84.33,Excellent,Pass,84.33,2-4 Hours,75-90%
S1486,14,Male,11,2.9,74,Graduate,Yes,Yes,48,64,84,41,65.33,Average,Pass,65.33,2-4 Hours,60-75%
S1487,19,Male,12,5.2,58,High School,No,No,69,76,76,82,73.67,Good,Pass,73.67,4-6 Hours,Below 60%
S1488,19,Male,9,5.0,80,Graduate,No,No,98,72,73,70,81.0,Excellent,Pass,81.0,4-6 Hours,75-90%
S1489,14,Male,10,3.1,65,High School,No,Yes,47,85,99,91,77.0,Good,Pass,77.0,2-4 Hours,60-75%
S1490,16,Female,12,3.3,86,Graduate,No,Yes,48,49,35,58,44.0,Poor,Fail,44.0,2-4 Hours,75-90%
S1491,19,Male,10,1.8,68,Postgraduate,No,Yes,86,79,64,84,76.33,Good,Pass,76.33,0-2 Hours,60-75%
S1492,15,Male,9,1.6,63,High School,No,No,41,55,41,92,45.67,Poor,Fail,45.67,0-2 Hours,60-75%
S1493,14,Female,11,2.2,62,Postgraduate,No,No,61,71,65,77,65.67,Average,Pass,65.67,2-4 Hours,60-75%
S1494,19,Male,12,2.0,89,Graduate,Yes,Yes,84,55,83,74,74.0,Good,Pass,74.0,0-2 Hours,75-90%
S1495,16,Female,12,5.4,59,Postgraduate,No,No,64,36,56,60,52.0,Average,Pass,52.0,4-6 Hours,Below 60%
S1496,15,Female,9,1.2,95,High School,No,No,55,76,60,44,63.67,Average,Pass,63.67,0-2 Hours,90-100%
S1497,14,Male,10,2.7,71,Postgraduate,No,Yes,58,36,80,87,58.0,Average,Pass,58.0,2-4 Hours,60-75%
S1498,19,Male,9,3.2,100,Postgraduate,No,No,68,94,83,73,81.67,Excellent,Pass,81.67,2-4 Hours,90-100%
S1499,18,Female,9,2.2,71,High School,Yes,No,42,54,69,67,55.0,Average,Pass,55.0,2-4 Hours,60-75%
S1500,18,Female,12,5.6,69,High School,Yes,No,86,59,64,59,69.67,Good,Pass,69.67,4-6 Hours,60-75%
S1501,19,Male,10,4.0,59,Graduate,No,No,81,53,40,78,58.0,Average,Pass,58.0,2-4 Hours,Below 60%
S1502,16,Male,9,5.5,59,Graduate,Yes,Yes,76,48,54,91,59.33,Average,Pass,59.33,4-6 Hours,Below 60%
S1503,18,Male,11,5.4,52,Graduate,Yes,Yes,53,39,59,72,50.33,Average,Pass,50.33,4-6 Hours,Below 60%
S1504,16,Female,11,5.7,76,Postgraduate,Yes,Yes,84,77,90,56,83.67,Excellent,Pass,83.67,4-6 Hours,75-90%
S1505,14,Female,10,5.8,98,High School,Yes,No,91,38,63,93,64.0,Average,Pass,64.0,4-6 Hours,90-100%
S1506,18,Female,12,3.6,69,High School,Yes,Yes,88,81,100,56,89.67,Excellent,Pass,89.67,2-4 Hours,60-75%
S1507,16,Female,11,1.2,60,Postgraduate,Yes,Yes,86,74,39,63,66.33,Good,Pass,66.33,0-2 Hours,Below 60%
S1508,18,Male,11,5.2,53,Postgraduate,Yes,Yes,62,85,42,84,63.0,Average,Pass,63.0,4-6 Hours,Below 60%
S1509,19,Female,11,4.7,90,High School,No,Yes,80,79,55,69,71.33,Good,Pass,71.33,4-6 Hours,75-90%
S1510,16,Male,10,5.1,79,Graduate,No,No,91,89,36,55,72.0,Good,Pass,72.0,4-6 Hours,75-90%
S1511,19,Male,9,1.5,65,Graduate,Yes,No,100,73,63,65,78.67,Good,Pass,78.67,0-2 Hours,60-75%
S1512,14,Female,11,2.4,62,High School,No,Yes,64,86,64,87,71.33,Good,Pass,71.33,2-4 Hours,60-75%
S1513,17,Female,9,4.1,55,Postgraduate,No,No,93,41,82,58,72.0,Good,Pass,72.0,4-6 Hours,Below 60%
S1514,17,Female,12,3.2,72,Graduate,Yes,Yes,79,98,66,67,81.0,Excellent,Pass,81.0,2-4 Hours,60-75%
S1515,15,Male,10,5.4,100,Postgraduate,No,Yes,44,52,59,47,51.67,Average,Pass,51.67,4-6 Hours,90-100%
S1516,14,Female,10,5.9,71,Postgraduate,Yes,Yes,68,82,58,42,69.33,Good,Pass,69.33,4-6 Hours,60-75%
S1517,17,Female,10,1.3,85,Graduate,Yes,Yes,85,86,56,70,75.67,Good,Pass,75.67,0-2 Hours,75-90%
S1518,16,Male,10,2.9,62,High School,Yes,Yes,44,55,89,84,62.67,Average,Pass,62.67,2-4 Hours,60-75%
S1519,17,Male,9,3.2,51,Graduate,No,No,55,35,81,77,57.0,Average,Pass,57.0,2-4 Hours,Below 60%
S1520,16,Female,9,2.5,76,High School,Yes,Yes,72,41,94,40,69.0,Good,Pass,69.0,2-4 Hours,75-90%
S1521,17,Female,12,5.6,92,Postgraduate,Yes,No,36,56,40,93,44.0,Poor,Fail,44.0,4-6 Hours,90-100%
S1522,17,Female,9,5.4,55,Graduate,Yes,No,79,46,60,83,61.67,Average,Pass,61.67,4-6 Hours,Below 60%
S1523,14,Male,10,4.2,63,High School,No,Yes,55,36,83,57,58.0,Average,Pass,58.0,4-6 Hours,60-75%
S1524,19,Female,10,3.1,62,High School,No,No,59,87,41,52,62.33,Average,Pass,62.33,2-4 Hours,60-75%
S1525,17,Male,12,1.2,76,Graduate,No,No,60,95,61,66,72.0,Good,Pass,72.0,0-2 Hours,75-90%
S1526,15,Male,11,5.5,89,Postgraduate,Yes,Yes,96,67,90,53,84.33,Excellent,Pass,84.33,4-6 Hours,75-90%
S1527,15,Male,11,0.7,81,Graduate,No,Yes,74,98,38,46,70.0,Good,Pass,70.0,0-2 Hours,75-90%
S1528,16,Female,9,3.0,67,Postgraduate,No,Yes,99,98,63,63,86.67,Excellent,Pass,86.67,2-4 Hours,60-75%
S1529,19,Female,11,3.4,51,Graduate,Yes,No,84,63,82,50,76.33,Good,Pass,76.33,2-4 Hours,Below 60%
S1530,17,Male,10,3.3,70,Graduate,No,Yes,81,64,61,95,68.67,Good,Pass,68.67,2-4 Hours,60-75%
S1531,14,Female,11,2.2,74,Postgraduate,No,No,48,60,84,83,64.0,Average,Pass,64.0,2-4 Hours,60-75%
S1532,18,Male,12,1.3,53,High School,Yes,No,37,38,49,73,41.33,Poor,Fail,41.33,0-2 Hours,Below 60%
S1533,17,Female,12,3.4,59,Graduate,Yes,Yes,50,62,84,90,65.33,Average,Pass,65.33,2-4 Hours,Below 60%
S1534,19,Male,9,5.6,95,High School,No,No,91,70,56,63,72.33,Good,Pass,72.33,4-6 Hours,90-100%
S1535,15,Female,9,1.5,86,Postgraduate,Yes,No,94,35,70,58,66.33,Good,Pass,66.33,0-2 Hours,75-90%
S1536,18,Female,10,1.7,100,High School,Yes,No,98,68,75,86,80.33,Good,Pass,80.33,0-2 Hours,90-100%
S1537,18,Male,12,1.6,65,Postgraduate,No,Yes,95,43,43,42,60.33,Average,Pass,60.33,0-2 Hours,60-75%
S1538,18,Male,10,2.0,71,High School,No,Yes,81,95,85,49,87.0,Excellent,Pass,87.0,0-2 Hours,60-75%
S1539,19,Male,11,1.9,99,High School,Yes,Yes,57,52,66,86,58.33,Average,Pass,58.33,0-2 Hours,90-100%
S1540,16,Female,12,1.7,71,Postgraduate,Yes,No,58,69,95,40,74.0,Good,Pass,74.0,0-2 Hours,60-75%
S1541,14,Male,10,5.9,62,High School,Yes,No,35,82,83,77,66.67,Good,Pass,66.67,4-6 Hours,60-75%
S1542,19,Male,11,3.2,69,Postgraduate,Yes,Yes,79,63,43,75,61.67,Average,Pass,61.67,2-4 Hours,60-75%
S1543,19,Male,10,4.1,50,Graduate,Yes,No,93,43,43,55,59.67,Average,Pass,59.67,4-6 Hours,Below 60%
S1544,15,Male,12,1.9,77,High School,No,Yes,36,77,59,52,57.33,Average,Pass,57.33,0-2 Hours,75-90%
S1545,15,Male,10,1.9,78,Graduate,Yes,No,54,86,80,59,73.33,Good,Pass,73.33,0-2 Hours,75-90%
S1546,15,Male,12,3.4,58,High School,No,Yes,89,94,83,59,88.67,Excellent,Pass,88.67,2-4 Hours,Below 60%
S1547,19,Female,11,0.6,72,Graduate,Yes,Yes,53,65,79,79,65.67,Average,Pass,65.67,0-2 Hours,60-75%
S1548,19,Male,9,3.1,59,Graduate,No,Yes,36,64,87,85,62.33,Average,Pass,62.33,2-4 Hours,Below 60%
S1549,17,Female,11,2.8,76,High School,Yes,No,86,94,95,87,91.67,Excellent,Pass,91.67,2-4 Hours,75-90%
S1550,18,Female,10,5.0,61,Postgraduate,No,Yes,81,36,95,71,70.67,Good,Pass,70.67,4-6 Hours,60-75%
S1551,18,Male,11,4.3,76,Graduate,No,Yes,56,93,57,66,68.67,Good,Pass,68.67,4-6 Hours,75-90%
S1552,18,Male,11,5.6,63,Postgraduate,Yes,No,72,59,75,94,68.67,Good,Pass,68.67,4-6 Hours,60-75%
S1553,17,Male,9,5.3,82,Graduate,Yes,No,95,43,72,88,70.0,Good,Pass,70.0,4-6 Hours,75-90%
S1554,17,Female,9,5.1,79,High School,Yes,No,57,48,46,53,50.33,Average,Pass,50.33,4-6 Hours,75-90%
S1555,15,Female,11,5.6,61,Graduate,No,No,38,49,99,72,62.0,Average,Pass,62.0,4-6 Hours,60-75%
S1556,15,Male,9,2.9,51,High School,No,No,83,86,37,89,68.67,Good,Pass,68.67,2-4 Hours,Below 60%
S1557,17,Male,10,1.6,100,Graduate,Yes,Yes,69,86,95,93,83.33,Excellent,Pass,83.33,0-2 Hours,90-100%
S1558,15,Female,11,5.1,65,Postgraduate,No,Yes,97,68,39,61,68.0,Good,Pass,68.0,4-6 Hours,60-75%
S1559,19,Male,9,3.5,88,High School,Yes,Yes,35,59,70,40,54.67,Average,Pass,54.67,2-4 Hours,75-90%
S1560,19,Male,11,1.8,78,Postgraduate,Yes,Yes,87,95,96,61,92.67,Excellent,Pass,92.67,0-2 Hours,75-90%
S1561,18,Female,12,5.2,71,Graduate,No,Yes,84,37,62,77,61.0,Average,Pass,61.0,4-6 Hours,60-75%
S1562,15,Female,10,4.8,94,High School,No,Yes,71,41,42,56,51.33,Average,Pass,51.33,4-6 Hours,90-100%
S1563,15,Male,11,4.0,66,High School,Yes,No,83,36,86,67,68.33,Good,Pass,68.33,2-4 Hours,60-75%
S1564,16,Male,9,4.1,56,High School,No,No,57,43,83,92,61.0,Average,Pass,61.0,4-6 Hours,Below 60%
S1565,17,Male,12,2.1,51,Postgraduate,No,Yes,52,71,85,66,69.33,Good,Pass,69.33,2-4 Hours,Below 60%
S1566,18,Female,10,4.1,66,High School,No,Yes,48,60,72,84,60.0,Average,Pass,60.0,4-6 Hours,60-75%
S1567,14,Male,10,4.1,56,High School,Yes,Yes,48,46,75,50,56.33,Average,Pass,56.33,4-6 Hours,Below 60%
S1568,16,Female,10,4.6,53,Graduate,No,No,77,61,79,42,72.33,Good,Pass,72.33,4-6 Hours,Below 60%
S1569,15,Male,11,2.1,93,High School,Yes,Yes,46,57,49,93,50.67,Average,Pass,50.67,2-4 Hours,90-100%
S1570,17,Male,9,4.5,62,High School,No,No,50,79,94,40,74.33,Good,Pass,74.33,4-6 Hours,60-75%
S1571,16,Female,12,4.7,62,High School,Yes,No,58,93,59,51,70.0,Good,Pass,70.0,4-6 Hours,60-75%
S1572,16,Male,12,2.2,64,Postgraduate,No,No,69,48,51,42,56.0,Average,Pass,56.0,2-4 Hours,60-75%
S1573,19,Female,9,4.2,69,High School,No,Yes,50,46,68,57,54.67,Average,Pass,54.67,4-6 Hours,60-75%
S1574,15,Male,12,3.8,65,Postgraduate,No,No,59,79,38,66,58.67,Average,Pass,58.67,2-4 Hours,60-75%
S1575,18,Female,11,5.7,92,Postgraduate,No,Yes,66,53,68,76,62.33,Average,Pass,62.33,4-6 Hours,90-100%
S1576,18,Female,10,2.6,82,Postgraduate,No,No,91,60,59,94,70.0,Good,Pass,70.0,2-4 Hours,75-90%
S1577,16,Female,12,4.0,98,Postgraduate,Yes,Yes,40,63,36,49,46.33,Poor,Fail,46.33,2-4 Hours,90-100%
S1578,14,Female,12,4.8,78,Graduate,No,Yes,97,38,94,89,76.33,Good,Pass,76.33,4-6 Hours,75-90%
S1579,16,Male,10,4.3,70,Postgraduate,No,No,38,46,95,61,59.67,Average,Pass,59.67,4-6 Hours,60-75%
S1580,18,Male,9,1.3,93,Graduate,No,Yes,70,39,97,89,68.67,Good,Pass,68.67,0-2 Hours,90-100%
S1581,19,Female,9,3.2,96,Graduate,No,Yes,51,55,67,63,57.67,Average,Pass,57.67,2-4 Hours,90-100%
S1582,15,Female,9,2.1,78,Postgraduate,Yes,No,73,40,66,52,59.67,Average,Pass,59.67,2-4 Hours,75-90%
S1583,19,Male,11,5.9,56,High School,No,No,76,47,43,74,55.33,Average,Pass,55.33,4-6 Hours,Below 60%
S1584,19,Male,10,4.0,86,Postgraduate,No,Yes,87,59,56,74,67.33,Good,Pass,67.33,2-4 Hours,75-90%
S1585,19,Female,10,2.5,91,Graduate,Yes,Yes,59,77,89,74,75.0,Good,Pass,75.0,2-4 Hours,90-100%
S1586,19,Female,11,5.1,99,Graduate,No,No,73,62,37,94,57.33,Average,Pass,57.33,4-6 Hours,90-100%
S1587,19,Male,9,4.5,96,Graduate,No,No,59,72,39,41,56.67,Average,Pass,56.67,4-6 Hours,90-100%
S1588,15,Male,9,1.4,99,High School,No,No,62,71,80,66,71.0,Good,Pass,71.0,0-2 Hours,90-100%
S1589,15,Female,10,1.3,85,Postgraduate,No,No,85,39,38,67,54.0,Average,Pass,54.0,0-2 Hours,75-90%
S1590,17,Male,11,5.9,99,Postgraduate,Yes,No,93,60,61,50,71.33,Good,Pass,71.33,4-6 Hours,90-100%
S1591,19,Male,10,1.5,69,High School,Yes,Yes,81,88,65,95,78.0,Good,Pass,78.0,0-2 Hours,60-75%
S1592,18,Male,10,5.1,84,Postgraduate,Yes,No,65,89,100,57,84.67,Excellent,Pass,84.67,4-6 Hours,75-90%
S1593,14,Female,9,5.3,97,Postgraduate,No,No,82,95,71,42,82.67,Excellent,Pass,82.67,4-6 Hours,90-100%
S1594,19,Female,11,5.7,77,High School,Yes,No,39,91,69,82,66.33,Good,Pass,66.33,4-6 Hours,75-90%
S1595,15,Female,11,1.3,78,Graduate,Yes,No,47,42,35,66,41.33,Poor,Fail,41.33,0-2 Hours,75-90%
S1596,19,Female,9,1.6,64,Postgraduate,No,Yes,74,43,37,80,51.33,Average,Pass,51.33,0-2 Hours,60-75%
S1597,18,Female,12,3.2,85,High School,No,Yes,43,64,43,52,50.0,Average,Pass,50.0,2-4 Hours,75-90%
S1598,18,Female,10,1.6,83,High School,Yes,Yes,96,90,50,53,78.67,Good,Pass,78.67,0-2 Hours,75-90%
S1599,15,Male,12,4.5,98,High School,Yes,Yes,83,56,86,92,75.0,Good,Pass,75.0,4-6 Hours,90-100%
S1600,14,Male,9,5.0,83,High School,Yes,No,100,99,92,71,97.0,Excellent,Pass,97.0,4-6 Hours,75-90%
S1601,18,Female,10,2.2,57,Graduate,No,Yes,51,51,60,42,54.0,Average,Pass,54.0,2-4 Hours,Below 60%
S1602,17,Male,12,3.3,90,Graduate,No,Yes,62,36,75,58,57.67,Average,Pass,57.67,2-4 Hours,75-90%
S1603,16,Male,10,1.1,90,Graduate,Yes,Yes,93,49,59,83,67.0,Good,Pass,67.0,0-2 Hours,75-90%
S1604,19,Female,9,3.8,74,Postgraduate,No,No,48,68,43,90,53.0,Average,Pass,53.0,2-4 Hours,60-75%
S1605,17,Female,12,4.6,65,Graduate,No,No,59,35,66,86,53.33,Average,Pass,53.33,4-6 Hours,60-75%
S1606,18,Male,11,2.1,73,Postgraduate,Yes,No,89,36,43,88,56.0,Average,Pass,56.0,2-4 Hours,60-75%
S1607,15,Male,12,5.8,83,High School,No,Yes,96,52,72,55,73.33,Good,Pass,73.33,4-6 Hours,75-90%
S1608,15,Male,12,2.3,67,Graduate,Yes,No,78,67,76,40,73.67,Good,Pass,73.67,2-4 Hours,60-75%
S1609,17,Female,11,0.5,69,Postgraduate,Yes,Yes,56,98,37,48,63.67,Average,Pass,63.67,0-2 Hours,60-75%
S1610,17,Female,10,3.4,97,High School,No,No,84,47,62,55,64.33,Average,Pass,64.33,2-4 Hours,90-100%
S1611,19,Male,9,1.3,97,Graduate,Yes,No,95,44,90,44,76.33,Good,Pass,76.33,0-2 Hours,90-100%
S1612,17,Female,12,4.2,61,Graduate,Yes,Yes,86,95,81,75,87.33,Excellent,Pass,87.33,4-6 Hours,60-75%
S1613,17,Male,10,1.6,87,High School,Yes,No,82,88,66,77,78.67,Good,Pass,78.67,0-2 Hours,75-90%
S1614,16,Female,12,3.4,54,High School,Yes,No,66,96,88,44,83.33,Excellent,Pass,83.33,2-4 Hours,Below 60%
S1615,16,Female,11,2.9,58,Graduate,Yes,No,85,97,88,77,90.0,Excellent,Pass,90.0,2-4 Hours,Below 60%
S1616,19,Female,10,1.5,56,Graduate,Yes,Yes,61,77,44,76,60.67,Average,Pass,60.67,0-2 Hours,Below 60%
S1617,17,Female,11,5.3,89,Postgraduate,No,Yes,56,62,77,47,65.0,Average,Pass,65.0,4-6 Hours,75-90%
S1618,17,Male,12,1.1,53,Postgraduate,No,No,54,78,64,69,65.33,Average,Pass,65.33,0-2 Hours,Below 60%
S1619,15,Female,12,0.6,77,High School,Yes,Yes,54,80,50,87,61.33,Average,Pass,61.33,0-2 Hours,75-90%
S1620,18,Male,12,6.0,76,Graduate,Yes,Yes,81,75,97,67,84.33,Excellent,Pass,84.33,4-6 Hours,75-90%
S1621,15,Female,9,0.6,51,Postgraduate,Yes,No,44,79,66,74,63.0,Average,Pass,63.0,0-2 Hours,Below 60%
S1622,14,Female,11,4.5,72,Postgraduate,Yes,No,36,95,44,65,58.33,Average,Pass,58.33,4-6 Hours,60-75%
S1623,16,Male,12,4.2,54,Postgraduate,No,Yes,67,88,46,62,67.0,Good,Pass,67.0,4-6 Hours,Below 60%
S1624,18,Female,10,4.9,59,Graduate,No,No,37,98,39,52,58.0,Average,Pass,58.0,4-6 Hours,Below 60%
S1625,17,Male,10,3.8,86,High School,No,No,94,79,83,70,85.33,Excellent,Pass,85.33,2-4 Hours,75-90%
S1626,18,Male,12,1.7,57,Postgraduate,Yes,No,53,75,99,88,75.67,Good,Pass,75.67,0-2 Hours,Below 60%
S1627,16,Male,11,3.7,99,Graduate,No,No,76,84,60,42,73.33,Good,Pass,73.33,2-4 Hours,90-100%
S1628,17,Female,12,4.8,74,Postgraduate,No,Yes,63,48,100,41,70.33,Good,Pass,70.33,4-6 Hours,60-75%
S1629,19,Female,11,3.0,78,Graduate,No,No,62,86,98,63,82.0,Excellent,Pass,82.0,2-4 Hours,75-90%
S1630,14,Female,11,5.5,75,Graduate,No,No,70,51,70,86,63.67,Average,Pass,63.67,4-6 Hours,60-75%
S1631,14,Female,11,1.3,53,Postgraduate,Yes,Yes,49,88,100,89,79.0,Good,Pass,79.0,0-2 Hours,Below 60%
S1632,17,Male,9,3.5,80,Postgraduate,Yes,Yes,36,46,70,57,50.67,Average,Pass,50.67,2-4 Hours,75-90%
S1633,18,Male,12,2.4,96,High School,No,No,56,72,63,88,63.67,Average,Pass,63.67,2-4 Hours,90-100%
S1634,15,Male,10,5.7,90,Postgraduate,No,No,79,96,73,65,82.67,Excellent,Pass,82.67,4-6 Hours,75-90%
S1635,17,Male,9,3.6,63,High School,No,Yes,57,37,52,67,48.67,Poor,Fail,48.67,2-4 Hours,60-75%
S1636,18,Female,10,2.8,62,High School,No,Yes,57,57,97,62,70.33,Good,Pass,70.33,2-4 Hours,60-75%
S1637,18,Female,12,4.8,74,Postgraduate,Yes,Yes,91,41,55,90,62.33,Average,Pass,62.33,4-6 Hours,60-75%
S1638,19,Female,9,4.4,52,Graduate,No,No,67,50,68,58,61.67,Average,Pass,61.67,4-6 Hours,Below 60%
S1639,19,Female,12,2.6,62,High School,No,No,53,42,61,49,52.0,Average,Pass,52.0,2-4 Hours,60-75%
S1640,18,Male,11,3.1,88,High School,No,Yes,82,55,42,47,59.67,Average,Pass,59.67,2-4 Hours,75-90%
S1641,17,Female,10,2.4,55,Postgraduate,No,No,39,85,39,67,54.33,Average,Pass,54.33,2-4 Hours,Below 60%
S1642,17,Female,12,4.0,54,Graduate,Yes,Yes,61,48,94,65,67.67,Good,Pass,67.67,2-4 Hours,Below 60%
S1643,15,Female,10,2.9,92,Postgraduate,No,No,93,37,65,60,65.0,Average,Pass,65.0,2-4 Hours,90-100%
S1644,15,Male,11,5.4,52,High School,Yes,Yes,84,69,81,78,78.0,Good,Pass,78.0,4-6 Hours,Below 60%
S1645,14,Male,9,3.3,77,Graduate,Yes,Yes,75,49,94,50,72.67,Good,Pass,72.67,2-4 Hours,75-90%
S1646,18,Female,9,5.7,84,Graduate,Yes,No,87,60,86,91,77.67,Good,Pass,77.67,4-6 Hours,75-90%
S1647,14,Male,10,5.3,75,Graduate,Yes,Yes,55,52,74,80,60.33,Average,Pass,60.33,4-6 Hours,60-75%
S1648,15,Male,11,0.7,67,High School,Yes,No,90,58,87,70,78.33,Good,Pass,78.33,0-2 Hours,60-75%
S1649,19,Female,10,2.8,70,High School,Yes,Yes,77,39,86,74,67.33,Good,Pass,67.33,2-4 Hours,60-75%
S1650,17,Male,10,3.3,58,Graduate,Yes,Yes,52,63,88,40,67.67,Good,Pass,67.67,2-4 Hours,Below 60%
S1651,18,Female,11,3.4,62,High School,Yes,No,83,78,77,78,79.33,Good,Pass,79.33,2-4 Hours,60-75%
S1652,17,Male,12,5.7,67,Graduate,Yes,No,51,62,48,54,53.67,Average,Pass,53.67,4-6 Hours,60-75%
S1653,15,Male,11,1.2,64,Postgraduate,No,No,54,65,97,60,72.0,Good,Pass,72.0,0-2 Hours,60-75%
S1654,16,Female,11,2.4,54,Postgraduate,No,Yes,58,71,97,42,75.33,Good,Pass,75.33,2-4 Hours,Below 60%
S1655,16,Male,11,1.9,63,Graduate,No,No,37,37,99,90,57.67,Average,Pass,57.67,0-2 Hours,60-75%
S1656,16,Female,12,2.6,58,High School,No,No,46,73,72,71,63.67,Average,Pass,63.67,2-4 Hours,Below 60%
S1657,16,Female,10,1.0,70,Graduate,No,No,95,74,93,57,87.33,Excellent,Pass,87.33,0-2 Hours,60-75%
S1658,16,Female,9,3.2,90,Graduate,No,No,60,88,39,42,62.33,Average,Pass,62.33,2-4 Hours,75-90%
S1659,17,Male,9,1.0,80,High School,No,Yes,89,91,54,52,78.0,Good,Pass,78.0,0-2 Hours,75-90%
S1660,19,Female,10,5.1,94,High School,No,Yes,74,37,61,89,57.33,Average,Pass,57.33,4-6 Hours,90-100%
S1661,17,Female,10,3.9,64,Graduate,Yes,Yes,75,81,78,84,78.0,Good,Pass,78.0,2-4 Hours,60-75%
S1662,17,Male,11,3.6,100,High School,Yes,No,93,56,71,51,73.33,Good,Pass,73.33,2-4 Hours,90-100%
S1663,15,Male,10,3.4,91,High School,No,No,65,35,56,42,52.0,Average,Pass,52.0,2-4 Hours,90-100%
S1664,14,Female,12,3.1,90,Graduate,Yes,No,39,65,100,66,68.0,Good,Pass,68.0,2-4 Hours,75-90%
S1665,18,Female,11,3.7,62,Postgraduate,No,Yes,94,66,44,53,68.0,Good,Pass,68.0,2-4 Hours,60-75%
S1666,15,Male,9,3.6,79,Postgraduate,No,No,99,45,89,42,77.67,Good,Pass,77.67,2-4 Hours,75-90%
S1667,14,Female,10,2.2,91,Graduate,No,No,58,93,38,70,63.0,Average,Pass,63.0,2-4 Hours,90-100%
S1668,15,Female,9,3.8,80,Postgraduate,No,No,44,64,87,90,65.0,Average,Pass,65.0,2-4 Hours,75-90%
S1669,15,Female,9,2.0,98,High School,Yes,Yes,64,83,62,81,69.67,Good,Pass,69.67,0-2 Hours,90-100%
S1670,18,Female,10,5.0,85,Postgraduate,No,No,61,83,35,89,59.67,Average,Pass,59.67,4-6 Hours,75-90%
S1671,19,Female,9,2.3,84,Postgraduate,Yes,No,35,84,85,68,68.0,Good,Pass,68.0,2-4 Hours,75-90%
S1672,18,Male,12,1.4,77,Graduate,No,No,39,43,38,54,40.0,Poor,Fail,40.0,0-2 Hours,75-90%
S1673,15,Female,9,3.2,90,High School,Yes,No,96,58,63,52,72.33,Good,Pass,72.33,2-4 Hours,75-90%
S1674,17,Female,9,4.1,63,Postgraduate,No,Yes,43,48,53,55,48.0,Poor,Fail,48.0,4-6 Hours,60-75%
S1675,19,Male,10,3.8,54,High School,Yes,No,39,53,40,88,44.0,Poor,Fail,44.0,2-4 Hours,Below 60%
S1676,18,Male,10,4.5,65,Postgraduate,Yes,Yes,39,45,58,44,47.33,Poor,Fail,47.33,4-6 Hours,60-75%
S1677,14,Male,9,1.8,75,Graduate,Yes,Yes,68,56,71,42,65.0,Average,Pass,65.0,0-2 Hours,60-75%
S1678,19,Female,11,1.5,65,Postgraduate,No,No,81,51,49,79,60.33,Average,Pass,60.33,0-2 Hours,60-75%
S1679,19,Female,12,1.4,57,Graduate,No,Yes,96,41,59,42,65.33,Average,Pass,65.33,0-2 Hours,Below 60%
S1680,16,Male,11,3.1,82,High School,Yes,No,36,92,92,65,73.33,Good,Pass,73.33,2-4 Hours,75-90%
S1681,15,Male,12,5.3,67,High School,Yes,Yes,35,37,49,85,40.33,Poor,Fail,40.33,4-6 Hours,60-75%
S1682,17,Female,9,3.5,89,Postgraduate,No,Yes,70,71,54,43,65.0,Average,Pass,65.0,2-4 Hours,75-90%
S1683,15,Female,12,4.2,62,Postgraduate,Yes,Yes,67,40,58,42,55.0,Average,Pass,55.0,4-6 Hours,60-75%
S1684,16,Female,9,2.9,99,Graduate,Yes,No,65,73,96,74,78.0,Good,Pass,78.0,2-4 Hours,90-100%
S1685,14,Female,10,1.0,88,Graduate,No,Yes,39,36,40,46,38.33,Poor,Fail,38.33,0-2 Hours,75-90%
S1686,14,Female,12,1.6,98,High School,No,No,78,38,74,65,63.33,Average,Pass,63.33,0-2 Hours,90-100%
S1687,15,Female,11,5.4,82,Graduate,Yes,No,35,42,36,44,37.67,Poor,Fail,37.67,4-6 Hours,75-90%
S1688,17,Male,10,5.6,62,High School,No,Yes,97,65,52,58,71.33,Good,Pass,71.33,4-6 Hours,60-75%
S1689,17,Male,12,4.3,68,Graduate,No,No,80,100,75,67,85.0,Excellent,Pass,85.0,4-6 Hours,60-75%
S1690,18,Male,11,2.3,85,Postgraduate,Yes,No,90,60,42,77,64.0,Average,Pass,64.0,2-4 Hours,75-90%
S1691,14,Male,11,1.7,55,Graduate,Yes,Yes,42,52,99,42,64.33,Average,Pass,64.33,0-2 Hours,Below 60%
S1692,14,Male,11,3.2,51,Graduate,No,No,78,53,93,78,74.67,Good,Pass,74.67,2-4 Hours,Below 60%
S1693,17,Female,10,1.4,70,High School,Yes,Yes,54,82,43,84,59.67,Average,Pass,59.67,0-2 Hours,60-75%
S1694,15,Female,11,4.3,91,High School,Yes,Yes,41,75,69,53,61.67,Average,Pass,61.67,4-6 Hours,90-100%
S1695,18,Female,12,2.6,56,Postgraduate,Yes,No,53,37,65,52,51.67,Average,Pass,51.67,2-4 Hours,Below 60%
S1696,14,Female,12,1.4,83,High School,Yes,Yes,50,51,66,86,55.67,Average,Pass,55.67,0-2 Hours,75-90%
S1697,16,Female,11,5.9,76,Graduate,Yes,Yes,98,93,67,89,86.0,Excellent,Pass,86.0,4-6 Hours,75-90%
S1698,16,Male,11,3.8,90,Postgraduate,No,No,99,79,45,86,74.33,Good,Pass,74.33,2-4 Hours,75-90%
S1699,19,Female,11,4.3,55,High School,No,Yes,35,74,44,68,51.0,Average,Pass,51.0,4-6 Hours,Below 60%
S1700,14,Male,10,3.9,54,High School,Yes,Yes,96,36,40,59,57.33,Average,Pass,57.33,2-4 Hours,Below 60%
S1701,15,Female,9,2.4,75,Graduate,Yes,No,43,100,91,44,78.0,Good,Pass,78.0,2-4 Hours,60-75%
S1702,19,Female,9,4.9,97,Postgraduate,Yes,No,36,88,36,74,53.33,Average,Pass,53.33,4-6 Hours,90-100%
S1703,14,Female,10,5.4,58,Graduate,No,Yes,55,72,87,54,71.33,Good,Pass,71.33,4-6 Hours,Below 60%
S1704,17,Male,10,2.5,64,Graduate,No,No,99,65,62,65,75.33,Good,Pass,75.33,2-4 Hours,60-75%
S1705,17,Female,11,2.1,61,Graduate,Yes,Yes,38,42,49,43,43.0,Poor,Fail,43.0,2-4 Hours,60-75%
S1706,15,Male,11,2.1,60,Graduate,Yes,No,69,56,44,79,56.33,Average,Pass,56.33,2-4 Hours,Below 60%
S1707,14,Male,12,3.1,87,High School,No,Yes,98,52,73,63,74.33,Good,Pass,74.33,2-4 Hours,75-90%
S1708,18,Female,9,5.1,75,Postgraduate,No,No,79,60,60,49,66.33,Good,Pass,66.33,4-6 Hours,60-75%
S1709,15,Male,10,2.2,78,Graduate,No,No,57,69,47,65,57.67,Average,Pass,57.67,2-4 Hours,75-90%
S1710,15,Female,9,5.1,81,Postgraduate,Yes,No,51,56,66,43,57.67,Average,Pass,57.67,4-6 Hours,75-90%
S1711,19,Female,12,1.1,64,Graduate,Yes,Yes,97,54,38,51,63.0,Average,Pass,63.0,0-2 Hours,60-75%
S1712,17,Female,12,1.6,68,Graduate,No,No,37,70,76,77,61.0,Average,Pass,61.0,0-2 Hours,60-75%
S1713,14,Male,11,5.4,65,Postgraduate,Yes,No,51,96,45,43,64.0,Average,Pass,64.0,4-6 Hours,60-75%
S1714,19,Male,10,3.8,93,High School,Yes,No,84,71,94,49,83.0,Excellent,Pass,83.0,2-4 Hours,90-100%
S1715,19,Male,11,3.2,93,Postgraduate,Yes,No,56,58,68,70,60.67,Average,Pass,60.67,2-4 Hours,90-100%
S1716,17,Female,10,2.0,98,Postgraduate,Yes,No,36,80,68,87,61.33,Average,Pass,61.33,0-2 Hours,90-100%
S1717,16,Female,12,3.5,86,High School,Yes,Yes,48,65,61,47,58.0,Average,Pass,58.0,2-4 Hours,75-90%
S1718,19,Male,12,4.9,92,Graduate,Yes,Yes,64,50,64,89,59.33,Average,Pass,59.33,4-6 Hours,90-100%
S1719,16,Male,10,3.1,59,Graduate,No,No,46,47,39,67,44.0,Poor,Fail,44.0,2-4 Hours,Below 60%
S1720,17,Female,11,5.6,51,High School,No,No,41,40,67,57,49.33,Poor,Fail,49.33,4-6 Hours,Below 60%
S1721,16,Female,11,2.4,64,Graduate,Yes,No,51,58,41,67,50.0,Average,Pass,50.0,2-4 Hours,60-75%
S1722,19,Female,10,4.5,96,High School,No,Yes,61,78,91,93,76.67,Good,Pass,76.67,4-6 Hours,90-100%
S1723,14,Female,10,1.5,73,Postgraduate,No,Yes,37,98,78,48,71.0,Good,Pass,71.0,0-2 Hours,60-75%
S1724,17,Female,10,2.9,66,Graduate,Yes,Yes,50,52,72,60,58.0,Average,Pass,58.0,2-4 Hours,60-75%
S1725,15,Female,12,5.9,93,Postgraduate,No,No,73,65,42,56,60.0,Average,Pass,60.0,4-6 Hours,90-100%
S1726,15,Female,11,2.1,96,Graduate,Yes,No,51,73,67,69,63.67,Average,Pass,63.67,2-4 Hours,90-100%
S1727,18,Female,11,2.3,54,Graduate,Yes,Yes,38,87,54,92,59.67,Average,Pass,59.67,2-4 Hours,Below 60%
S1728,16,Male,12,0.8,63,High School,Yes,Yes,78,38,74,70,63.33,Average,Pass,63.33,0-2 Hours,60-75%
S1729,18,Male,12,1.4,88,Postgraduate,No,No,73,70,86,95,76.33,Good,Pass,76.33,0-2 Hours,75-90%
S1730,19,Female,9,5.2,80,Postgraduate,Yes,No,77,42,64,68,61.0,Average,Pass,61.0,4-6 Hours,75-90%
S1731,18,Female,12,2.4,93,Postgraduate,Yes,Yes,58,55,46,80,53.0,Average,Pass,53.0,2-4 Hours,90-100%
S1732,15,Female,11,1.7,51,Graduate,No,No,90,50,69,87,69.67,Good,Pass,69.67,0-2 Hours,Below 60%
S1733,19,Female,11,2.2,81,High School,Yes,No,39,51,91,67,60.33,Average,Pass,60.33,2-4 Hours,75-90%
S1734,16,Female,9,5.8,71,High School,No,No,60,39,80,71,59.67,Average,Pass,59.67,4-6 Hours,60-75%
S1735,18,Female,12,3.1,81,Graduate,No,Yes,75,35,64,81,58.0,Average,Pass,58.0,2-4 Hours,75-90%
S1736,14,Female,11,5.5,90,Postgraduate,No,Yes,63,42,76,72,60.33,Average,Pass,60.33,4-6 Hours,75-90%
S1737,17,Male,11,3.2,51,Postgraduate,Yes,No,86,90,42,65,72.67,Good,Pass,72.67,2-4 Hours,Below 60%
S1738,17,Female,10,4.0,74,Graduate,Yes,No,96,63,35,64,64.67,Average,Pass,64.67,2-4 Hours,60-75%
S1739,19,Male,12,5.5,74,Graduate,No,No,78,87,80,63,81.67,Excellent,Pass,81.67,4-6 Hours,60-75%
S1740,17,Male,9,5.8,96,Postgraduate,No,No,87,38,78,43,67.67,Good,Pass,67.67,4-6 Hours,90-100%
S1741,14,Female,12,0.5,73,High School,Yes,No,60,98,89,92,82.33,Excellent,Pass,82.33,0-2 Hours,60-75%
S1742,15,Male,10,0.8,65,High School,No,Yes,79,43,78,85,66.67,Good,Pass,66.67,0-2 Hours,60-75%
S1743,18,Male,12,3.2,71,Postgraduate,Yes,Yes,97,50,92,76,79.67,Good,Pass,79.67,2-4 Hours,60-75%
S1744,19,Female,9,3.5,93,High School,No,Yes,85,42,43,80,56.67,Average,Pass,56.67,2-4 Hours,90-100%
S1745,16,Male,10,1.1,58,Graduate,Yes,Yes,59,70,65,40,64.67,Average,Pass,64.67,0-2 Hours,Below 60%
S1746,17,Female,12,5.6,82,Graduate,No,No,91,82,61,57,78.0,Good,Pass,78.0,4-6 Hours,75-90%
S1747,16,Male,11,4.1,74,High School,No,Yes,63,67,78,91,69.33,Good,Pass,69.33,4-6 Hours,60-75%
S1748,14,Female,11,5.8,76,High School,No,No,80,53,45,68,59.33,Average,Pass,59.33,4-6 Hours,75-90%
S1749,16,Male,12,5.4,96,Graduate,Yes,No,84,87,85,90,85.33,Excellent,Pass,85.33,4-6 Hours,90-100%
S1750,19,Male,9,1.2,99,Postgraduate,No,Yes,49,88,62,79,66.33,Good,Pass,66.33,0-2 Hours,90-100%
S1751,16,Female,12,4.4,53,Postgraduate,Yes,Yes,78,64,77,60,73.0,Good,Pass,73.0,4-6 Hours,Below 60%
S1752,19,Male,12,5.9,59,Graduate,No,No,99,86,75,80,86.67,Excellent,Pass,86.67,4-6 Hours,Below 60%
S1753,14,Female,10,3.5,68,Graduate,No,No,73,49,84,77,68.67,Good,Pass,68.67,2-4 Hours,60-75%
S1754,15,Male,9,0.8,73,Graduate,No,No,39,40,74,59,51.0,Average,Pass,51.0,0-2 Hours,60-75%
S1755,15,Female,12,3.8,59,Postgraduate,Yes,No,93,77,52,73,74.0,Good,Pass,74.0,2-4 Hours,Below 60%
S1756,17,Male,9,1.8,87,High School,Yes,No,43,64,50,57,52.33,Average,Pass,52.33,0-2 Hours,75-90%
S1757,14,Female,10,1.8,53,Postgraduate,Yes,Yes,53,77,41,55,57.0,Average,Pass,57.0,0-2 Hours,Below 60%
S1758,14,Female,10,3.8,92,Postgraduate,Yes,Yes,91,42,83,61,72.0,Good,Pass,72.0,2-4 Hours,90-100%
S1759,16,Female,11,5.5,96,Postgraduate,No,Yes,55,84,38,49,59.0,Average,Pass,59.0,4-6 Hours,90-100%
S1760,17,Male,11,3.6,82,Postgraduate,No,Yes,85,37,70,55,64.0,Average,Pass,64.0,2-4 Hours,75-90%
S1761,18,Female,11,4.1,82,Postgraduate,No,No,98,56,68,52,74.0,Good,Pass,74.0,4-6 Hours,75-90%
S1762,16,Female,12,0.8,96,Graduate,No,No,43,76,89,46,69.33,Good,Pass,69.33,0-2 Hours,90-100%
S1763,14,Male,12,5.3,82,High School,Yes,No,53,57,46,54,52.0,Average,Pass,52.0,4-6 Hours,75-90%
S1764,18,Male,10,3.2,68,High School,Yes,No,54,35,49,53,46.0,Poor,Fail,46.0,2-4 Hours,60-75%
S1765,17,Female,11,1.4,76,Graduate,No,No,90,66,53,60,69.67,Good,Pass,69.67,0-2 Hours,75-90%
S1766,15,Male,11,1.2,65,Postgraduate,No,No,51,61,76,78,62.67,Average,Pass,62.67,0-2 Hours,60-75%
S1767,16,Male,12,1.1,91,Postgraduate,No,Yes,86,36,55,66,59.0,Average,Pass,59.0,0-2 Hours,90-100%
S1768,17,Male,12,2.6,57,High School,Yes,No,68,44,38,57,50.0,Average,Pass,50.0,2-4 Hours,Below 60%
S1769,16,Female,10,2.5,87,High School,No,Yes,90,93,95,53,92.67,Excellent,Pass,92.67,2-4 Hours,75-90%
S1770,15,Female,9,1.2,75,High School,Yes,Yes,73,88,74,83,78.33,Good,Pass,78.33,0-2 Hours,60-75%
S1771,19,Male,9,2.7,93,High School,No,No,62,41,62,87,55.0,Average,Pass,55.0,2-4 Hours,90-100%
S1772,14,Female,10,1.8,93,High School,Yes,Yes,56,90,83,90,76.33,Good,Pass,76.33,0-2 Hours,90-100%
S1773,18,Male,9,6.0,53,High School,No,Yes,75,57,37,47,56.33,Average,Pass,56.33,4-6 Hours,Below 60%
S1774,15,Female,11,4.0,100,High School,No,No,77,76,73,61,75.33,Good,Pass,75.33,2-4 Hours,90-100%
S1775,15,Male,11,4.6,51,High School,Yes,No,63,86,71,82,73.33,Good,Pass,73.33,4-6 Hours,Below 60%
S1776,15,Female,9,3.4,69,High School,Yes,Yes,42,59,69,68,56.67,Average,Pass,56.67,2-4 Hours,60-75%
S1777,14,Female,12,5.2,82,Postgraduate,Yes,Yes,52,49,90,87,63.67,Average,Pass,63.67,4-6 Hours,75-90%
S1778,16,Male,11,5.1,82,Graduate,No,No,47,46,89,84,60.67,Average,Pass,60.67,4-6 Hours,75-90%
S1779,18,Female,9,5.9,98,Graduate,No,Yes,55,41,51,54,49.0,Poor,Fail,49.0,4-6 Hours,90-100%
S1780,16,Female,11,5.5,74,Graduate,Yes,No,56,99,91,92,82.0,Excellent,Pass,82.0,4-6 Hours,60-75%
S1781,17,Female,11,1.1,63,Postgraduate,Yes,Yes,79,98,45,50,74.0,Good,Pass,74.0,0-2 Hours,60-75%
S1782,18,Female,9,1.6,95,Postgraduate,Yes,No,39,53,52,55,48.0,Poor,Fail,48.0,0-2 Hours,90-100%
S1783,16,Female,9,1.9,71,Graduate,Yes,No,90,52,71,59,71.0,Good,Pass,71.0,0-2 Hours,60-75%
S1784,16,Male,12,4.0,54,Postgraduate,No,No,48,69,80,92,65.67,Average,Pass,65.67,2-4 Hours,Below 60%
S1785,18,Female,10,4.1,73,Postgraduate,Yes,No,82,74,71,69,75.67,Good,Pass,75.67,4-6 Hours,60-75%
S1786,14,Female,12,1.2,95,High School,No,Yes,67,64,80,46,70.33,Good,Pass,70.33,0-2 Hours,90-100%
S1787,17,Female,10,5.2,87,High School,No,Yes,37,74,64,53,58.33,Average,Pass,58.33,4-6 Hours,75-90%
S1788,18,Male,10,2.2,99,Graduate,No,Yes,96,43,53,94,64.0,Average,Pass,64.0,2-4 Hours,90-100%
S1789,16,Female,11,5.5,89,Graduate,Yes,No,69,68,43,61,60.0,Average,Pass,60.0,4-6 Hours,75-90%
S1790,19,Male,10,5.3,88,Graduate,No,No,71,97,66,66,78.0,Good,Pass,78.0,4-6 Hours,75-90%
S1791,17,Female,10,5.0,66,Graduate,Yes,No,75,65,98,70,79.33,Good,Pass,79.33,4-6 Hours,60-75%
S1792,17,Female,11,5.8,70,Graduate,Yes,Yes,59,84,44,50,62.33,Average,Pass,62.33,4-6 Hours,60-75%
S1793,14,Male,10,4.8,85,Postgraduate,Yes,No,52,80,70,92,67.33,Good,Pass,67.33,4-6 Hours,75-90%
S1794,14,Female,10,3.0,50,High School,No,Yes,85,73,91,60,83.0,Excellent,Pass,83.0,2-4 Hours,Below 60%
S1795,17,Male,12,5.0,99,Postgraduate,Yes,Yes,79,94,63,91,78.67,Good,Pass,78.67,4-6 Hours,90-100%
S1796,19,Female,11,5.6,70,High School,Yes,Yes,100,78,77,44,85.0,Excellent,Pass,85.0,4-6 Hours,60-75%
S1797,18,Male,12,1.1,95,Graduate,No,Yes,83,67,90,82,80.0,Good,Pass,80.0,0-2 Hours,90-100%
S1798,14,Female,9,0.5,92,Postgraduate,No,Yes,74,60,40,83,58.0,Average,Pass,58.0,0-2 Hours,90-100%
S1799,16,Male,11,2.9,54,Postgraduate,No,Yes,91,69,40,46,66.67,Good,Pass,66.67,2-4 Hours,Below 60%
S1800,17,Male,12,4.0,90,High School,No,Yes,78,39,89,92,68.67,Good,Pass,68.67,2-4 Hours,75-90%
S1801,14,Male,12,5.0,94,Postgraduate,Yes,No,79,63,42,88,61.33,Average,Pass,61.33,4-6 Hours,90-100%
S1802,18,Male,10,2.1,53,Graduate,Yes,Yes,75,78,90,95,81.0,Excellent,Pass,81.0,2-4 Hours,Below 60%
S1803,16,Male,12,4.1,97,Postgraduate,Yes,Yes,51,62,65,92,59.33,Average,Pass,59.33,4-6 Hours,90-100%
S1804,19,Female,12,1.0,69,Postgraduate,No,Yes,83,84,40,42,69.0,Good,Pass,69.0,0-2 Hours,60-75%
S1805,19,Female,9,5.1,51,Graduate,Yes,Yes,46,50,74,74,56.67,Average,Pass,56.67,4-6 Hours,Below 60%
S1806,16,Female,9,2.1,82,Postgraduate,Yes,No,39,70,80,80,63.0,Average,Pass,63.0,2-4 Hours,75-90%
S1807,18,Male,12,5.3,61,Postgraduate,Yes,No,43,96,40,81,59.67,Average,Pass,59.67,4-6 Hours,60-75%
S1808,18,Male,11,6.0,86,Graduate,No,Yes,57,86,52,81,65.0,Average,Pass,65.0,4-6 Hours,75-90%
S1809,16,Female,10,3.2,71,Postgraduate,No,Yes,46,36,57,56,46.33,Poor,Fail,46.33,2-4 Hours,60-75%
S1810,18,Male,11,2.5,93,Graduate,Yes,No,41,92,74,74,69.0,Good,Pass,69.0,2-4 Hours,90-100%
S1811,16,Male,10,3.2,71,Graduate,Yes,No,48,49,87,77,61.33,Average,Pass,61.33,2-4 Hours,60-75%
S1812,14,Female,10,0.5,83,High School,No,No,47,47,84,75,59.33,Average,Pass,59.33,0-2 Hours,75-90%
S1813,16,Female,9,1.2,89,Postgraduate,Yes,Yes,57,55,99,40,70.33,Good,Pass,70.33,0-2 Hours,75-90%
S1814,16,Male,11,1.8,92,High School,Yes,Yes,40,75,65,48,60.0,Average,Pass,60.0,0-2 Hours,90-100%
S1815,16,Female,9,1.9,80,High School,No,Yes,51,44,93,68,62.67,Average,Pass,62.67,0-2 Hours,75-90%
S1816,14,Female,12,5.1,100,Postgraduate,No,Yes,58,43,53,73,51.33,Average,Pass,51.33,4-6 Hours,90-100%
S1817,14,Female,10,4.9,87,Postgraduate,Yes,Yes,58,69,50,58,59.0,Average,Pass,59.0,4-6 Hours,75-90%
S1818,14,Male,11,5.0,72,High School,Yes,No,38,77,85,79,66.67,Good,Pass,66.67,4-6 Hours,60-75%
S1819,18,Male,10,4.7,86,Graduate,No,No,83,100,91,57,91.33,Excellent,Pass,91.33,4-6 Hours,75-90%
S1820,16,Male,9,4.8,85,Graduate,Yes,Yes,70,57,72,53,66.33,Good,Pass,66.33,4-6 Hours,75-90%
S1821,18,Female,12,0.8,60,Graduate,No,No,62,60,47,81,56.33,Average,Pass,56.33,0-2 Hours,Below 60%
S1822,17,Male,11,0.6,64,Graduate,Yes,No,45,88,95,92,76.0,Good,Pass,76.0,0-2 Hours,60-75%
S1823,19,Male,12,1.4,89,Postgraduate,Yes,Yes,40,39,40,53,39.67,Poor,Fail,39.67,0-2 Hours,75-90%
S1824,16,Female,10,4.8,89,High School,No,Yes,73,62,71,45,68.67,Good,Pass,68.67,4-6 Hours,75-90%
S1825,16,Male,12,6.0,89,Postgraduate,Yes,No,36,53,51,67,46.67,Poor,Fail,46.67,4-6 Hours,75-90%
S1826,18,Male,9,1.1,54,Graduate,No,No,88,98,52,69,79.33,Good,Pass,79.33,0-2 Hours,Below 60%
S1827,18,Female,10,2.9,86,Postgraduate,No,No,86,35,40,82,53.67,Average,Pass,53.67,2-4 Hours,75-90%
S1828,19,Male,12,3.1,71,Graduate,Yes,Yes,59,61,62,48,60.67,Average,Pass,60.67,2-4 Hours,60-75%
S1829,16,Female,9,5.0,69,High School,No,No,38,100,36,62,58.0,Average,Pass,58.0,4-6 Hours,60-75%
S1830,15,Female,9,2.7,87,Postgraduate,Yes,No,90,88,40,69,72.67,Good,Pass,72.67,2-4 Hours,75-90%
S1831,17,Female,10,3.5,85,Graduate,No,No,93,85,78,95,85.33,Excellent,Pass,85.33,2-4 Hours,75-90%
S1832,14,Male,11,0.6,68,High School,Yes,No,66,96,93,57,85.0,Excellent,Pass,85.0,0-2 Hours,60-75%
S1833,16,Male,11,2.9,68,High School,No,Yes,56,63,80,52,66.33,Good,Pass,66.33,2-4 Hours,60-75%
S1834,14,Female,12,4.9,74,Graduate,Yes,Yes,45,70,79,95,64.67,Average,Pass,64.67,4-6 Hours,60-75%
S1835,18,Female,12,3.1,65,Postgraduate,No,No,68,82,77,55,75.67,Good,Pass,75.67,2-4 Hours,60-75%
S1836,17,Female,12,3.0,87,Postgraduate,Yes,Yes,58,71,55,65,61.33,Average,Pass,61.33,2-4 Hours,75-90%
S1837,18,Female,11,1.2,99,Postgraduate,Yes,Yes,85,95,99,54,93.0,Excellent,Pass,93.0,0-2 Hours,90-100%
S1838,18,Female,10,4.6,71,Postgraduate,Yes,Yes,57,53,94,90,68.0,Good,Pass,68.0,4-6 Hours,60-75%
S1839,14,Male,11,1.1,71,High School,No,Yes,47,60,59,68,55.33,Average,Pass,55.33,0-2 Hours,60-75%
S1840,18,Male,10,5.6,80,Postgraduate,Yes,No,52,100,45,93,65.67,Average,Pass,65.67,4-6 Hours,75-90%
S1841,19,Female,12,2.9,54,Postgraduate,Yes,No,56,69,89,76,71.33,Good,Pass,71.33,2-4 Hours,Below 60%
S1842,14,Female,9,5.9,86,High School,Yes,No,98,82,62,58,80.67,Good,Pass,80.67,4-6 Hours,75-90%
S1843,16,Female,11,1.4,54,Graduate,Yes,No,64,36,90,46,63.33,Average,Pass,63.33,0-2 Hours,Below 60%
S1844,14,Female,12,6.0,65,High School,Yes,Yes,79,53,97,73,76.33,Good,Pass,76.33,4-6 Hours,60-75%
S1845,17,Male,9,1.7,61,High School,No,Yes,54,84,63,55,67.0,Good,Pass,67.0,0-2 Hours,60-75%
S1846,17,Female,12,4.1,54,Postgraduate,Yes,No,76,41,65,61,60.67,Average,Pass,60.67,4-6 Hours,Below 60%
S1847,17,Male,9,4.5,63,Graduate,No,Yes,96,99,74,70,89.67,Excellent,Pass,89.67,4-6 Hours,60-75%
S1848,16,Female,9,2.6,97,Graduate,No,No,66,72,42,58,60.0,Average,Pass,60.0,2-4 Hours,90-100%
S1849,18,Male,10,3.5,72,Postgraduate,Yes,Yes,89,51,36,77,58.67,Average,Pass,58.67,2-4 Hours,60-75%
S1850,18,Male,12,1.6,82,High School,Yes,No,91,44,56,94,63.67,Average,Pass,63.67,0-2 Hours,75-90%
S1851,14,Female,11,0.7,87,High School,Yes,Yes,40,49,93,51,60.67,Average,Pass,60.67,0-2 Hours,75-90%
S1852,18,Male,10,5.3,50,High School,Yes,Yes,90,94,90,61,91.33,Excellent,Pass,91.33,4-6 Hours,Below 60%
S1853,18,Male,11,6.0,87,Graduate,Yes,Yes,90,38,76,56,68.0,Good,Pass,68.0,4-6 Hours,75-90%
S1854,17,Male,11,3.6,96,High School,No,No,59,76,76,70,70.33,Good,Pass,70.33,2-4 Hours,90-100%
S1855,18,Male,9,1.4,67,Graduate,Yes,Yes,78,61,89,40,76.0,Good,Pass,76.0,0-2 Hours,60-75%
S1856,18,Male,9,2.7,59,High School,No,No,65,60,51,92,58.67,Average,Pass,58.67,2-4 Hours,Below 60%
S1857,16,Male,9,4.2,68,Postgraduate,No,No,74,66,75,41,71.67,Good,Pass,71.67,4-6 Hours,60-75%
S1858,15,Female,9,5.0,79,Postgraduate,No,Yes,54,57,84,43,65.0,Average,Pass,65.0,4-6 Hours,75-90%
S1859,14,Female,11,4.8,73,Postgraduate,Yes,No,69,71,97,59,79.0,Good,Pass,79.0,4-6 Hours,60-75%
S1860,15,Female,12,4.2,88,Graduate,No,Yes,67,38,55,74,53.33,Average,Pass,53.33,4-6 Hours,75-90%
S1861,16,Male,12,4.9,92,Postgraduate,No,Yes,91,59,86,58,78.67,Good,Pass,78.67,4-6 Hours,90-100%
S1862,14,Male,12,2.2,95,High School,Yes,Yes,59,75,46,49,60.0,Average,Pass,60.0,2-4 Hours,90-100%
S1863,18,Female,9,4.2,100,High School,No,No,65,84,81,55,76.67,Good,Pass,76.67,4-6 Hours,90-100%
S1864,15,Female,10,4.7,76,Graduate,No,Yes,99,83,82,40,88.0,Excellent,Pass,88.0,4-6 Hours,75-90%
S1865,17,Female,12,0.9,53,Graduate,Yes,No,35,56,73,65,54.67,Average,Pass,54.67,0-2 Hours,Below 60%
S1866,18,Male,10,0.6,77,Graduate,No,Yes,63,86,50,73,66.33,Good,Pass,66.33,0-2 Hours,75-90%
S1867,15,Male,9,0.8,50,High School,Yes,No,37,93,36,51,55.33,Average,Pass,55.33,0-2 Hours,Below 60%
S1868,18,Male,12,3.2,70,High School,Yes,No,85,42,98,91,75.0,Good,Pass,75.0,2-4 Hours,60-75%
S1869,17,Female,10,1.7,100,Graduate,No,No,63,66,96,60,75.0,Good,Pass,75.0,0-2 Hours,90-100%
S1870,16,Male,11,1.6,84,High School,No,No,86,46,99,64,77.0,Good,Pass,77.0,0-2 Hours,75-90%
S1871,15,Female,9,5.9,82,Postgraduate,No,Yes,40,49,82,88,57.0,Average,Pass,57.0,4-6 Hours,75-90%
S1872,18,Female,12,4.3,70,Postgraduate,Yes,No,70,85,65,80,73.33,Good,Pass,73.33,4-6 Hours,60-75%
S1873,17,Male,10,5.8,84,Postgraduate,No,Yes,96,84,63,40,81.0,Excellent,Pass,81.0,4-6 Hours,75-90%
S1874,19,Female,10,1.2,64,Postgraduate,Yes,No,53,40,94,82,62.33,Average,Pass,62.33,0-2 Hours,60-75%
S1875,18,Male,11,1.1,58,Graduate,Yes,No,61,57,45,95,54.33,Average,Pass,54.33,0-2 Hours,Below 60%
S1876,14,Male,9,4.7,56,High School,No,Yes,48,87,39,42,58.0,Average,Pass,58.0,4-6 Hours,Below 60%
S1877,19,Female,12,0.8,71,Graduate,No,Yes,58,72,87,40,72.33,Good,Pass,72.33,0-2 Hours,60-75%
S1878,18,Male,10,2.7,73,High School,No,Yes,52,95,80,68,75.67,Good,Pass,75.67,2-4 Hours,60-75%
S1879,15,Male,9,3.7,71,Graduate,Yes,No,54,68,47,73,56.33,Average,Pass,56.33,2-4 Hours,60-75%
S1880,19,Male,9,5.5,56,Postgraduate,Yes,Yes,40,73,79,49,64.0,Average,Pass,64.0,4-6 Hours,Below 60%
S1881,18,Male,9,1.7,87,High School,No,No,83,48,90,63,73.67,Good,Pass,73.67,0-2 Hours,75-90%
S1882,14,Male,12,3.7,92,Graduate,No,No,75,90,36,85,67.0,Good,Pass,67.0,2-4 Hours,90-100%
S1883,16,Female,9,2.0,75,Postgraduate,Yes,No,59,51,63,44,57.67,Average,Pass,57.67,0-2 Hours,60-75%
S1884,14,Male,10,4.9,61,Postgraduate,Yes,Yes,67,40,79,75,62.0,Average,Pass,62.0,4-6 Hours,60-75%
S1885,18,Female,12,4.5,93,High School,No,No,39,42,89,80,56.67,Average,Pass,56.67,4-6 Hours,90-100%
S1886,17,Male,9,2.3,64,High School,No,No,90,99,91,45,93.33,Excellent,Pass,93.33,2-4 Hours,60-75%
S1887,16,Female,9,0.8,54,Postgraduate,Yes,No,74,55,52,78,60.33,Average,Pass,60.33,0-2 Hours,Below 60%
S1888,17,Female,11,4.4,67,Graduate,Yes,Yes,97,43,46,92,62.0,Average,Pass,62.0,4-6 Hours,60-75%
S1889,14,Female,9,3.5,57,High School,No,No,83,71,88,58,80.67,Good,Pass,80.67,2-4 Hours,Below 60%
S1890,14,Female,10,5.3,67,Postgraduate,Yes,No,94,41,69,56,68.0,Good,Pass,68.0,4-6 Hours,60-75%
S1891,18,Female,11,3.7,57,High School,No,Yes,51,95,99,88,81.67,Excellent,Pass,81.67,2-4 Hours,Below 60%
S1892,17,Female,11,5.5,80,Postgraduate,Yes,Yes,100,84,59,85,81.0,Excellent,Pass,81.0,4-6 Hours,75-90%
S1893,16,Male,9,3.1,93,Postgraduate,Yes,Yes,64,55,86,64,68.33,Good,Pass,68.33,2-4 Hours,90-100%
S1894,16,Female,9,5.2,77,Graduate,Yes,No,87,60,95,93,80.67,Good,Pass,80.67,4-6 Hours,75-90%
S1895,14,Female,12,5.3,98,Postgraduate,No,No,43,85,46,64,58.0,Average,Pass,58.0,4-6 Hours,90-100%
S1896,18,Male,11,2.0,70,Graduate,No,No,56,89,72,51,72.33,Good,Pass,72.33,0-2 Hours,60-75%
S1897,17,Male,10,5.7,82,Graduate,Yes,No,76,60,75,42,70.33,Good,Pass,70.33,4-6 Hours,75-90%
S1898,14,Male,10,5.0,74,Graduate,No,Yes,43,100,99,48,80.67,Good,Pass,80.67,4-6 Hours,60-75%
S1899,16,Male,12,5.1,73,Graduate,Yes,No,61,35,97,62,64.33,Average,Pass,64.33,4-6 Hours,60-75%
S1900,16,Male,12,2.6,97,Postgraduate,Yes,No,60,74,84,50,72.67,Good,Pass,72.67,2-4 Hours,90-100%
S1901,17,Female,9,5.1,86,Graduate,No,Yes,87,88,92,59,89.0,Excellent,Pass,89.0,4-6 Hours,75-90%
S1902,15,Male,10,4.5,57,Postgraduate,Yes,Yes,77,77,60,69,71.33,Good,Pass,71.33,4-6 Hours,Below 60%
S1903,15,Female,11,1.0,83,Graduate,No,Yes,97,88,46,61,77.0,Good,Pass,77.0,0-2 Hours,75-90%
S1904,18,Female,11,1.9,56,Postgraduate,No,No,38,73,76,48,62.33,Average,Pass,62.33,0-2 Hours,Below 60%
S1905,18,Male,9,2.3,66,High School,No,No,45,48,77,70,56.67,Average,Pass,56.67,2-4 Hours,60-75%
S1906,18,Male,9,5.1,96,High School,No,Yes,51,46,72,82,56.33,Average,Pass,56.33,4-6 Hours,90-100%
S1907,16,Female,12,4.7,64,Graduate,Yes,No,72,44,42,92,52.67,Average,Pass,52.67,4-6 Hours,60-75%
S1908,15,Female,10,3.6,72,High School,Yes,No,83,61,99,88,81.0,Excellent,Pass,81.0,2-4 Hours,60-75%
S1909,14,Male,10,3.7,78,Graduate,No,No,76,70,39,40,61.67,Average,Pass,61.67,2-4 Hours,75-90%
S1910,17,Female,10,2.3,73,Postgraduate,No,Yes,39,39,89,63,55.67,Average,Pass,55.67,2-4 Hours,60-75%
S1911,17,Male,12,3.6,52,High School,No,Yes,74,36,66,68,58.67,Average,Pass,58.67,2-4 Hours,Below 60%
S1912,19,Female,9,3.1,81,High School,No,Yes,58,40,46,44,48.0,Poor,Fail,48.0,2-4 Hours,75-90%
S1913,14,Male,10,1.1,95,Graduate,Yes,No,68,84,72,88,74.67,Good,Pass,74.67,0-2 Hours,90-100%
S1914,14,Female,9,5.2,77,Graduate,No,Yes,98,46,94,45,79.33,Good,Pass,79.33,4-6 Hours,75-90%
S1915,15,Female,10,5.4,61,High School,No,Yes,86,75,86,42,82.33,Excellent,Pass,82.33,4-6 Hours,60-75%
S1916,19,Female,9,3.8,91,Postgraduate,Yes,No,64,84,98,66,82.0,Excellent,Pass,82.0,2-4 Hours,90-100%
S1917,18,Male,10,1.2,83,Postgraduate,No,Yes,78,67,92,49,79.0,Good,Pass,79.0,0-2 Hours,75-90%
S1918,18,Male,12,2.0,83,Graduate,Yes,Yes,50,96,56,47,67.33,Good,Pass,67.33,0-2 Hours,75-90%
S1919,14,Male,9,2.4,80,High School,Yes,Yes,96,49,85,49,76.67,Good,Pass,76.67,2-4 Hours,75-90%
S1920,17,Female,12,3.6,56,Graduate,No,No,87,51,98,44,78.67,Good,Pass,78.67,2-4 Hours,Below 60%
S1921,16,Female,11,5.8,65,Postgraduate,Yes,No,72,62,41,72,58.33,Average,Pass,58.33,4-6 Hours,60-75%
S1922,18,Male,12,1.6,98,High School,Yes,Yes,37,47,70,81,51.33,Average,Pass,51.33,0-2 Hours,90-100%
S1923,18,Female,9,2.2,98,Graduate,Yes,Yes,70,48,49,94,55.67,Average,Pass,55.67,2-4 Hours,90-100%
S1924,15,Female,9,2.6,76,Graduate,No,No,83,72,84,54,79.67,Good,Pass,79.67,2-4 Hours,75-90%
S1925,15,Male,9,4.2,53,Graduate,No,No,50,39,63,50,50.67,Average,Pass,50.67,4-6 Hours,Below 60%
S1926,14,Male,11,1.1,91,High School,Yes,Yes,71,100,63,65,78.0,Good,Pass,78.0,0-2 Hours,90-100%
S1927,17,Female,12,4.9,50,Graduate,Yes,Yes,95,65,38,68,66.0,Good,Pass,66.0,4-6 Hours,Below 60%
S1928,14,Female,11,5.6,68,High School,Yes,No,67,58,75,43,66.67,Good,Pass,66.67,4-6 Hours,60-75%
S1929,19,Female,11,3.1,76,Graduate,Yes,Yes,45,82,51,81,59.33,Average,Pass,59.33,2-4 Hours,75-90%
S1930,18,Male,10,4.3,76,Graduate,Yes,No,50,38,75,80,54.33,Average,Pass,54.33,4-6 Hours,75-90%
S1931,17,Male,12,4.3,81,Postgraduate,No,Yes,75,42,85,57,67.33,Good,Pass,67.33,4-6 Hours,75-90%
S1932,14,Male,9,3.4,86,Postgraduate,No,Yes,77,80,79,55,78.67,Good,Pass,78.67,2-4 Hours,75-90%
S1933,15,Male,10,5.9,54,High School,No,Yes,49,36,82,68,55.67,Average,Pass,55.67,4-6 Hours,Below 60%
S1934,15,Male,11,4.7,99,High School,Yes,Yes,57,50,52,92,53.0,Average,Pass,53.0,4-6 Hours,90-100%
S1935,19,Female,10,1.5,60,Graduate,No,Yes,59,51,78,78,62.67,Average,Pass,62.67,0-2 Hours,Below 60%
S1936,19,Male,10,5.6,73,Graduate,No,Yes,89,60,55,62,68.0,Good,Pass,68.0,4-6 Hours,60-75%
S1937,18,Male,12,1.2,67,High School,No,Yes,93,86,74,40,84.33,Excellent,Pass,84.33,0-2 Hours,60-75%
S1938,18,Female,9,3.9,75,Graduate,Yes,Yes,49,37,83,55,56.33,Average,Pass,56.33,2-4 Hours,60-75%
S1939,15,Female,9,2.9,56,High School,Yes,Yes,59,49,80,68,62.67,Average,Pass,62.67,2-4 Hours,Below 60%
S1940,15,Male,10,4.0,96,Postgraduate,Yes,Yes,58,81,70,77,69.67,Good,Pass,69.67,2-4 Hours,90-100%
S1941,14,Female,11,2.7,71,Postgraduate,Yes,No,75,38,75,79,62.67,Average,Pass,62.67,2-4 Hours,60-75%
S1942,17,Female,9,2.7,70,Postgraduate,No,No,64,94,38,95,65.33,Average,Pass,65.33,2-4 Hours,60-75%
S1943,16,Female,9,0.8,79,Graduate,No,Yes,86,82,50,45,72.67,Good,Pass,72.67,0-2 Hours,75-90%
S1944,17,Female,12,4.3,89,Postgraduate,No,Yes,50,79,56,93,61.67,Average,Pass,61.67,4-6 Hours,75-90%
S1945,19,Female,10,3.6,51,High School,No,No,95,41,62,57,66.0,Good,Pass,66.0,2-4 Hours,Below 60%
S1946,16,Female,11,5.8,99,Postgraduate,Yes,Yes,88,79,73,70,80.0,Good,Pass,80.0,4-6 Hours,90-100%
S1947,15,Female,10,4.0,80,High School,No,Yes,74,89,51,40,71.33,Good,Pass,71.33,2-4 Hours,75-90%
S1948,16,Female,11,1.9,64,High School,No,Yes,88,91,88,81,89.0,Excellent,Pass,89.0,0-2 Hours,60-75%
S1949,19,Female,10,1.6,71,Graduate,No,No,36,78,93,42,69.0,Good,Pass,69.0,0-2 Hours,60-75%
S1950,17,Male,10,4.1,68,Graduate,No,No,94,46,69,92,69.67,Good,Pass,69.67,4-6 Hours,60-75%
S1951,16,Male,10,1.0,75,High School,Yes,Yes,55,48,89,43,64.0,Average,Pass,64.0,0-2 Hours,60-75%
S1952,17,Male,11,1.8,81,Postgraduate,No,No,65,89,100,47,84.67,Excellent,Pass,84.67,0-2 Hours,75-90%
S1953,19,Male,9,4.4,95,Graduate,Yes,No,98,88,60,46,82.0,Excellent,Pass,82.0,4-6 Hours,90-100%
S1954,16,Male,12,0.7,54,High School,Yes,No,54,74,48,93,58.67,Average,Pass,58.67,0-2 Hours,Below 60%
S1955,15,Male,12,2.2,75,Graduate,No,Yes,92,66,58,89,72.0,Good,Pass,72.0,2-4 Hours,60-75%
S1956,18,Male,11,5.3,72,Graduate,No,Yes,65,99,61,76,75.0,Good,Pass,75.0,4-6 Hours,60-75%
S1957,14,Male,11,1.5,86,Graduate,Yes,No,83,64,55,58,67.33,Good,Pass,67.33,0-2 Hours,75-90%
S1958,14,Female,11,3.9,65,Postgraduate,No,Yes,56,97,38,66,63.67,Average,Pass,63.67,2-4 Hours,60-75%
S1959,14,Female,10,0.7,55,High School,No,Yes,60,89,66,40,71.67,Good,Pass,71.67,0-2 Hours,Below 60%
S1960,17,Female,10,5.2,65,Graduate,No,Yes,71,51,48,47,56.67,Average,Pass,56.67,4-6 Hours,60-75%
S1961,14,Male,11,3.9,59,High School,No,Yes,98,63,68,87,76.33,Good,Pass,76.33,2-4 Hours,Below 60%
S1962,15,Female,9,2.8,66,High School,No,No,87,87,52,57,75.33,Good,Pass,75.33,2-4 Hours,60-75%
S1963,18,Male,10,3.5,92,Postgraduate,Yes,Yes,73,40,80,42,64.33,Average,Pass,64.33,2-4 Hours,90-100%
S1964,15,Male,11,1.0,63,Postgraduate,Yes,No,82,50,52,70,61.33,Average,Pass,61.33,0-2 Hours,60-75%
S1965,14,Female,10,4.5,96,Graduate,No,No,88,85,70,75,81.0,Excellent,Pass,81.0,4-6 Hours,90-100%
S1966,15,Male,12,3.1,64,High School,Yes,No,46,59,84,76,63.0,Average,Pass,63.0,2-4 Hours,60-75%
S1967,14,Female,11,3.5,81,Postgraduate,Yes,Yes,95,49,56,64,66.67,Good,Pass,66.67,2-4 Hours,75-90%
S1968,15,Female,12,0.6,60,Postgraduate,No,Yes,60,95,61,67,72.0,Good,Pass,72.0,0-2 Hours,Below 60%
S1969,17,Male,12,5.4,54,High School,Yes,Yes,97,95,96,95,96.0,Excellent,Pass,96.0,4-6 Hours,Below 60%
S1970,15,Female,11,4.3,56,Postgraduate,Yes,No,45,39,40,47,41.33,Poor,Fail,41.33,4-6 Hours,Below 60%
S1971,19,Male,12,1.9,77,Postgraduate,Yes,No,68,44,94,60,68.67,Good,Pass,68.67,0-2 Hours,75-90%
S1972,15,Female,11,3.5,87,High School,No,No,74,92,48,87,71.33,Good,Pass,71.33,2-4 Hours,75-90%
S1973,17,Female,9,4.6,86,Postgraduate,Yes,No,42,58,42,91,47.33,Poor,Fail,47.33,4-6 Hours,75-90%
S1974,17,Female,11,2.0,96,High School,Yes,Yes,42,60,48,80,50.0,Average,Pass,50.0,0-2 Hours,90-100%
S1975,14,Female,12,4.6,90,High School,Yes,No,61,40,98,47,66.33,Good,Pass,66.33,4-6 Hours,75-90%
S1976,16,Female,10,4.5,55,Graduate,Yes,No,74,98,93,95,88.33,Excellent,Pass,88.33,4-6 Hours,Below 60%
S1977,17,Male,12,1.4,82,High School,No,Yes,52,58,90,63,66.67,Good,Pass,66.67,0-2 Hours,75-90%
S1978,19,Female,12,2.0,70,Graduate,No,No,90,42,55,55,62.33,Average,Pass,62.33,0-2 Hours,60-75%
S1979,15,Female,10,0.9,69,Postgraduate,Yes,Yes,42,48,69,89,53.0,Average,Pass,53.0,0-2 Hours,60-75%
S1980,18,Male,9,3.7,85,High School,Yes,Yes,57,44,81,95,60.67,Average,Pass,60.67,2-4 Hours,75-90%
S1981,16,Female,12,4.1,83,High School,Yes,Yes,42,37,60,47,46.33,Poor,Fail,46.33,4-6 Hours,75-90%
S1982,18,Male,10,3.5,51,Graduate,No,Yes,51,69,53,70,57.67,Average,Pass,57.67,2-4 Hours,Below 60%
S1983,15,Male,11,2.1,85,Postgraduate,Yes,No,50,70,86,55,68.67,Good,Pass,68.67,2-4 Hours,75-90%
S1984,14,Male,9,5.4,65,Postgraduate,Yes,Yes,56,44,84,57,61.33,Average,Pass,61.33,4-6 Hours,60-75%
S1985,15,Male,12,4.1,59,High School,Yes,No,47,72,99,74,72.67,Good,Pass,72.67,4-6 Hours,Below 60%
S1986,14,Female,11,2.4,59,High School,Yes,Yes,74,39,88,46,67.0,Good,Pass,67.0,2-4 Hours,Below 60%
S1987,19,Female,10,3.2,77,High School,Yes,No,35,88,51,48,58.0,Average,Pass,58.0,2-4 Hours,75-90%
S1988,18,Male,12,3.9,73,High School,Yes,Yes,93,100,46,69,79.67,Good,Pass,79.67,2-4 Hours,60-75%
S1989,16,Female,12,3.5,88,Graduate,Yes,Yes,41,80,61,53,60.67,Average,Pass,60.67,2-4 Hours,75-90%
S1990,14,Male,12,3.7,92,High School,No,No,42,85,72,92,66.33,Good,Pass,66.33,2-4 Hours,90-100%
S1991,16,Male,9,5.2,61,High School,No,Yes,43,79,80,68,67.33,Good,Pass,67.33,4-6 Hours,60-75%
S1992,16,Male,11,5.4,77,High School,Yes,No,43,66,63,83,57.33,Average,Pass,57.33,4-6 Hours,75-90%
S1993,17,Female,11,2.1,89,High School,Yes,Yes,89,100,86,89,91.67,Excellent,Pass,91.67,2-4 Hours,75-90%
S1994,15,Male,9,1.8,93,High School,No,Yes,49,43,70,63,54.0,Average,Pass,54.0,0-2 Hours,90-100%
S1995,15,Male,10,5.1,89,Postgraduate,Yes,No,76,35,58,55,56.33,Average,Pass,56.33,4-6 Hours,75-90%
S1996,16,Female,10,0.9,50,High School,No,No,58,70,74,62,67.33,Good,Pass,67.33,0-2 Hours,Below 60%
S1997,15,Female,11,1.9,83,Postgraduate,Yes,Yes,48,67,78,48,64.33,Average,Pass,64.33,0-2 Hours,75-90%
S1998,14,Female,12,3.3,58,High School,No,No,96,85,55,52,78.67,Good,Pass,78.67,2-4 Hours,Below 60%
S1999,16,Female,10,5.1,53,High School,No,No,42,71,63,71,58.67,Average,Pass,58.67,4-6 Hours,Below 60%
S2000,14,Male,9,1.5,77,High School,Yes,Yes,91,48,96,71,78.33,Good,Pass,78.33,0-2 Hours,75-90%
S2001,18,Female,9,2.6,85,High School,No,Yes,83,52,90,55,75.0,Good,Pass,75.0,2-4 Hours,75-90%
S2002,14,Female,11,3.6,64,High School,No,Yes,80,96,68,60,81.33,Excellent,Pass,81.33,2-4 Hours,60-75%
S2003,19,Female,11,3.4,88,High School,Yes,Yes,81,54,60,43,65.0,Average,Pass,65.0,2-4 Hours,75-90%
S2004,18,Female,12,5.7,92,Graduate,Yes,No,85,50,60,61,65.0,Average,Pass,65.0,4-6 Hours,90-100%
S2005,19,Female,12,3.4,64,Postgraduate,Yes,No,57,47,43,81,49.0,Poor,Fail,49.0,2-4 Hours,60-75%
S2006,15,Female,11,1.0,63,Postgraduate,No,No,68,76,100,73,81.33,Excellent,Pass,81.33,0-2 Hours,60-75%
S2007,19,Male,11,5.5,53,Postgraduate,No,Yes,55,93,43,51,63.67,Average,Pass,63.67,4-6 Hours,Below 60%
S2008,18,Male,11,5.5,75,High School,No,Yes,99,52,86,84,79.0,Good,Pass,79.0,4-6 Hours,60-75%
S2009,19,Female,9,1.3,74,Graduate,No,No,96,56,36,48,62.67,Average,Pass,62.67,0-2 Hours,60-75%
S2010,18,Male,11,1.0,97,Postgraduate,Yes,Yes,67,50,96,90,71.0,Good,Pass,71.0,0-2 Hours,90-100%
S2011,16,Male,11,5.0,53,Postgraduate,Yes,Yes,70,57,59,67,62.0,Average,Pass,62.0,4-6 Hours,Below 60%
S2012,18,Male,12,1.3,91,Postgraduate,Yes,Yes,70,63,37,40,56.67,Average,Pass,56.67,0-2 Hours,90-100%
S2013,14,Male,12,4.9,52,High School,No,Yes,50,66,83,64,66.33,Good,Pass,66.33,4-6 Hours,Below 60%
S2014,14,Female,9,4.7,85,Graduate,Yes,No,97,39,81,82,72.33,Good,Pass,72.33,4-6 Hours,75-90%
S2015,17,Male,11,5.9,78,High School,Yes,No,37,64,39,60,46.67,Poor,Fail,46.67,4-6 Hours,75-90%
S2016,17,Female,11,2.9,84,Graduate,Yes,No,58,51,93,78,67.33,Good,Pass,67.33,2-4 Hours,75-90%
S2017,19,Male,9,5.5,72,Graduate,No,No,47,46,50,57,47.67,Poor,Fail,47.67,4-6 Hours,60-75%
S2018,16,Male,9,3.2,74,Postgraduate,Yes,Yes,55,84,80,61,73.0,Good,Pass,73.0,2-4 Hours,60-75%
S2019,14,Female,10,1.9,58,Postgraduate,No,No,38,76,76,88,63.33,Average,Pass,63.33,0-2 Hours,Below 60%
S2020,19,Male,10,1.9,96,High School,Yes,No,92,69,36,40,65.67,Average,Pass,65.67,0-2 Hours,90-100%
S2021,14,Male,9,4.2,84,High School,Yes,No,72,98,94,60,88.0,Excellent,Pass,88.0,4-6 Hours,75-90%
S2022,18,Female,12,1.9,62,High School,No,No,78,100,98,84,92.0,Excellent,Pass,92.0,0-2 Hours,60-75%
S2023,16,Female,12,1.7,71,High School,No,No,94,89,46,53,76.33,Good,Pass,76.33,0-2 Hours,60-75%
S2024,15,Male,11,4.1,82,High School,Yes,Yes,55,59,84,79,66.0,Good,Pass,66.0,4-6 Hours,75-90%
S2025,14,Female,10,2.5,57,Postgraduate,No,No,78,70,88,73,78.67,Good,Pass,78.67,2-4 Hours,Below 60%
S2026,14,Female,11,5.1,93,Postgraduate,No,Yes,93,59,62,64,71.33,Good,Pass,71.33,4-6 Hours,90-100%
S2027,15,Male,12,4.9,63,High School,No,No,56,99,58,78,71.0,Good,Pass,71.0,4-6 Hours,60-75%
S2028,16,Female,12,5.0,50,Postgraduate,No,No,60,46,93,86,66.33,Good,Pass,66.33,4-6 Hours,Below 60%
S2029,18,Male,9,1.6,74,High School,Yes,No,54,62,81,62,65.67,Average,Pass,65.67,0-2 Hours,60-75%
S2030,18,Female,11,2.3,82,High School,Yes,No,51,46,44,92,47.0,Poor,Fail,47.0,2-4 Hours,75-90%
S2031,19,Male,11,1.1,96,Graduate,No,No,54,71,75,79,66.67,Good,Pass,66.67,0-2 Hours,90-100%
S2032,15,Male,10,0.7,71,Postgraduate,No,No,97,36,98,40,77.0,Good,Pass,77.0,0-2 Hours,60-75%
S2033,19,Male,10,3.8,52,Postgraduate,No,No,75,62,51,53,62.67,Average,Pass,62.67,2-4 Hours,Below 60%
S2034,16,Male,9,4.2,90,Postgraduate,No,Yes,53,78,63,69,64.67,Average,Pass,64.67,4-6 Hours,75-90%
S2035,17,Female,9,3.1,73,Graduate,No,No,89,37,43,54,56.33,Average,Pass,56.33,2-4 Hours,60-75%
S2036,17,Male,12,4.9,66,Postgraduate,Yes,Yes,78,36,80,55,64.67,Average,Pass,64.67,4-6 Hours,60-75%
S2037,15,Female,10,3.9,88,High School,Yes,No,97,44,71,89,70.67,Good,Pass,70.67,2-4 Hours,75-90%
S2038,14,Female,10,5.2,94,High School,No,No,66,47,57,93,56.67,Average,Pass,56.67,4-6 Hours,90-100%
S2039,19,Male,9,5.2,94,Graduate,Yes,No,62,45,41,62,49.33,Poor,Fail,49.33,4-6 Hours,90-100%
S2040,19,Female,10,3.8,76,Postgraduate,Yes,No,95,82,70,56,82.33,Excellent,Pass,82.33,2-4 Hours,75-90%
S2041,14,Male,9,3.5,50,High School,No,No,56,89,86,44,77.0,Good,Pass,77.0,2-4 Hours,Below 60%
S2042,15,Male,9,3.5,60,Postgraduate,Yes,Yes,60,73,57,41,63.33,Average,Pass,63.33,2-4 Hours,Below 60%
S2043,14,Male,9,1.0,53,Postgraduate,No,Yes,86,95,67,80,82.67,Excellent,Pass,82.67,0-2 Hours,Below 60%
S2044,17,Female,12,1.4,64,Postgraduate,Yes,Yes,51,42,61,49,51.33,Average,Pass,51.33,0-2 Hours,60-75%
S2045,16,Female,9,1.7,51,Postgraduate,Yes,No,68,97,61,56,75.33,Good,Pass,75.33,0-2 Hours,Below 60%
S2046,18,Male,10,2.9,70,Postgraduate,No,Yes,49,40,85,79,58.0,Average,Pass,58.0,2-4 Hours,60-75%
S2047,17,Female,11,1.9,78,Postgraduate,Yes,No,71,67,50,82,62.67,Average,Pass,62.67,0-2 Hours,75-90%
S2048,14,Male,10,2.6,71,Postgraduate,No,No,93,37,46,91,58.67,Average,Pass,58.67,2-4 Hours,60-75%
S2049,14,Male,9,4.1,85,High School,No,Yes,81,43,75,93,66.33,Good,Pass,66.33,4-6 Hours,75-90%
S2050,18,Female,11,1.7,80,High School,No,No,73,51,43,67,55.67,Average,Pass,55.67,0-2 Hours,75-90%
S2051,18,Male,11,6.0,97,Graduate,No,Yes,80,57,73,89,70.0,Good,Pass,70.0,4-6 Hours,90-100%
S2052,18,Male,9,4.8,84,Postgraduate,Yes,Yes,80,42,85,74,69.0,Good,Pass,69.0,4-6 Hours,75-90%
S2053,15,Male,11,5.6,55,Postgraduate,Yes,Yes,45,66,70,53,60.33,Average,Pass,60.33,4-6 Hours,Below 60%
S2054,15,Female,10,5.0,97,Postgraduate,No,No,42,58,62,40,54.0,Average,Pass,54.0,4-6 Hours,90-100%
S2055,15,Male,11,2.8,68,Postgraduate,Yes,Yes,58,35,85,74,59.33,Average,Pass,59.33,2-4 Hours,60-75%
S2056,17,Male,9,2.0,90,Postgraduate,No,Yes,36,70,83,72,63.0,Average,Pass,63.0,0-2 Hours,75-90%
S2057,19,Female,10,2.9,96,Graduate,Yes,Yes,39,96,64,68,66.33,Good,Pass,66.33,2-4 Hours,90-100%
S2058,18,Male,9,4.8,71,Graduate,Yes,Yes,80,43,99,52,74.0,Good,Pass,74.0,4-6 Hours,60-75%
S2059,16,Male,11,5.9,61,Postgraduate,No,Yes,97,93,89,75,93.0,Excellent,Pass,93.0,4-6 Hours,60-75%
S2060,15,Female,9,4.7,76,Graduate,No,Yes,70,89,90,70,83.0,Excellent,Pass,83.0,4-6 Hours,75-90%
S2061,15,Male,12,2.7,76,Graduate,No,Yes,83,96,60,45,79.67,Good,Pass,79.67,2-4 Hours,75-90%
S2062,19,Male,9,1.7,67,Graduate,Yes,No,72,56,53,91,60.33,Average,Pass,60.33,0-2 Hours,60-75%
S2063,14,Male,10,4.4,54,High School,No,Yes,49,78,90,65,72.33,Good,Pass,72.33,4-6 Hours,Below 60%
S2064,15,Female,10,0.8,70,Graduate,No,No,85,96,62,92,81.0,Excellent,Pass,81.0,0-2 Hours,60-75%
S2065,17,Female,10,4.9,76,Graduate,Yes,Yes,92,60,53,91,68.33,Good,Pass,68.33,4-6 Hours,75-90%
S2066,14,Female,10,1.9,92,High School,Yes,No,99,55,50,67,68.0,Good,Pass,68.0,0-2 Hours,90-100%
S2067,18,Female,9,3.2,65,Postgraduate,No,Yes,68,68,93,95,76.33,Good,Pass,76.33,2-4 Hours,60-75%
S2068,14,Male,11,3.1,57,Graduate,No,No,62,48,69,53,59.67,Average,Pass,59.67,2-4 Hours,Below 60%
S2069,15,Female,9,3.5,74,Graduate,No,Yes,76,64,44,65,61.33,Average,Pass,61.33,2-4 Hours,60-75%
S2070,15,Male,12,1.7,62,High School,Yes,Yes,80,73,45,57,66.0,Good,Pass,66.0,0-2 Hours,60-75%
S2071,15,Female,9,2.4,91,Graduate,No,No,90,45,69,48,68.0,Good,Pass,68.0,2-4 Hours,90-100%
S2072,19,Female,9,2.9,76,Postgraduate,Yes,Yes,53,63,73,72,63.0,Average,Pass,63.0,2-4 Hours,75-90%
S2073,14,Female,10,5.9,80,High School,No,No,62,59,56,82,59.0,Average,Pass,59.0,4-6 Hours,75-90%
S2074,18,Female,9,2.0,54,Postgraduate,No,No,91,81,75,75,82.33,Excellent,Pass,82.33,0-2 Hours,Below 60%
S2075,16,Female,11,3.4,61,High School,Yes,Yes,70,45,48,55,54.33,Average,Pass,54.33,2-4 Hours,60-75%
S2076,19,Male,10,2.7,98,High School,No,No,53,83,51,55,62.33,Average,Pass,62.33,2-4 Hours,90-100%
S2077,14,Male,12,4.8,56,Postgraduate,Yes,Yes,74,64,53,70,63.67,Average,Pass,63.67,4-6 Hours,Below 60%
S2078,19,Female,11,3.0,81,Graduate,No,No,87,99,76,88,87.33,Excellent,Pass,87.33,2-4 Hours,75-90%
S2079,18,Male,9,1.9,67,High School,Yes,No,58,75,89,62,74.0,Good,Pass,74.0,0-2 Hours,60-75%
S2080,15,Female,10,4.2,62,Postgraduate,Yes,Yes,75,36,57,71,56.0,Average,Pass,56.0,4-6 Hours,60-75%
S2081,19,Female,10,2.9,96,Graduate,Yes,Yes,51,65,50,95,55.33,Average,Pass,55.33,2-4 Hours,90-100%
S2082,17,Male,11,3.2,84,Postgraduate,Yes,Yes,99,52,98,47,83.0,Excellent,Pass,83.0,2-4 Hours,75-90%
S2083,15,Male,10,5.4,84,Postgraduate,No,Yes,100,100,46,43,82.0,Excellent,Pass,82.0,4-6 Hours,75-90%
S2084,19,Female,9,2.0,52,Postgraduate,No,Yes,96,88,76,73,86.67,Excellent,Pass,86.67,0-2 Hours,Below 60%
S2085,14,Male,11,4.0,100,Graduate,Yes,No,95,41,45,44,60.33,Average,Pass,60.33,2-4 Hours,90-100%
S2086,16,Male,11,1.1,57,High School,Yes,Yes,87,49,44,76,60.0,Average,Pass,60.0,0-2 Hours,Below 60%
S2087,16,Male,12,3.3,50,Postgraduate,No,No,47,93,100,47,80.0,Good,Pass,80.0,2-4 Hours,Below 60%
S2088,18,Male,9,5.3,91,High School,No,No,63,67,43,70,57.67,Average,Pass,57.67,4-6 Hours,90-100%
S2089,14,Female,9,1.6,88,Postgraduate,No,Yes,90,56,37,89,61.0,Average,Pass,61.0,0-2 Hours,75-90%
S2090,16,Female,11,3.0,74,Graduate,Yes,Yes,47,96,53,44,65.33,Average,Pass,65.33,2-4 Hours,60-75%
S2091,17,Male,9,4.0,88,Postgraduate,Yes,Yes,85,66,64,56,71.67,Good,Pass,71.67,2-4 Hours,75-90%
S2092,17,Female,12,4.5,85,Postgraduate,No,Yes,81,78,61,43,73.33,Good,Pass,73.33,4-6 Hours,75-90%
S2093,18,Female,9,4.6,59,High School,Yes,No,53,83,44,60,60.0,Average,Pass,60.0,4-6 Hours,Below 60%
S2094,17,Male,9,2.8,68,Postgraduate,Yes,No,43,92,43,60,59.33,Average,Pass,59.33,2-4 Hours,60-75%
S2095,15,Male,9,1.9,84,High School,No,No,50,94,83,69,75.67,Good,Pass,75.67,0-2 Hours,75-90%
S2096,16,Female,11,3.4,99,Graduate,Yes,No,72,85,43,65,66.67,Good,Pass,66.67,2-4 Hours,90-100%
S2097,15,Male,9,2.8,90,Postgraduate,Yes,Yes,36,88,95,69,73.0,Good,Pass,73.0,2-4 Hours,75-90%
S2098,17,Male,9,4.9,88,High School,No,No,63,55,63,73,60.33,Average,Pass,60.33,4-6 Hours,75-90%
S2099,15,Female,10,4.0,83,High School,No,No,89,56,76,51,73.67,Good,Pass,73.67,2-4 Hours,75-90%
S2100,18,Male,10,1.7,90,Postgraduate,Yes,No,75,85,42,59,67.33,Good,Pass,67.33,0-2 Hours,75-90%
S2101,16,Female,12,3.6,65,High School,Yes,No,96,43,85,44,74.67,Good,Pass,74.67,2-4 Hours,60-75%
S2102,19,Male,12,1.9,56,Postgraduate,No,Yes,43,98,52,69,64.33,Average,Pass,64.33,0-2 Hours,Below 60%
S2103,18,Female,9,5.8,91,Graduate,Yes,Yes,35,78,64,95,59.0,Average,Pass,59.0,4-6 Hours,90-100%
S2104,14,Female,11,1.8,79,High School,Yes,No,81,54,91,87,75.33,Good,Pass,75.33,0-2 Hours,75-90%
S2105,15,Male,10,5.3,73,High School,Yes,No,73,40,85,73,66.0,Good,Pass,66.0,4-6 Hours,60-75%
S2106,14,Female,12,0.5,72,Graduate,No,Yes,100,67,80,59,82.33,Excellent,Pass,82.33,0-2 Hours,60-75%
S2107,19,Male,9,1.4,56,Postgraduate,Yes,No,57,95,62,78,71.33,Good,Pass,71.33,0-2 Hours,Below 60%
S2108,15,Male,10,5.7,74,Postgraduate,No,Yes,40,100,68,77,69.33,Good,Pass,69.33,4-6 Hours,60-75%
S2109,16,Female,11,2.3,80,Graduate,Yes,No,39,43,36,93,39.33,Poor,Fail,39.33,2-4 Hours,75-90%
S2110,19,Female,9,4.6,57,Graduate,No,Yes,59,80,56,48,65.0,Average,Pass,65.0,4-6 Hours,Below 60%
S2111,14,Male,11,2.9,99,Graduate,Yes,No,38,58,62,70,52.67,Average,Pass,52.67,2-4 Hours,90-100%
S2112,16,Female,9,3.2,60,High School,Yes,Yes,67,60,78,76,68.33,Good,Pass,68.33,2-4 Hours,Below 60%
S2113,15,Male,12,5.5,96,High School,Yes,No,96,87,81,70,88.0,Excellent,Pass,88.0,4-6 Hours,90-100%
S2114,14,Male,11,1.3,79,Graduate,No,No,99,91,55,58,81.67,Excellent,Pass,81.67,0-2 Hours,75-90%
S2115,17,Female,12,3.0,81,Graduate,No,Yes,88,92,84,93,88.0,Excellent,Pass,88.0,2-4 Hours,75-90%
S2116,15,Male,9,3.6,91,Postgraduate,No,Yes,49,92,37,57,59.33,Average,Pass,59.33,2-4 Hours,90-100%
S2117,14,Female,10,4.4,62,High School,Yes,Yes,35,85,73,81,64.33,Average,Pass,64.33,4-6 Hours,60-75%
S2118,19,Female,11,1.7,95,Graduate,No,Yes,82,88,98,40,89.33,Excellent,Pass,89.33,0-2 Hours,90-100%
S2119,18,Male,10,4.7,67,Graduate,No,No,71,75,54,41,66.67,Good,Pass,66.67,4-6 Hours,60-75%
S2120,17,Female,10,2.3,88,Graduate,Yes,No,75,44,73,57,64.0,Average,Pass,64.0,2-4 Hours,75-90%
S2121,18,Male,9,5.7,72,High School,Yes,Yes,67,59,75,88,67.0,Good,Pass,67.0,4-6 Hours,60-75%
S2122,17,Male,9,3.2,66,Postgraduate,No,Yes,35,98,84,52,72.33,Good,Pass,72.33,2-4 Hours,60-75%
S2123,14,Female,12,1.5,59,Postgraduate,No,No,58,59,78,85,65.0,Average,Pass,65.0,0-2 Hours,Below 60%
S2124,14,Female,11,3.7,51,Graduate,Yes,Yes,48,92,75,49,71.67,Good,Pass,71.67,2-4 Hours,Below 60%
S2125,18,Female,10,5.4,69,Postgraduate,No,No,51,42,67,92,53.33,Average,Pass,53.33,4-6 Hours,60-75%
S2126,18,Female,12,4.6,60,High School,Yes,Yes,48,42,35,95,41.67,Poor,Fail,41.67,4-6 Hours,Below 60%
S2127,19,Female,10,4.0,51,Graduate,No,Yes,40,37,64,89,47.0,Poor,Fail,47.0,2-4 Hours,Below 60%
S2128,19,Female,11,4.7,88,Postgraduate,Yes,Yes,42,68,57,64,55.67,Average,Pass,55.67,4-6 Hours,75-90%
S2129,17,Female,11,0.7,97,Postgraduate,Yes,No,93,76,65,45,78.0,Good,Pass,78.0,0-2 Hours,90-100%
S2130,19,Female,11,5.2,78,High School,Yes,No,70,78,78,82,75.33,Good,Pass,75.33,4-6 Hours,75-90%
S2131,19,Male,11,2.0,68,Postgraduate,Yes,Yes,72,62,82,54,72.0,Good,Pass,72.0,0-2 Hours,60-75%
S2132,14,Female,10,4.1,57,Graduate,No,No,89,52,55,40,65.33,Average,Pass,65.33,4-6 Hours,Below 60%
S2133,17,Female,9,5.7,61,High School,Yes,No,53,41,80,92,58.0,Average,Pass,58.0,4-6 Hours,60-75%
S2134,18,Male,11,3.6,94,Graduate,No,No,85,87,91,86,87.67,Excellent,Pass,87.67,2-4 Hours,90-100%
S2135,18,Male,12,3.2,56,Postgraduate,Yes,Yes,93,52,36,81,60.33,Average,Pass,60.33,2-4 Hours,Below 60%
S2136,17,Male,10,4.3,89,High School,No,Yes,79,35,86,76,66.67,Good,Pass,66.67,4-6 Hours,75-90%
S2137,14,Female,9,0.9,73,Postgraduate,No,Yes,93,35,97,44,75.0,Good,Pass,75.0,0-2 Hours,60-75%
S2138,19,Female,12,3.2,87,High School,No,No,44,62,69,64,58.33,Average,Pass,58.33,2-4 Hours,75-90%
S2139,19,Male,12,3.8,65,High School,No,No,80,91,86,46,85.67,Excellent,Pass,85.67,2-4 Hours,60-75%
S2140,14,Female,10,3.5,70,Graduate,No,Yes,67,86,73,46,75.33,Good,Pass,75.33,2-4 Hours,60-75%
S2141,18,Male,11,3.0,54,Postgraduate,No,Yes,47,72,80,51,66.33,Good,Pass,66.33,2-4 Hours,Below 60%
S2142,19,Female,10,1.6,83,High School,No,Yes,56,90,35,87,60.33,Average,Pass,60.33,0-2 Hours,75-90%
S2143,16,Male,12,2.1,88,Graduate,Yes,No,75,57,40,52,57.33,Average,Pass,57.33,2-4 Hours,75-90%
S2144,18,Female,9,4.3,73,Graduate,No,Yes,67,100,81,40,82.67,Excellent,Pass,82.67,4-6 Hours,60-75%
S2145,15,Female,9,1.5,99,High School,No,No,73,66,76,73,71.67,Good,Pass,71.67,0-2 Hours,90-100%
S2146,16,Female,10,1.8,65,Graduate,Yes,No,70,83,49,47,67.33,Good,Pass,67.33,0-2 Hours,60-75%
S2147,14,Female,9,4.7,52,Postgraduate,No,Yes,90,53,54,55,65.67,Average,Pass,65.67,4-6 Hours,Below 60%
S2148,19,Female,11,1.3,50,High School,Yes,Yes,47,77,78,53,67.33,Good,Pass,67.33,0-2 Hours,Below 60%
S2149,17,Male,10,0.8,80,Graduate,Yes,Yes,61,88,54,81,67.67,Good,Pass,67.67,0-2 Hours,75-90%
S2150,15,Male,11,1.8,87,Postgraduate,No,Yes,64,70,57,62,63.67,Average,Pass,63.67,0-2 Hours,75-90%
S2151,17,Female,11,2.9,52,High School,No,Yes,41,85,80,48,68.67,Good,Pass,68.67,2-4 Hours,Below 60%
S2152,17,Male,11,4.5,79,Postgraduate,Yes,Yes,77,68,84,54,76.33,Good,Pass,76.33,4-6 Hours,75-90%
S2153,15,Female,12,2.4,91,High School,Yes,Yes,100,99,76,78,91.67,Excellent,Pass,91.67,2-4 Hours,90-100%
S2154,15,Female,10,4.0,52,High School,No,Yes,87,94,48,63,76.33,Good,Pass,76.33,2-4 Hours,Below 60%
S2155,16,Male,11,1.1,60,High School,No,Yes,61,81,99,68,80.33,Good,Pass,80.33,0-2 Hours,Below 60%
S2156,15,Male,9,0.7,57,Graduate,No,No,60,85,43,41,62.67,Average,Pass,62.67,0-2 Hours,Below 60%
S2157,14,Male,9,3.1,79,Postgraduate,No,No,40,55,94,88,63.0,Average,Pass,63.0,2-4 Hours,75-90%
S2158,16,Female,9,5.2,70,Postgraduate,No,Yes,35,35,43,69,37.67,Poor,Fail,37.67,4-6 Hours,60-75%
S2159,17,Female,12,0.8,66,Postgraduate,Yes,No,40,50,38,50,42.67,Poor,Fail,42.67,0-2 Hours,60-75%
S2160,14,Female,9,3.1,53,High School,No,No,94,41,69,83,68.0,Good,Pass,68.0,2-4 Hours,Below 60%
S2161,15,Female,12,4.8,56,Graduate,No,Yes,57,64,62,40,61.0,Average,Pass,61.0,4-6 Hours,Below 60%
S2162,14,Male,10,5.6,51,Graduate,No,No,66,59,57,95,60.67,Average,Pass,60.67,4-6 Hours,Below 60%
S2163,19,Female,9,2.4,51,Postgraduate,Yes,Yes,85,73,96,83,84.67,Excellent,Pass,84.67,2-4 Hours,Below 60%
S2164,14,Male,11,1.3,79,Postgraduate,No,Yes,36,60,97,56,64.33,Average,Pass,64.33,0-2 Hours,75-90%
S2165,14,Male,9,1.7,64,High School,Yes,No,66,35,91,57,64.0,Average,Pass,64.0,0-2 Hours,60-75%
S2166,14,Male,10,2.1,66,Graduate,No,Yes,49,75,69,76,64.33,Average,Pass,64.33,2-4 Hours,60-75%
S2167,16,Female,12,4.2,94,Postgraduate,Yes,Yes,78,88,79,42,81.67,Excellent,Pass,81.67,4-6 Hours,90-100%
S2168,17,Male,11,5.4,50,Graduate,No,No,36,38,90,84,54.67,Average,Pass,54.67,4-6 Hours,Below 60%
S2169,14,Female,11,2.6,54,Graduate,No,No,97,51,41,75,63.0,Average,Pass,63.0,2-4 Hours,Below 60%
S2170,17,Female,12,3.6,92,Graduate,No,No,56,77,82,48,71.67,Good,Pass,71.67,2-4 Hours,90-100%
S2171,18,Male,11,3.9,85,Graduate,Yes,No,53,51,60,53,54.67,Average,Pass,54.67,2-4 Hours,75-90%
S2172,15,Female,9,5.4,70,High School,Yes,No,49,50,80,93,59.67,Average,Pass,59.67,4-6 Hours,60-75%
S2173,17,Female,10,2.0,97,Postgraduate,Yes,Yes,91,98,56,49,81.67,Excellent,Pass,81.67,0-2 Hours,90-100%
S2174,19,Male,11,0.6,51,High School,Yes,Yes,77,56,40,45,57.67,Average,Pass,57.67,0-2 Hours,Below 60%
S2175,18,Male,11,3.1,80,High School,Yes,Yes,63,59,55,80,59.0,Average,Pass,59.0,2-4 Hours,75-90%
S2176,16,Male,10,5.8,90,Graduate,No,Yes,40,84,92,76,72.0,Good,Pass,72.0,4-6 Hours,75-90%
S2177,15,Female,9,4.0,67,Postgraduate,Yes,No,44,54,68,83,55.33,Average,Pass,55.33,2-4 Hours,60-75%
S2178,14,Male,10,1.4,51,Postgraduate,No,Yes,57,69,58,56,61.33,Average,Pass,61.33,0-2 Hours,Below 60%
S2179,18,Male,10,3.0,93,High School,Yes,No,99,42,90,74,77.0,Good,Pass,77.0,2-4 Hours,90-100%
S2180,15,Female,11,1.6,61,High School,Yes,Yes,35,69,92,82,65.33,Average,Pass,65.33,0-2 Hours,60-75%
S2181,19,Female,11,6.0,63,Graduate,No,No,74,43,88,42,68.33,Good,Pass,68.33,4-6 Hours,60-75%
S2182,17,Female,10,1.9,62,Graduate,Yes,Yes,66,93,65,80,74.67,Good,Pass,74.67,0-2 Hours,60-75%
S2183,14,Female,9,5.7,61,Postgraduate,Yes,Yes,88,44,47,67,59.67,Average,Pass,59.67,4-6 Hours,60-75%
S2184,14,Female,10,3.7,79,High School,No,Yes,57,36,40,70,44.33,Poor,Fail,44.33,2-4 Hours,75-90%
S2185,19,Male,11,3.4,64,Graduate,No,Yes,75,82,68,43,75.0,Good,Pass,75.0,2-4 Hours,60-75%
S2186,17,Male,11,4.6,61,High School,No,No,77,36,61,68,58.0,Average,Pass,58.0,4-6 Hours,60-75%
S2187,14,Male,11,3.9,74,Postgraduate,Yes,No,81,80,59,84,73.33,Good,Pass,73.33,2-4 Hours,60-75%
S2188,16,Male,12,1.5,94,Postgraduate,Yes,Yes,46,79,81,55,68.67,Good,Pass,68.67,0-2 Hours,90-100%
S2189,18,Female,12,1.6,82,High School,No,Yes,83,72,93,66,82.67,Excellent,Pass,82.67,0-2 Hours,75-90%
S2190,19,Male,9,5.1,55,High School,Yes,No,83,100,49,40,77.33,Good,Pass,77.33,4-6 Hours,Below 60%
S2191,18,Male,10,1.3,100,High School,No,No,38,68,84,75,63.33,Average,Pass,63.33,0-2 Hours,90-100%
S2192,14,Female,11,1.6,78,Graduate,No,Yes,95,87,93,48,91.67,Excellent,Pass,91.67,0-2 Hours,75-90%
S2193,14,Male,9,4.0,54,Postgraduate,Yes,No,95,69,90,42,84.67,Excellent,Pass,84.67,2-4 Hours,Below 60%
S2194,14,Female,11,4.4,56,High School,Yes,No,84,41,36,78,53.67,Average,Pass,53.67,4-6 Hours,Below 60%
S2195,16,Female,10,1.5,56,Postgraduate,No,No,70,70,64,44,68.0,Good,Pass,68.0,0-2 Hours,Below 60%
S2196,19,Male,12,2.8,60,High School,No,Yes,85,94,73,59,84.0,Excellent,Pass,84.0,2-4 Hours,Below 60%
S2197,14,Female,11,1.7,72,High School,Yes,No,97,99,93,66,96.33,Excellent,Pass,96.33,0-2 Hours,60-75%
S2198,15,Female,12,1.2,81,Postgraduate,Yes,Yes,72,91,48,68,70.33,Good,Pass,70.33,0-2 Hours,75-90%
S2199,18,Male,11,2.9,99,High School,Yes,Yes,41,57,77,59,58.33,Average,Pass,58.33,2-4 Hours,90-100%
S2200,19,Male,10,2.9,61,Graduate,Yes,No,77,81,64,51,74.0,Good,Pass,74.0,2-4 Hours,60-75%
S2201,14,Female,10,2.1,87,Postgraduate,No,Yes,46,70,74,95,63.33,Average,Pass,63.33,2-4 Hours,75-90%
S2202,16,Female,9,2.3,76,High School,No,Yes,81,54,87,71,74.0,Good,Pass,74.0,2-4 Hours,75-90%
S2203,16,Male,12,5.6,51,Graduate,Yes,Yes,61,35,70,50,55.33,Average,Pass,55.33,4-6 Hours,Below 60%
S2204,15,Female,10,3.0,68,High School,No,Yes,82,68,35,92,61.67,Average,Pass,61.67,2-4 Hours,60-75%
S2205,17,Male,10,3.3,94,High School,No,No,87,35,78,74,66.67,Good,Pass,66.67,2-4 Hours,90-100%
S2206,15,Female,12,1.9,99,Postgraduate,Yes,Yes,68,40,41,89,49.67,Poor,Fail,49.67,0-2 Hours,90-100%
S2207,18,Male,10,3.8,78,Postgraduate,No,No,71,83,57,42,70.33,Good,Pass,70.33,2-4 Hours,75-90%
S2208,18,Female,9,4.7,100,Graduate,No,Yes,45,64,41,74,50.0,Average,Pass,50.0,4-6 Hours,90-100%
S2209,19,Female,9,5.8,54,High School,Yes,No,57,59,56,56,57.33,Average,Pass,57.33,4-6 Hours,Below 60%
S2210,14,Female,11,5.3,72,High School,No,No,53,86,38,43,59.0,Average,Pass,59.0,4-6 Hours,60-75%
S2211,16,Male,10,4.4,66,Graduate,Yes,No,98,91,45,74,78.0,Good,Pass,78.0,4-6 Hours,60-75%
S2212,19,Male,11,1.8,87,Graduate,No,Yes,98,98,96,54,97.33,Excellent,Pass,97.33,0-2 Hours,75-90%
S2213,15,Female,12,4.4,86,Graduate,No,No,49,78,45,61,57.33,Average,Pass,57.33,4-6 Hours,75-90%
S2214,16,Female,12,0.8,52,High School,No,Yes,55,63,58,41,58.67,Average,Pass,58.67,0-2 Hours,Below 60%
S2215,19,Male,11,3.6,55,Postgraduate,Yes,No,75,44,82,78,67.0,Good,Pass,67.0,2-4 Hours,Below 60%
S2216,18,Male,9,5.0,71,Postgraduate,No,Yes,94,63,81,90,79.33,Good,Pass,79.33,4-6 Hours,60-75%
S2217,19,Male,10,5.5,79,High School,No,Yes,83,87,71,91,80.33,Good,Pass,80.33,4-6 Hours,75-90%
S2218,19,Male,11,5.4,75,High School,No,No,79,78,95,55,84.0,Excellent,Pass,84.0,4-6 Hours,60-75%
S2219,15,Female,11,4.8,86,Graduate,Yes,No,42,54,95,69,63.67,Average,Pass,63.67,4-6 Hours,75-90%
S2220,14,Male,11,2.1,62,Postgraduate,Yes,No,86,96,43,46,75.0,Good,Pass,75.0,2-4 Hours,60-75%
S2221,18,Male,11,4.3,77,Postgraduate,No,Yes,36,39,56,86,43.67,Poor,Fail,43.67,4-6 Hours,75-90%
S2222,16,Male,11,4.7,96,High School,Yes,Yes,84,94,78,60,85.33,Excellent,Pass,85.33,4-6 Hours,90-100%
S2223,15,Male,12,1.4,79,High School,Yes,No,40,69,61,53,56.67,Average,Pass,56.67,0-2 Hours,75-90%
S2224,15,Female,9,1.6,73,Postgraduate,No,No,89,47,72,83,69.33,Good,Pass,69.33,0-2 Hours,60-75%
S2225,16,Male,10,4.4,91,High School,No,Yes,99,64,66,88,76.33,Good,Pass,76.33,4-6 Hours,90-100%
S2226,19,Female,9,3.6,69,Postgraduate,No,No,85,56,40,60,60.33,Average,Pass,60.33,2-4 Hours,60-75%
S2227,15,Male,12,2.0,65,Postgraduate,Yes,Yes,95,92,82,41,89.67,Excellent,Pass,89.67,0-2 Hours,60-75%
S2228,19,Female,10,1.0,82,Postgraduate,Yes,No,100,51,51,42,67.33,Good,Pass,67.33,0-2 Hours,75-90%
S2229,16,Female,12,5.9,67,High School,No,No,60,44,84,80,62.67,Average,Pass,62.67,4-6 Hours,60-75%
S2230,19,Male,10,1.0,74,Postgraduate,Yes,Yes,92,78,59,55,76.33,Good,Pass,76.33,0-2 Hours,60-75%
S2231,15,Male,9,1.7,66,Graduate,No,Yes,43,100,62,69,68.33,Good,Pass,68.33,0-2 Hours,60-75%
S2232,16,Female,9,1.9,65,Graduate,Yes,No,52,64,92,89,69.33,Good,Pass,69.33,0-2 Hours,60-75%
S2233,14,Female,11,1.6,84,Postgraduate,No,Yes,75,71,81,72,75.67,Good,Pass,75.67,0-2 Hours,75-90%
S2234,19,Male,11,4.3,97,Postgraduate,Yes,Yes,37,35,64,78,45.33,Poor,Fail,45.33,4-6 Hours,90-100%
S2235,17,Female,9,5.8,84,High School,Yes,No,38,89,88,57,71.67,Good,Pass,71.67,4-6 Hours,75-90%
S2236,16,Male,12,6.0,64,Postgraduate,Yes,Yes,75,45,65,52,61.67,Average,Pass,61.67,4-6 Hours,60-75%
S2237,19,Male,11,2.3,81,Graduate,Yes,Yes,89,61,38,72,62.67,Average,Pass,62.67,2-4 Hours,75-90%
S2238,14,Male,10,4.5,71,Graduate,Yes,Yes,91,44,54,80,63.0,Average,Pass,63.0,4-6 Hours,60-75%
S2239,17,Female,9,3.4,55,Postgraduate,Yes,No,62,97,41,49,66.67,Good,Pass,66.67,2-4 Hours,Below 60%
S2240,18,Male,12,5.1,72,Graduate,Yes,Yes,35,87,47,60,56.33,Average,Pass,56.33,4-6 Hours,60-75%
S2241,19,Female,10,5.4,93,High School,No,Yes,74,44,51,80,56.33,Average,Pass,56.33,4-6 Hours,90-100%
S2242,17,Female,10,5.5,68,Graduate,No,No,66,67,97,90,76.67,Good,Pass,76.67,4-6 Hours,60-75%
S2243,14,Male,10,2.3,61,Postgraduate,No,Yes,90,40,78,95,69.33,Good,Pass,69.33,2-4 Hours,60-75%
S2244,16,Female,11,4.2,87,High School,No,Yes,71,65,49,58,61.67,Average,Pass,61.67,4-6 Hours,75-90%
S2245,16,Female,10,3.2,93,Graduate,No,No,80,49,95,75,74.67,Good,Pass,74.67,2-4 Hours,90-100%
S2246,19,Male,11,5.8,56,Graduate,Yes,No,100,66,50,68,72.0,Good,Pass,72.0,4-6 Hours,Below 60%
S2247,19,Female,10,3.5,97,High School,Yes,Yes,81,63,41,56,61.67,Average,Pass,61.67,2-4 Hours,90-100%
S2248,14,Male,10,5.4,54,High School,Yes,No,89,100,42,72,77.0,Good,Pass,77.0,4-6 Hours,Below 60%
S2249,18,Female,12,5.5,60,Postgraduate,No,Yes,41,98,38,49,59.0,Average,Pass,59.0,4-6 Hours,Below 60%
S2250,17,Male,10,5.1,96,High School,Yes,Yes,51,75,47,89,57.67,Average,Pass,57.67,4-6 Hours,90-100%
S2251,14,Male,9,1.4,77,Postgraduate,No,Yes,93,50,82,51,75.0,Good,Pass,75.0,0-2 Hours,75-90%
S2252,17,Male,9,2.9,95,High School,No,No,40,77,99,58,72.0,Good,Pass,72.0,2-4 Hours,90-100%
S2253,18,Male,12,1.8,93,High School,No,Yes,67,98,87,46,84.0,Excellent,Pass,84.0,0-2 Hours,90-100%
S2254,15,Male,12,2.0,100,High School,No,No,63,98,97,94,86.0,Excellent,Pass,86.0,0-2 Hours,90-100%
S2255,15,Male,10,3.6,87,Postgraduate,Yes,No,96,49,98,61,81.0,Excellent,Pass,81.0,2-4 Hours,75-90%
S2256,18,Female,12,3.4,92,High School,No,No,56,88,53,45,65.67,Average,Pass,65.67,2-4 Hours,90-100%
S2257,16,Male,9,2.0,85,High School,No,Yes,47,97,74,72,72.67,Good,Pass,72.67,0-2 Hours,75-90%
S2258,15,Male,9,5.1,92,Postgraduate,Yes,Yes,79,36,97,41,70.67,Good,Pass,70.67,4-6 Hours,90-100%
S2259,17,Female,11,5.9,52,Graduate,Yes,Yes,73,52,93,44,72.67,Good,Pass,72.67,4-6 Hours,Below 60%
S2260,16,Female,9,4.8,92,Postgraduate,No,Yes,84,37,92,83,71.0,Good,Pass,71.0,4-6 Hours,90-100%
S2261,15,Female,11,4.4,85,Postgraduate,Yes,No,57,36,91,84,61.33,Average,Pass,61.33,4-6 Hours,75-90%
S2262,15,Female,11,3.5,84,High School,Yes,No,41,100,76,54,72.33,Good,Pass,72.33,2-4 Hours,75-90%
S2263,17,Male,10,2.8,83,High School,No,No,92,86,89,55,89.0,Excellent,Pass,89.0,2-4 Hours,75-90%
S2264,17,Female,9,5.5,56,High School,No,Yes,57,66,65,61,62.67,Average,Pass,62.67,4-6 Hours,Below 60%
S2265,17,Female,9,3.9,99,High School,No,Yes,53,73,76,83,67.33,Good,Pass,67.33,2-4 Hours,90-100%
S2266,17,Male,9,5.1,62,High School,No,No,61,77,85,67,74.33,Good,Pass,74.33,4-6 Hours,60-75%
S2267,17,Female,10,2.5,84,Graduate,Yes,Yes,80,53,67,61,66.67,Good,Pass,66.67,2-4 Hours,75-90%
S2268,18,Female,9,4.9,50,Graduate,Yes,Yes,64,44,77,53,61.67,Average,Pass,61.67,4-6 Hours,Below 60%
S2269,19,Female,9,2.7,60,Graduate,Yes,Yes,53,67,37,74,52.33,Average,Pass,52.33,2-4 Hours,Below 60%
S2270,17,Female,11,2.2,95,High School,No,No,37,37,68,75,47.33,Poor,Fail,47.33,2-4 Hours,90-100%
S2271,14,Female,11,4.1,55,High School,No,Yes,84,64,59,89,69.0,Good,Pass,69.0,4-6 Hours,Below 60%
S2272,18,Female,12,5.6,69,Graduate,Yes,No,75,84,97,94,85.33,Excellent,Pass,85.33,4-6 Hours,60-75%
S2273,18,Female,10,1.1,66,High School,No,No,47,43,88,94,59.33,Average,Pass,59.33,0-2 Hours,60-75%
S2274,15,Male,11,4.2,76,Graduate,Yes,Yes,93,70,77,50,80.0,Good,Pass,80.0,4-6 Hours,75-90%
S2275,19,Male,10,1.9,98,Graduate,Yes,No,97,86,67,59,83.33,Excellent,Pass,83.33,0-2 Hours,90-100%
S2276,14,Male,12,1.4,59,High School,No,Yes,63,85,51,84,66.33,Good,Pass,66.33,0-2 Hours,Below 60%
S2277,15,Male,12,3.2,67,Graduate,No,No,55,88,85,49,76.0,Good,Pass,76.0,2-4 Hours,60-75%
S2278,15,Male,9,1.8,55,Graduate,No,No,78,79,54,46,70.33,Good,Pass,70.33,0-2 Hours,Below 60%
S2279,16,Female,9,1.0,77,High School,No,Yes,75,79,63,64,72.33,Good,Pass,72.33,0-2 Hours,75-90%
S2280,19,Male,10,1.6,69,Graduate,Yes,No,64,98,37,45,66.33,Good,Pass,66.33,0-2 Hours,60-75%
S2281,19,Female,9,1.1,57,Postgraduate,Yes,No,37,82,98,84,72.33,Good,Pass,72.33,0-2 Hours,Below 60%
S2282,19,Male,9,1.7,94,High School,Yes,No,99,84,73,61,85.33,Excellent,Pass,85.33,0-2 Hours,90-100%
S2283,18,Female,11,2.1,83,Postgraduate,Yes,Yes,82,44,45,93,57.0,Average,Pass,57.0,2-4 Hours,75-90%
S2284,14,Female,12,5.7,93,High School,Yes,Yes,66,69,37,49,57.33,Average,Pass,57.33,4-6 Hours,90-100%
S2285,15,Female,12,3.2,89,Graduate,No,Yes,40,100,60,51,66.67,Good,Pass,66.67,2-4 Hours,75-90%
S2286,19,Male,9,2.9,91,Postgraduate,No,Yes,69,36,70,66,58.33,Average,Pass,58.33,2-4 Hours,90-100%
S2287,15,Male,10,3.8,98,High School,Yes,Yes,85,60,68,72,71.0,Good,Pass,71.0,2-4 Hours,90-100%
S2288,15,Male,11,4.1,70,Graduate,Yes,Yes,85,65,97,54,82.33,Excellent,Pass,82.33,4-6 Hours,60-75%
S2289,19,Female,12,5.3,68,High School,No,No,37,96,71,68,68.0,Good,Pass,68.0,4-6 Hours,60-75%
S2290,18,Male,10,2.6,69,Postgraduate,Yes,No,48,79,38,91,55.0,Average,Pass,55.0,2-4 Hours,60-75%
S2291,17,Female,12,1.9,58,Graduate,Yes,No,87,74,89,62,83.33,Excellent,Pass,83.33,0-2 Hours,Below 60%
S2292,19,Male,11,1.6,95,Postgraduate,Yes,Yes,41,44,80,86,55.0,Average,Pass,55.0,0-2 Hours,90-100%
S2293,16,Male,9,4.0,61,Graduate,No,Yes,53,59,56,43,56.0,Average,Pass,56.0,2-4 Hours,60-75%
S2294,19,Male,12,0.6,92,Postgraduate,No,Yes,49,46,88,92,61.0,Average,Pass,61.0,0-2 Hours,90-100%
S2295,15,Female,10,1.4,86,High School,Yes,Yes,84,85,84,40,84.33,Excellent,Pass,84.33,0-2 Hours,75-90%
S2296,16,Female,10,4.5,53,Postgraduate,Yes,No,48,66,50,59,54.67,Average,Pass,54.67,4-6 Hours,Below 60%
S2297,19,Female,9,3.8,54,High School,Yes,Yes,75,73,45,42,64.33,Average,Pass,64.33,2-4 Hours,Below 60%
S2298,16,Female,11,1.3,81,High School,Yes,No,80,61,46,51,62.33,Average,Pass,62.33,0-2 Hours,75-90%
S2299,16,Male,10,5.1,69,Postgraduate,No,Yes,55,41,39,76,45.0,Poor,Fail,45.0,4-6 Hours,60-75%
S2300,16,Male,9,4.6,85,Graduate,Yes,No,99,67,73,61,79.67,Good,Pass,79.67,4-6 Hours,75-90%
S2301,14,Male,9,5.6,52,High School,No,No,79,95,86,52,86.67,Excellent,Pass,86.67,4-6 Hours,Below 60%
S2302,14,Male,12,3.8,57,Graduate,No,No,44,60,66,76,56.67,Average,Pass,56.67,2-4 Hours,Below 60%
S2303,16,Male,10,1.6,58,Graduate,Yes,No,43,39,92,81,58.0,Average,Pass,58.0,0-2 Hours,Below 60%
S2304,17,Male,9,3.4,94,Postgraduate,No,Yes,92,56,36,66,61.33,Average,Pass,61.33,2-4 Hours,90-100%
S2305,14,Female,12,3.5,75,High School,No,No,43,86,68,86,65.67,Average,Pass,65.67,2-4 Hours,60-75%
S2306,18,Female,9,4.3,52,Graduate,No,Yes,48,92,70,80,70.0,Good,Pass,70.0,4-6 Hours,Below 60%
S2307,16,Male,11,5.0,93,Graduate,No,No,74,68,82,66,74.67,Good,Pass,74.67,4-6 Hours,90-100%
S2308,19,Male,10,3.8,92,Graduate,No,Yes,99,83,41,70,74.33,Good,Pass,74.33,2-4 Hours,90-100%
S2309,16,Female,12,4.6,90,High School,Yes,Yes,86,43,58,45,62.33,Average,Pass,62.33,4-6 Hours,75-90%
S2310,16,Male,10,2.5,52,Postgraduate,No,No,58,41,59,79,52.67,Average,Pass,52.67,2-4 Hours,Below 60%
S2311,18,Male,11,2.8,77,Graduate,No,Yes,68,46,58,70,57.33,Average,Pass,57.33,2-4 Hours,75-90%
S2312,16,Male,11,4.6,67,High School,Yes,Yes,41,46,64,59,50.33,Average,Pass,50.33,4-6 Hours,60-75%
S2313,18,Female,12,4.4,60,High School,No,No,41,92,83,73,72.0,Good,Pass,72.0,4-6 Hours,Below 60%
S2314,17,Male,12,3.4,56,Graduate,Yes,Yes,54,77,91,89,74.0,Good,Pass,74.0,2-4 Hours,Below 60%
S2315,16,Male,10,1.6,53,Postgraduate,No,No,63,83,38,66,61.33,Average,Pass,61.33,0-2 Hours,Below 60%
S2316,14,Male,10,3.2,79,Postgraduate,No,No,36,45,89,56,56.67,Average,Pass,56.67,2-4 Hours,75-90%
S2317,19,Male,10,4.4,69,Postgraduate,Yes,No,68,45,76,83,63.0,Average,Pass,63.0,4-6 Hours,60-75%
S2318,17,Female,12,1.5,92,High School,Yes,Yes,44,67,73,82,61.33,Average,Pass,61.33,0-2 Hours,90-100%
S2319,19,Female,9,2.8,57,High School,No,Yes,100,62,68,81,76.67,Good,Pass,76.67,2-4 Hours,Below 60%
S2320,14,Female,12,1.8,51,Postgraduate,Yes,No,79,89,55,72,74.33,Good,Pass,74.33,0-2 Hours,Below 60%
S2321,15,Female,11,2.8,55,Graduate,No,Yes,56,79,73,84,69.33,Good,Pass,69.33,2-4 Hours,Below 60%
S2322,15,Female,12,0.7,64,Postgraduate,No,No,80,76,85,48,80.33,Good,Pass,80.33,0-2 Hours,60-75%
S2323,17,Female,10,3.4,60,Postgraduate,No,Yes,48,85,93,55,75.33,Good,Pass,75.33,2-4 Hours,Below 60%
S2324,14,Male,9,2.3,50,High School,No,Yes,72,44,95,64,70.33,Good,Pass,70.33,2-4 Hours,Below 60%
S2325,19,Male,10,4.2,83,Postgraduate,Yes,No,44,55,39,70,46.0,Poor,Fail,46.0,4-6 Hours,75-90%
S2326,14,Male,11,2.9,92,High School,No,No,46,72,83,94,67.0,Good,Pass,67.0,2-4 Hours,90-100%
S2327,19,Male,11,3.8,80,High School,Yes,No,70,98,60,60,76.0,Good,Pass,76.0,2-4 Hours,75-90%
S2328,19,Male,11,5.3,91,Graduate,No,No,79,63,43,93,61.67,Average,Pass,61.67,4-6 Hours,90-100%
S2329,17,Female,9,4.4,87,Postgraduate,Yes,Yes,92,96,80,93,89.33,Excellent,Pass,89.33,4-6 Hours,75-90%
S2330,17,Female,9,3.2,68,Postgraduate,Yes,No,91,53,76,79,73.33,Good,Pass,73.33,2-4 Hours,60-75%
S2331,15,Female,9,5.4,82,Postgraduate,No,Yes,36,41,82,59,53.0,Average,Pass,53.0,4-6 Hours,75-90%
S2332,17,Female,11,5.4,94,Graduate,No,Yes,50,85,36,60,57.0,Average,Pass,57.0,4-6 Hours,90-100%
S2333,16,Male,9,3.6,83,Postgraduate,No,Yes,78,90,99,58,89.0,Excellent,Pass,89.0,2-4 Hours,75-90%
S2334,18,Male,11,5.6,71,High School,No,No,77,59,46,50,60.67,Average,Pass,60.67,4-6 Hours,60-75%
S2335,19,Male,10,5.8,65,Graduate,Yes,No,58,64,90,76,70.67,Good,Pass,70.67,4-6 Hours,60-75%
S2336,18,Female,10,1.6,92,Postgraduate,No,No,81,95,49,41,75.0,Good,Pass,75.0,0-2 Hours,90-100%
S2337,14,Male,10,5.0,60,Graduate,No,Yes,68,47,49,51,54.67,Average,Pass,54.67,4-6 Hours,Below 60%
S2338,18,Female,11,1.4,61,Postgraduate,Yes,Yes,47,98,69,76,71.33,Good,Pass,71.33,0-2 Hours,60-75%
S2339,15,Male,11,3.5,74,Postgraduate,Yes,Yes,60,81,75,43,72.0,Good,Pass,72.0,2-4 Hours,60-75%
S2340,18,Male,12,0.8,57,High School,No,No,88,37,87,73,70.67,Good,Pass,70.67,0-2 Hours,Below 60%
S2341,16,Male,11,3.2,73,Postgraduate,Yes,No,79,82,69,69,76.67,Good,Pass,76.67,2-4 Hours,60-75%
S2342,17,Female,10,1.2,68,Postgraduate,No,No,87,38,45,48,56.67,Average,Pass,56.67,0-2 Hours,60-75%
S2343,18,Male,11,4.0,86,Graduate,Yes,Yes,49,50,92,86,63.67,Average,Pass,63.67,2-4 Hours,75-90%
S2344,14,Female,11,5.3,71,Postgraduate,Yes,No,94,66,43,47,67.67,Good,Pass,67.67,4-6 Hours,60-75%
S2345,18,Female,9,1.2,100,Postgraduate,No,No,94,55,42,61,63.67,Average,Pass,63.67,0-2 Hours,90-100%
S2346,17,Male,11,0.9,56,High School,Yes,No,76,39,58,87,57.67,Average,Pass,57.67,0-2 Hours,Below 60%
S2347,16,Female,12,4.4,94,High School,No,Yes,71,59,67,77,65.67,Average,Pass,65.67,4-6 Hours,90-100%
S2348,19,Female,10,3.7,77,Graduate,No,Yes,68,37,43,45,49.33,Poor,Fail,49.33,2-4 Hours,75-90%
S2349,14,Female,9,5.7,72,High School,No,No,43,45,49,47,45.67,Poor,Fail,45.67,4-6 Hours,60-75%
S2350,15,Male,11,3.4,60,Postgraduate,Yes,No,47,86,65,52,66.0,Good,Pass,66.0,2-4 Hours,Below 60%
S2351,19,Female,11,5.8,62,Postgraduate,Yes,Yes,51,73,98,45,74.0,Good,Pass,74.0,4-6 Hours,60-75%
S2352,15,Female,10,3.1,62,High School,Yes,No,73,86,97,56,85.33,Excellent,Pass,85.33,2-4 Hours,60-75%
S2353,15,Female,11,2.8,63,High School,No,Yes,88,77,81,55,82.0,Excellent,Pass,82.0,2-4 Hours,60-75%
S2354,16,Male,12,3.4,65,Postgraduate,No,Yes,91,93,46,90,76.67,Good,Pass,76.67,2-4 Hours,60-75%
S2355,15,Female,10,3.4,93,High School,No,No,73,89,90,89,84.0,Excellent,Pass,84.0,2-4 Hours,90-100%
S2356,16,Female,11,5.5,86,Postgraduate,Yes,No,88,95,64,71,82.33,Excellent,Pass,82.33,4-6 Hours,75-90%
S2357,14,Female,10,4.9,93,Graduate,No,Yes,99,53,100,46,84.0,Excellent,Pass,84.0,4-6 Hours,90-100%
S2358,16,Female,9,3.5,98,High School,Yes,Yes,55,41,35,54,43.67,Poor,Fail,43.67,2-4 Hours,90-100%
S2359,17,Male,10,4.4,97,Postgraduate,Yes,No,50,90,42,52,60.67,Average,Pass,60.67,4-6 Hours,90-100%
S2360,18,Female,12,4.3,52,Graduate,No,No,54,47,97,62,66.0,Good,Pass,66.0,4-6 Hours,Below 60%
S2361,14,Female,10,5.2,94,High School,No,No,61,94,36,60,63.67,Average,Pass,63.67,4-6 Hours,90-100%
S2362,15,Male,10,1.3,78,High School,Yes,No,60,75,53,86,62.67,Average,Pass,62.67,0-2 Hours,75-90%
S2363,17,Female,12,4.3,70,High School,Yes,Yes,52,72,66,75,63.33,Average,Pass,63.33,4-6 Hours,60-75%
S2364,16,Female,12,5.9,71,Postgraduate,No,No,52,99,55,77,68.67,Good,Pass,68.67,4-6 Hours,60-75%
S2365,16,Female,11,2.9,57,Postgraduate,Yes,Yes,65,96,76,40,79.0,Good,Pass,79.0,2-4 Hours,Below 60%
S2366,18,Female,12,5.0,94,Postgraduate,Yes,Yes,78,38,76,47,64.0,Average,Pass,64.0,4-6 Hours,90-100%
S2367,15,Female,9,3.4,97,High School,No,Yes,52,86,78,42,72.0,Good,Pass,72.0,2-4 Hours,90-100%
S2368,16,Male,10,5.6,74,Graduate,No,Yes,42,86,38,64,55.33,Average,Pass,55.33,4-6 Hours,60-75%
S2369,18,Male,9,2.0,94,Postgraduate,Yes,Yes,87,35,87,44,69.67,Good,Pass,69.67,0-2 Hours,90-100%
S2370,14,Male,9,3.8,67,High School,Yes,No,76,80,44,75,66.67,Good,Pass,66.67,2-4 Hours,60-75%
S2371,18,Male,10,1.9,64,Postgraduate,No,No,96,75,81,45,84.0,Excellent,Pass,84.0,0-2 Hours,60-75%
S2372,15,Female,9,5.3,91,Graduate,No,No,62,66,43,72,57.0,Average,Pass,57.0,4-6 Hours,90-100%
S2373,15,Female,9,4.8,88,High School,No,No,92,62,71,68,75.0,Good,Pass,75.0,4-6 Hours,75-90%
S2374,14,Male,10,3.5,61,High School,No,No,58,60,75,58,64.33,Average,Pass,64.33,2-4 Hours,60-75%
S2375,15,Female,9,0.8,91,High School,No,Yes,80,54,59,70,64.33,Average,Pass,64.33,0-2 Hours,90-100%
S2376,18,Female,11,2.5,63,Graduate,Yes,Yes,48,66,99,85,71.0,Good,Pass,71.0,2-4 Hours,60-75%
S2377,14,Male,12,0.9,88,Graduate,No,No,73,45,64,62,60.67,Average,Pass,60.67,0-2 Hours,75-90%
S2378,18,Male,9,4.6,62,Graduate,No,Yes,73,97,70,91,80.0,Good,Pass,80.0,4-6 Hours,60-75%
S2379,14,Male,9,2.2,76,High School,Yes,No,93,80,96,81,89.67,Excellent,Pass,89.67,2-4 Hours,75-90%
S2380,14,Female,11,4.0,51,High School,No,No,89,75,51,41,71.67,Good,Pass,71.67,2-4 Hours,Below 60%
S2381,19,Male,10,3.3,69,Postgraduate,No,No,72,67,64,75,67.67,Good,Pass,67.67,2-4 Hours,60-75%
S2382,16,Female,9,5.8,62,Graduate,No,Yes,90,53,44,84,62.33,Average,Pass,62.33,4-6 Hours,60-75%
S2383,15,Male,9,2.3,82,Graduate,No,Yes,39,62,83,74,61.33,Average,Pass,61.33,2-4 Hours,75-90%
S2384,14,Female,12,5.4,59,Graduate,Yes,No,42,98,70,48,70.0,Good,Pass,70.0,4-6 Hours,Below 60%
S2385,19,Male,12,1.3,91,High School,No,No,98,63,67,79,76.0,Good,Pass,76.0,0-2 Hours,90-100%
S2386,14,Male,12,4.3,66,Postgraduate,Yes,Yes,84,42,60,62,62.0,Average,Pass,62.0,4-6 Hours,60-75%
S2387,18,Male,10,5.6,81,High School,Yes,Yes,98,96,40,94,78.0,Good,Pass,78.0,4-6 Hours,75-90%
S2388,16,Male,10,4.6,90,High School,Yes,Yes,46,100,80,92,75.33,Good,Pass,75.33,4-6 Hours,75-90%
S2389,19,Male,10,1.6,52,Postgraduate,Yes,No,68,57,58,77,61.0,Average,Pass,61.0,0-2 Hours,Below 60%
S2390,15,Female,11,3.0,67,Graduate,No,No,72,98,93,80,87.67,Excellent,Pass,87.67,2-4 Hours,60-75%
S2391,15,Female,9,3.3,66,High School,No,Yes,97,38,74,41,69.67,Good,Pass,69.67,2-4 Hours,60-75%
S2392,16,Female,11,5.8,81,High School,Yes,No,61,77,67,85,68.33,Good,Pass,68.33,4-6 Hours,75-90%
S2393,15,Male,12,4.6,56,High School,No,Yes,98,87,91,49,92.0,Excellent,Pass,92.0,4-6 Hours,Below 60%
S2394,14,Female,9,2.2,89,High School,Yes,Yes,43,82,64,77,63.0,Average,Pass,63.0,2-4 Hours,75-90%
S2395,19,Male,9,4.4,57,High School,Yes,No,81,99,93,75,91.0,Excellent,Pass,91.0,4-6 Hours,Below 60%
S2396,19,Female,9,3.5,95,High School,No,No,74,66,52,65,64.0,Average,Pass,64.0,2-4 Hours,90-100%
S2397,16,Male,10,5.0,69,High School,Yes,No,86,70,78,67,78.0,Good,Pass,78.0,4-6 Hours,60-75%
S2398,17,Male,11,3.9,53,Graduate,Yes,Yes,50,39,80,75,56.33,Average,Pass,56.33,2-4 Hours,Below 60%
S2399,14,Female,12,3.9,57,Graduate,No,Yes,93,96,57,47,82.0,Excellent,Pass,82.0,2-4 Hours,Below 60%
S2400,17,Female,10,0.5,73,High School,No,No,64,97,80,94,80.33,Good,Pass,80.33,0-2 Hours,60-75%
S2401,19,Male,11,5.2,50,Graduate,Yes,No,81,40,48,74,56.33,Average,Pass,56.33,4-6 Hours,Below 60%
S2402,19,Male,9,4.9,93,Graduate,No,No,83,97,72,86,84.0,Excellent,Pass,84.0,4-6 Hours,90-100%
S2403,18,Male,10,3.8,91,Graduate,Yes,No,45,80,45,42,56.67,Average,Pass,56.67,2-4 Hours,90-100%
S2404,18,Male,10,2.2,74,Graduate,Yes,Yes,49,59,88,94,65.33,Average,Pass,65.33,2-4 Hours,60-75%
S2405,17,Female,12,3.8,73,High School,No,Yes,86,91,57,45,78.0,Good,Pass,78.0,2-4 Hours,60-75%
S2406,17,Female,12,1.4,89,Graduate,No,No,81,85,80,83,82.0,Excellent,Pass,82.0,0-2 Hours,75-90%
S2407,15,Male,12,1.3,87,Graduate,No,Yes,79,79,94,69,84.0,Excellent,Pass,84.0,0-2 Hours,75-90%
S2408,15,Male,9,2.9,96,High School,No,Yes,68,90,92,86,83.33,Excellent,Pass,83.33,2-4 Hours,90-100%
S2409,15,Male,10,1.7,61,Postgraduate,Yes,Yes,53,80,42,42,58.33,Average,Pass,58.33,0-2 Hours,60-75%
S2410,14,Female,11,1.7,51,High School,No,No,79,76,88,57,81.0,Excellent,Pass,81.0,0-2 Hours,Below 60%
S2411,15,Male,9,4.9,100,Graduate,Yes,Yes,60,100,66,67,75.33,Good,Pass,75.33,4-6 Hours,90-100%
S2412,16,Female,10,5.8,55,Graduate,No,No,65,76,69,53,70.0,Good,Pass,70.0,4-6 Hours,Below 60%
S2413,15,Male,9,1.1,59,Postgraduate,Yes,No,99,94,56,88,83.0,Excellent,Pass,83.0,0-2 Hours,Below 60%
S2414,14,Female,10,3.5,80,Postgraduate,No,Yes,73,35,82,42,63.33,Average,Pass,63.33,2-4 Hours,75-90%
S2415,19,Male,9,2.7,59,Graduate,No,No,88,82,63,44,77.67,Good,Pass,77.67,2-4 Hours,Below 60%
S2416,17,Male,11,1.1,75,High School,Yes,No,81,72,48,91,67.0,Good,Pass,67.0,0-2 Hours,60-75%
S2417,17,Male,9,1.0,71,High School,No,No,100,48,62,62,70.0,Good,Pass,70.0,0-2 Hours,60-75%
S2418,14,Female,12,4.4,96,High School,Yes,Yes,97,68,36,51,67.0,Good,Pass,67.0,4-6 Hours,90-100%
S2419,19,Male,9,0.9,100,Postgraduate,No,No,37,81,92,81,70.0,Good,Pass,70.0,0-2 Hours,90-100%
S2420,14,Female,12,1.2,50,Graduate,Yes,Yes,60,71,92,74,74.33,Good,Pass,74.33,0-2 Hours,Below 60%
S2421,17,Male,9,1.7,50,High School,No,No,69,63,45,62,59.0,Average,Pass,59.0,0-2 Hours,Below 60%
S2422,17,Male,10,1.1,99,Graduate,No,Yes,58,92,60,50,70.0,Good,Pass,70.0,0-2 Hours,90-100%
S2423,15,Female,9,5.3,87,High School,No,Yes,95,37,45,76,59.0,Average,Pass,59.0,4-6 Hours,75-90%
S2424,17,Female,11,2.0,59,High School,No,No,74,72,65,66,70.33,Good,Pass,70.33,0-2 Hours,Below 60%
S2425,16,Male,11,2.4,67,High School,Yes,Yes,98,39,73,55,70.0,Good,Pass,70.0,2-4 Hours,60-75%
S2426,17,Female,11,3.5,74,Postgraduate,No,No,88,76,62,66,75.33,Good,Pass,75.33,2-4 Hours,60-75%
S2427,16,Male,11,4.6,77,High School,No,No,63,41,56,79,53.33,Average,Pass,53.33,4-6 Hours,75-90%
S2428,18,Female,11,2.8,77,Postgraduate,No,Yes,87,66,39,75,64.0,Average,Pass,64.0,2-4 Hours,75-90%
S2429,14,Male,11,3.9,59,Graduate,Yes,Yes,70,50,57,79,59.0,Average,Pass,59.0,2-4 Hours,Below 60%
S2430,19,Female,11,0.9,60,Graduate,No,Yes,86,64,82,74,77.33,Good,Pass,77.33,0-2 Hours,Below 60%
S2431,18,Female,11,1.8,88,Postgraduate,No,Yes,95,68,93,43,85.33,Excellent,Pass,85.33,0-2 Hours,75-90%
S2432,14,Male,10,4.7,94,Postgraduate,Yes,No,91,88,66,75,81.67,Excellent,Pass,81.67,4-6 Hours,90-100%
S2433,17,Female,11,1.8,57,Postgraduate,Yes,No,49,74,89,46,70.67,Good,Pass,70.67,0-2 Hours,Below 60%
S2434,18,Male,12,5.7,89,High School,Yes,No,73,51,35,94,53.0,Average,Pass,53.0,4-6 Hours,75-90%
S2435,15,Male,10,3.9,89,Postgraduate,No,No,92,74,77,47,81.0,Excellent,Pass,81.0,2-4 Hours,75-90%
S2436,15,Male,9,2.4,99,Graduate,Yes,No,38,69,80,94,62.33,Average,Pass,62.33,2-4 Hours,90-100%
S2437,18,Female,11,4.7,100,High School,No,No,80,90,74,61,81.33,Excellent,Pass,81.33,4-6 Hours,90-100%
S2438,14,Female,11,3.7,97,High School,Yes,Yes,81,82,52,71,71.67,Good,Pass,71.67,2-4 Hours,90-100%
S2439,14,Male,11,4.3,50,Graduate,Yes,Yes,44,50,50,53,48.0,Poor,Fail,48.0,4-6 Hours,Below 60%
S2440,18,Male,9,3.8,99,Postgraduate,Yes,Yes,96,88,90,74,91.33,Excellent,Pass,91.33,2-4 Hours,90-100%
S2441,19,Female,12,5.8,97,Graduate,Yes,No,55,51,55,90,53.67,Average,Pass,53.67,4-6 Hours,90-100%
S2442,19,Female,10,5.4,83,Graduate,Yes,No,99,46,95,47,80.0,Good,Pass,80.0,4-6 Hours,75-90%
S2443,16,Female,11,3.2,95,Postgraduate,No,Yes,95,50,43,46,62.67,Average,Pass,62.67,2-4 Hours,90-100%
S2444,18,Male,11,4.4,79,Graduate,Yes,Yes,79,39,96,73,71.33,Good,Pass,71.33,4-6 Hours,75-90%
S2445,16,Male,12,3.8,64,High School,No,No,38,93,55,55,62.0,Average,Pass,62.0,2-4 Hours,60-75%
S2446,14,Male,10,0.6,85,Postgraduate,No,Yes,39,63,40,63,47.33,Poor,Fail,47.33,0-2 Hours,75-90%
S2447,19,Female,11,4.1,76,Graduate,Yes,No,72,66,98,53,78.67,Good,Pass,78.67,4-6 Hours,75-90%
S2448,18,Male,9,1.3,96,Graduate,No,No,49,47,84,75,60.0,Average,Pass,60.0,0-2 Hours,90-100%
S2449,15,Male,9,0.9,91,High School,Yes,Yes,59,93,48,51,66.67,Good,Pass,66.67,0-2 Hours,90-100%
S2450,16,Male,11,0.5,62,High School,Yes,Yes,79,43,62,76,61.33,Average,Pass,61.33,0-2 Hours,60-75%
S2451,15,Male,10,1.0,88,High School,No,No,44,63,92,45,66.33,Good,Pass,66.33,0-2 Hours,75-90%
S2452,18,Male,9,3.8,64,High School,No,Yes,72,53,47,57,57.33,Average,Pass,57.33,2-4 Hours,60-75%
S2453,16,Female,10,3.7,82,Graduate,Yes,Yes,82,73,70,94,75.0,Good,Pass,75.0,2-4 Hours,75-90%
S2454,19,Male,9,5.8,94,High School,No,No,79,73,39,83,63.67,Average,Pass,63.67,4-6 Hours,90-100%
S2455,18,Male,9,3.1,65,High School,Yes,No,47,94,82,64,74.33,Good,Pass,74.33,2-4 Hours,60-75%
S2456,16,Male,12,5.9,63,High School,Yes,No,59,55,88,77,67.33,Good,Pass,67.33,4-6 Hours,60-75%
S2457,17,Male,11,3.6,50,High School,No,No,93,81,65,49,79.67,Good,Pass,79.67,2-4 Hours,Below 60%
S2458,15,Female,11,2.4,95,Graduate,Yes,No,95,62,46,51,67.67,Good,Pass,67.67,2-4 Hours,90-100%
S2459,16,Male,11,1.0,99,Graduate,No,Yes,97,68,90,84,85.0,Excellent,Pass,85.0,0-2 Hours,90-100%
S2460,19,Male,11,5.2,93,Graduate,Yes,No,54,84,93,40,77.0,Good,Pass,77.0,4-6 Hours,90-100%
S2461,16,Female,9,4.2,74,High School,No,No,66,56,87,89,69.67,Good,Pass,69.67,4-6 Hours,60-75%
S2462,14,Female,11,4.0,64,High School,Yes,Yes,98,53,99,40,83.33,Excellent,Pass,83.33,2-4 Hours,60-75%
S2463,16,Female,10,4.2,71,Graduate,Yes,Yes,95,80,95,82,90.0,Excellent,Pass,90.0,4-6 Hours,60-75%
S2464,18,Female,9,0.8,56,Graduate,Yes,Yes,43,46,81,46,56.67,Average,Pass,56.67,0-2 Hours,Below 60%
S2465,17,Female,12,4.7,65,Graduate,Yes,Yes,95,69,59,66,74.33,Good,Pass,74.33,4-6 Hours,60-75%
S2466,14,Male,10,5.0,63,Postgraduate,Yes,No,84,76,59,91,73.0,Good,Pass,73.0,4-6 Hours,60-75%
S2467,17,Female,9,5.3,63,Postgraduate,No,No,89,50,52,42,63.67,Average,Pass,63.67,4-6 Hours,60-75%
S2468,18,Male,12,5.6,94,Graduate,No,No,79,40,69,80,62.67,Average,Pass,62.67,4-6 Hours,90-100%
S2469,17,Male,11,2.5,98,Postgraduate,No,No,59,92,95,44,82.0,Excellent,Pass,82.0,2-4 Hours,90-100%
S2470,18,Female,9,5.1,66,Postgraduate,No,Yes,89,78,60,51,75.67,Good,Pass,75.67,4-6 Hours,60-75%
S2471,14,Male,10,2.3,93,High School,No,No,43,74,51,59,56.0,Average,Pass,56.0,2-4 Hours,90-100%
S2472,15,Female,12,2.9,56,High School,Yes,No,68,53,44,70,55.0,Average,Pass,55.0,2-4 Hours,Below 60%
S2473,16,Male,11,1.9,50,High School,No,Yes,84,47,50,71,60.33,Average,Pass,60.33,0-2 Hours,Below 60%
S2474,14,Female,12,4.2,84,High School,No,No,65,72,42,48,59.67,Average,Pass,59.67,4-6 Hours,75-90%
S2475,19,Female,11,4.2,67,Postgraduate,No,Yes,58,36,96,46,63.33,Average,Pass,63.33,4-6 Hours,60-75%
S2476,18,Male,10,3.6,72,Postgraduate,No,Yes,83,64,51,72,66.0,Good,Pass,66.0,2-4 Hours,60-75%
S2477,15,Male,12,0.5,50,Postgraduate,Yes,Yes,75,52,35,40,54.0,Average,Pass,54.0,0-2 Hours,Below 60%
S2478,17,Male,9,2.6,100,High School,Yes,Yes,83,56,89,61,76.0,Good,Pass,76.0,2-4 Hours,90-100%
S2479,14,Female,12,1.8,66,Graduate,Yes,Yes,66,67,98,62,77.0,Good,Pass,77.0,0-2 Hours,60-75%
S2480,17,Female,10,5.4,86,Graduate,Yes,No,44,78,39,57,53.67,Average,Pass,53.67,4-6 Hours,75-90%
S2481,17,Female,11,3.0,66,Postgraduate,No,Yes,82,89,76,81,82.33,Excellent,Pass,82.33,2-4 Hours,60-75%
S2482,19,Female,10,0.5,77,High School,Yes,Yes,92,79,44,51,71.67,Good,Pass,71.67,0-2 Hours,75-90%
S2483,19,Female,11,2.0,59,Graduate,Yes,No,37,54,62,61,51.0,Average,Pass,51.0,0-2 Hours,Below 60%
S2484,17,Male,12,2.0,92,Graduate,No,No,83,96,87,63,88.67,Excellent,Pass,88.67,0-2 Hours,90-100%
S2485,15,Male,9,1.7,68,Postgraduate,No,Yes,54,78,64,73,65.33,Average,Pass,65.33,0-2 Hours,60-75%
S2486,15,Male,12,3.1,87,High School,Yes,Yes,64,49,96,79,69.67,Good,Pass,69.67,2-4 Hours,75-90%
S2487,15,Male,10,2.3,55,Graduate,Yes,No,99,38,68,78,68.33,Good,Pass,68.33,2-4 Hours,Below 60%
S2488,15,Male,10,1.4,54,High School,Yes,No,60,37,94,77,63.67,Average,Pass,63.67,0-2 Hours,Below 60%
S2489,14,Female,9,0.9,65,High School,Yes,Yes,61,82,78,92,73.67,Good,Pass,73.67,0-2 Hours,60-75%
S2490,18,Female,9,4.6,96,Graduate,Yes,Yes,93,36,99,48,76.0,Good,Pass,76.0,4-6 Hours,90-100%
S2491,16,Female,11,4.0,61,Postgraduate,No,Yes,96,70,49,87,71.67,Good,Pass,71.67,2-4 Hours,60-75%
S2492,17,Male,9,6.0,90,Graduate,No,No,84,78,83,46,81.67,Excellent,Pass,81.67,4-6 Hours,75-90%
S2493,18,Male,12,4.8,56,Graduate,Yes,Yes,58,60,49,45,55.67,Average,Pass,55.67,4-6 Hours,Below 60%
S2494,19,Female,10,2.8,99,Graduate,Yes,Yes,64,87,99,58,83.33,Excellent,Pass,83.33,2-4 Hours,90-100%
S2495,16,Male,12,2.3,77,Graduate,Yes,Yes,95,98,40,63,77.67,Good,Pass,77.67,2-4 Hours,75-90%
S2496,19,Male,11,4.2,50,Graduate,Yes,Yes,59,97,90,51,82.0,Excellent,Pass,82.0,4-6 Hours,Below 60%
S2497,14,Female,9,4.1,66,Postgraduate,Yes,No,61,63,48,93,57.33,Average,Pass,57.33,4-6 Hours,60-75%
S2498,16,Male,11,5.8,53,Postgraduate,No,Yes,91,97,40,77,76.0,Good,Pass,76.0,4-6 Hours,Below 60%
S2499,18,Male,10,5.6,92,High School,No,Yes,87,72,95,77,84.67,Excellent,Pass,84.67,4-6 Hours,90-100%
S2500,18,Male,11,5.1,94,Graduate,Yes,Yes,46,78,75,82,66.33,Good,Pass,66.33,4-6 Hours,90-100%
S2501,14,Female,9,0.9,62,Graduate,Yes,Yes,44,83,39,62,55.33,Average,Pass,55.33,0-2 Hours,60-75%
S2502,17,Female,9,4.9,50,Postgraduate,No,Yes,40,51,40,48,43.67,Poor,Fail,43.67,4-6 Hours,Below 60%
S2503,14,Male,11,4.9,67,Postgraduate,Yes,No,83,99,70,76,84.0,Excellent,Pass,84.0,4-6 Hours,60-75%
S2504,16,Female,9,2.9,59,Graduate,No,No,84,68,71,47,74.33,Good,Pass,74.33,2-4 Hours,Below 60%
S2505,18,Male,11,0.6,76,High School,Yes,Yes,100,96,47,43,81.0,Excellent,Pass,81.0,0-2 Hours,75-90%
S2506,14,Male,11,1.6,52,Graduate,No,Yes,50,84,48,45,60.67,Average,Pass,60.67,0-2 Hours,Below 60%
S2507,15,Female,11,2.3,56,Postgraduate,No,No,87,50,49,62,62.0,Average,Pass,62.0,2-4 Hours,Below 60%
S2508,19,Male,10,1.8,85,Postgraduate,No,No,78,76,88,71,80.67,Good,Pass,80.67,0-2 Hours,75-90%
S2509,15,Female,9,3.1,58,High School,Yes,Yes,92,92,65,80,83.0,Excellent,Pass,83.0,2-4 Hours,Below 60%
S2510,16,Female,9,0.9,81,Postgraduate,No,Yes,38,96,58,42,64.0,Average,Pass,64.0,0-2 Hours,75-90%
S2511,19,Male,9,4.1,70,Graduate,No,No,53,70,49,71,57.33,Average,Pass,57.33,4-6 Hours,60-75%
S2512,17,Male,9,5.7,61,Graduate,No,Yes,64,72,43,64,59.67,Average,Pass,59.67,4-6 Hours,60-75%
S2513,14,Female,11,4.5,94,Graduate,No,Yes,61,48,47,50,52.0,Average,Pass,52.0,4-6 Hours,90-100%
S2514,15,Female,9,3.3,53,High School,No,No,40,44,69,78,51.0,Average,Pass,51.0,2-4 Hours,Below 60%
S2515,18,Male,10,6.0,92,Graduate,No,No,53,90,90,72,77.67,Good,Pass,77.67,4-6 Hours,90-100%
S2516,17,Female,12,5.3,98,Postgraduate,No,Yes,66,71,100,69,79.0,Good,Pass,79.0,4-6 Hours,90-100%
S2517,19,Female,10,3.3,85,High School,No,No,50,54,66,51,56.67,Average,Pass,56.67,2-4 Hours,75-90%
S2518,19,Female,10,1.2,59,Graduate,Yes,No,82,81,66,40,76.33,Good,Pass,76.33,0-2 Hours,Below 60%
S2519,18,Male,9,3.9,88,High School,Yes,No,88,51,72,71,70.33,Good,Pass,70.33,2-4 Hours,75-90%
S2520,19,Male,11,3.9,94,Graduate,No,Yes,87,70,46,46,67.67,Good,Pass,67.67,2-4 Hours,90-100%
S2521,15,Male,9,4.1,86,High School,No,No,89,45,36,60,56.67,Average,Pass,56.67,4-6 Hours,75-90%
S2522,16,Male,11,3.8,62,High School,Yes,Yes,52,100,87,93,79.67,Good,Pass,79.67,2-4 Hours,60-75%
S2523,17,Female,11,2.9,76,Graduate,Yes,No,76,63,46,86,61.67,Average,Pass,61.67,2-4 Hours,75-90%
S2524,19,Male,12,5.8,79,High School,Yes,No,71,73,92,41,78.67,Good,Pass,78.67,4-6 Hours,75-90%
S2525,16,Female,11,2.7,61,Graduate,No,Yes,51,71,54,63,58.67,Average,Pass,58.67,2-4 Hours,60-75%
S2526,18,Male,11,0.5,56,Graduate,Yes,No,44,56,75,84,58.33,Average,Pass,58.33,0-2 Hours,Below 60%
S2527,15,Male,10,5.5,71,Graduate,No,Yes,59,72,81,90,70.67,Good,Pass,70.67,4-6 Hours,60-75%
S2528,16,Female,12,3.5,60,Graduate,No,Yes,74,42,81,46,65.67,Average,Pass,65.67,2-4 Hours,Below 60%
S2529,15,Male,12,4.7,82,High School,Yes,No,45,79,97,84,73.67,Good,Pass,73.67,4-6 Hours,75-90%
S2530,16,Male,12,2.7,57,High School,No,No,39,93,64,58,65.33,Average,Pass,65.33,2-4 Hours,Below 60%
S2531,19,Female,12,0.6,89,Graduate,Yes,Yes,39,75,97,41,70.33,Good,Pass,70.33,0-2 Hours,75-90%
S2532,17,Male,12,1.6,67,Graduate,Yes,Yes,80,97,80,58,85.67,Excellent,Pass,85.67,0-2 Hours,60-75%
S2533,15,Male,12,0.6,61,Postgraduate,Yes,No,35,67,72,56,58.0,Average,Pass,58.0,0-2 Hours,60-75%
S2534,18,Male,10,4.6,68,Postgraduate,Yes,Yes,87,79,63,77,76.33,Good,Pass,76.33,4-6 Hours,60-75%
S2535,19,Male,10,2.1,78,High School,Yes,No,38,60,86,78,61.33,Average,Pass,61.33,2-4 Hours,75-90%
S2536,15,Female,10,5.5,73,Postgraduate,No,Yes,79,69,85,56,77.67,Good,Pass,77.67,4-6 Hours,60-75%
S2537,15,Female,12,0.8,54,High School,No,Yes,87,56,35,59,59.33,Average,Pass,59.33,0-2 Hours,Below 60%
S2538,19,Male,11,3.3,87,Postgraduate,No,No,42,70,98,48,70.0,Good,Pass,70.0,2-4 Hours,75-90%
S2539,14,Female,10,3.4,52,Graduate,Yes,No,95,42,41,83,59.33,Average,Pass,59.33,2-4 Hours,Below 60%
S2540,19,Female,12,4.9,74,Postgraduate,No,No,65,42,86,52,64.33,Average,Pass,64.33,4-6 Hours,60-75%
S2541,17,Female,11,3.6,90,High School,No,Yes,94,70,43,69,69.0,Good,Pass,69.0,2-4 Hours,75-90%
S2542,18,Female,9,2.6,95,High School,No,Yes,74,61,79,51,71.33,Good,Pass,71.33,2-4 Hours,90-100%
S2543,18,Male,11,2.5,69,Graduate,Yes,Yes,67,57,93,77,72.33,Good,Pass,72.33,2-4 Hours,60-75%
S2544,18,Female,12,5.4,62,Postgraduate,No,Yes,72,68,58,45,66.0,Good,Pass,66.0,4-6 Hours,60-75%
S2545,17,Male,11,4.1,87,Postgraduate,Yes,No,78,92,82,70,84.0,Excellent,Pass,84.0,4-6 Hours,75-90%
S2546,17,Female,9,1.1,56,High School,Yes,Yes,93,90,63,60,82.0,Excellent,Pass,82.0,0-2 Hours,Below 60%
S2547,19,Female,11,4.9,54,Postgraduate,Yes,No,66,56,92,64,71.33,Good,Pass,71.33,4-6 Hours,Below 60%
S2548,14,Male,11,5.8,99,Graduate,Yes,Yes,93,67,57,47,72.33,Good,Pass,72.33,4-6 Hours,90-100%
S2549,14,Male,12,5.5,70,Postgraduate,No,No,42,94,58,67,64.67,Average,Pass,64.67,4-6 Hours,60-75%
S2550,14,Male,11,4.6,84,High School,No,No,99,36,98,58,77.67,Good,Pass,77.67,4-6 Hours,75-90%
S2551,15,Female,9,3.0,70,Postgraduate,No,No,79,75,76,83,76.67,Good,Pass,76.67,2-4 Hours,60-75%
S2552,16,Male,10,3.5,51,Graduate,No,Yes,72,60,53,70,61.67,Average,Pass,61.67,2-4 Hours,Below 60%
S2553,18,Male,12,4.7,81,Graduate,No,No,61,38,67,83,55.33,Average,Pass,55.33,4-6 Hours,75-90%
S2554,17,Male,10,5.1,95,Graduate,No,No,46,91,37,95,58.0,Average,Pass,58.0,4-6 Hours,90-100%
S2555,15,Male,11,1.2,87,High School,No,Yes,73,96,88,76,85.67,Excellent,Pass,85.67,0-2 Hours,75-90%
S2556,15,Female,12,5.4,84,Graduate,Yes,Yes,50,80,81,45,70.33,Good,Pass,70.33,4-6 Hours,75-90%
S2557,19,Female,11,3.7,86,Postgraduate,Yes,No,70,94,38,64,67.33,Good,Pass,67.33,2-4 Hours,75-90%
S2558,18,Male,12,0.9,60,Postgraduate,Yes,No,54,83,74,80,70.33,Good,Pass,70.33,0-2 Hours,Below 60%
S2559,19,Female,10,3.1,82,Graduate,Yes,Yes,54,72,97,60,74.33,Good,Pass,74.33,2-4 Hours,75-90%
S2560,17,Female,11,5.2,73,Postgraduate,Yes,Yes,39,61,72,75,57.33,Average,Pass,57.33,4-6 Hours,60-75%
S2561,14,Male,11,4.0,66,Graduate,Yes,No,54,72,91,43,72.33,Good,Pass,72.33,2-4 Hours,60-75%
S2562,19,Male,12,5.7,93,Graduate,No,No,78,86,44,81,69.33,Good,Pass,69.33,4-6 Hours,90-100%
S2563,19,Female,9,3.6,69,High School,Yes,Yes,88,83,51,78,74.0,Good,Pass,74.0,2-4 Hours,60-75%
S2564,14,Female,10,5.1,94,Postgraduate,No,No,56,60,49,67,55.0,Average,Pass,55.0,4-6 Hours,90-100%
S2565,17,Female,11,5.0,58,High School,No,No,76,66,72,94,71.33,Good,Pass,71.33,4-6 Hours,Below 60%
S2566,16,Male,12,4.6,71,Graduate,No,No,43,42,67,95,50.67,Average,Pass,50.67,4-6 Hours,60-75%
S2567,15,Female,10,0.9,71,High School,Yes,Yes,59,80,88,86,75.67,Good,Pass,75.67,0-2 Hours,60-75%
S2568,19,Male,10,4.5,70,Graduate,No,No,81,59,85,44,75.0,Good,Pass,75.0,4-6 Hours,60-75%
S2569,18,Male,9,3.7,75,Postgraduate,No,No,66,54,70,79,63.33,Average,Pass,63.33,2-4 Hours,60-75%
S2570,19,Female,9,5.4,63,Postgraduate,Yes,No,67,78,88,86,77.67,Good,Pass,77.67,4-6 Hours,60-75%
S2571,16,Male,12,5.4,92,Postgraduate,Yes,No,95,78,82,42,85.0,Excellent,Pass,85.0,4-6 Hours,90-100%
S2572,18,Female,9,0.7,79,Graduate,No,Yes,90,97,73,47,86.67,Excellent,Pass,86.67,0-2 Hours,75-90%
S2573,19,Male,12,2.0,86,Postgraduate,Yes,Yes,37,43,36,76,38.67,Poor,Fail,38.67,0-2 Hours,75-90%
S2574,19,Female,12,2.7,80,Graduate,Yes,Yes,46,92,40,60,59.33,Average,Pass,59.33,2-4 Hours,75-90%
S2575,19,Male,10,6.0,58,High School,Yes,Yes,54,37,66,68,52.33,Average,Pass,52.33,4-6 Hours,Below 60%
S2576,19,Female,10,0.7,53,Graduate,Yes,No,80,65,97,88,80.67,Good,Pass,80.67,0-2 Hours,Below 60%
S2577,17,Male,9,5.7,64,High School,No,No,43,90,39,74,57.33,Average,Pass,57.33,4-6 Hours,60-75%
S2578,17,Female,10,5.9,51,Graduate,Yes,Yes,68,94,87,69,83.0,Excellent,Pass,83.0,4-6 Hours,Below 60%
S2579,16,Male,11,0.6,98,High School,No,Yes,53,54,75,58,60.67,Average,Pass,60.67,0-2 Hours,90-100%
S2580,18,Male,12,3.4,54,High School,Yes,Yes,65,67,88,84,73.33,Good,Pass,73.33,2-4 Hours,Below 60%
S2581,15,Male,11,1.6,97,Graduate,No,Yes,49,52,88,70,63.0,Average,Pass,63.0,0-2 Hours,90-100%
S2582,14,Female,10,2.2,55,Graduate,No,No,40,41,89,83,56.67,Average,Pass,56.67,2-4 Hours,Below 60%
S2583,19,Female,11,1.6,93,High School,Yes,No,97,67,63,80,75.67,Good,Pass,75.67,0-2 Hours,90-100%
S2584,15,Male,12,3.0,57,Graduate,No,No,53,95,39,80,62.33,Average,Pass,62.33,2-4 Hours,Below 60%
S2585,14,Male,11,1.6,59,Postgraduate,No,No,98,35,86,48,73.0,Good,Pass,73.0,0-2 Hours,Below 60%
S2586,14,Female,9,3.6,63,Graduate,Yes,No,91,63,95,58,83.0,Excellent,Pass,83.0,2-4 Hours,60-75%
S2587,18,Female,9,4.3,68,High School,No,No,36,63,91,64,63.33,Average,Pass,63.33,4-6 Hours,60-75%
S2588,15,Male,10,4.0,89,High School,No,Yes,50,96,35,88,60.33,Average,Pass,60.33,2-4 Hours,75-90%
S2589,19,Female,10,0.6,92,Postgraduate,No,Yes,68,60,69,85,65.67,Average,Pass,65.67,0-2 Hours,90-100%
S2590,19,Female,10,3.8,65,Graduate,Yes,No,99,88,43,90,76.67,Good,Pass,76.67,2-4 Hours,60-75%
S2591,14,Male,10,2.7,91,Graduate,No,Yes,89,48,39,64,58.67,Average,Pass,58.67,2-4 Hours,90-100%
S2592,14,Female,11,1.1,69,Graduate,Yes,No,61,84,37,69,60.67,Average,Pass,60.67,0-2 Hours,60-75%
S2593,15,Female,10,5.8,79,Graduate,Yes,Yes,58,39,71,81,56.0,Average,Pass,56.0,4-6 Hours,75-90%
S2594,17,Male,10,4.4,88,High School,No,Yes,92,35,99,80,75.33,Good,Pass,75.33,4-6 Hours,75-90%
S2595,17,Female,10,0.5,76,Graduate,No,Yes,92,49,68,40,69.67,Good,Pass,69.67,0-2 Hours,75-90%
S2596,16,Female,11,5.3,55,Graduate,Yes,Yes,69,56,86,67,70.33,Good,Pass,70.33,4-6 Hours,Below 60%
S2597,14,Female,11,4.0,90,Graduate,No,Yes,48,52,58,67,52.67,Average,Pass,52.67,2-4 Hours,75-90%
S2598,17,Male,11,5.5,99,High School,No,Yes,93,80,77,76,83.33,Excellent,Pass,83.33,4-6 Hours,90-100%
S2599,18,Female,11,4.3,72,High School,No,No,91,82,35,78,69.33,Good,Pass,69.33,4-6 Hours,60-75%
S2600,15,Female,9,1.7,87,Graduate,No,No,63,39,95,47,65.67,Average,Pass,65.67,0-2 Hours,75-90%
S2601,16,Female,9,2.8,74,Graduate,No,Yes,97,47,35,57,59.67,Average,Pass,59.67,2-4 Hours,60-75%
S2602,18,Female,11,1.3,69,Postgraduate,No,No,75,71,79,56,75.0,Good,Pass,75.0,0-2 Hours,60-75%
S2603,19,Female,9,5.7,78,High School,No,No,66,79,95,82,80.0,Good,Pass,80.0,4-6 Hours,75-90%
S2604,17,Male,10,4.3,69,High School,No,No,93,69,60,81,74.0,Good,Pass,74.0,4-6 Hours,60-75%
S2605,14,Male,9,5.0,50,Graduate,No,Yes,93,75,38,64,68.67,Good,Pass,68.67,4-6 Hours,Below 60%
S2606,15,Female,10,4.1,73,Postgraduate,Yes,No,48,41,63,82,50.67,Average,Pass,50.67,4-6 Hours,60-75%
S2607,16,Female,11,5.9,51,High School,Yes,No,67,38,40,73,48.33,Poor,Fail,48.33,4-6 Hours,Below 60%
S2608,14,Male,11,3.8,86,Postgraduate,Yes,No,85,72,74,53,77.0,Good,Pass,77.0,2-4 Hours,75-90%
S2609,15,Female,12,3.7,85,High School,No,No,76,48,72,94,65.33,Average,Pass,65.33,2-4 Hours,75-90%
S2610,18,Male,11,1.4,98,High School,Yes,Yes,63,98,78,89,79.67,Good,Pass,79.67,0-2 Hours,90-100%
S2611,16,Male,12,1.8,53,Graduate,No,Yes,66,52,65,75,61.0,Average,Pass,61.0,0-2 Hours,Below 60%
S2612,15,Female,10,5.8,55,Graduate,Yes,Yes,81,64,49,84,64.67,Average,Pass,64.67,4-6 Hours,Below 60%
S2613,17,Female,10,5.4,93,Graduate,Yes,No,52,42,95,46,63.0,Average,Pass,63.0,4-6 Hours,90-100%
S2614,17,Female,12,1.8,73,High School,No,Yes,46,82,66,87,64.67,Average,Pass,64.67,0-2 Hours,60-75%
S2615,16,Female,12,3.8,66,High School,No,Yes,42,62,74,47,59.33,Average,Pass,59.33,2-4 Hours,60-75%
S2616,14,Male,11,3.4,54,High School,Yes,No,35,68,89,83,64.0,Average,Pass,64.0,2-4 Hours,Below 60%
S2617,16,Female,12,4.9,94,Graduate,Yes,No,69,56,49,62,58.0,Average,Pass,58.0,4-6 Hours,90-100%
S2618,19,Female,11,4.4,68,High School,Yes,Yes,42,53,59,64,51.33,Average,Pass,51.33,4-6 Hours,60-75%
S2619,17,Male,9,4.7,58,Graduate,No,No,64,89,56,71,69.67,Good,Pass,69.67,4-6 Hours,Below 60%
S2620,14,Male,12,2.5,81,High School,Yes,Yes,56,67,39,76,54.0,Average,Pass,54.0,2-4 Hours,75-90%
S2621,19,Male,11,3.7,52,Graduate,No,Yes,92,40,70,76,67.33,Good,Pass,67.33,2-4 Hours,Below 60%
S2622,17,Female,11,0.5,88,Postgraduate,Yes,Yes,59,98,42,47,66.33,Good,Pass,66.33,0-2 Hours,75-90%
S2623,15,Female,9,3.4,61,High School,No,No,40,52,48,91,46.67,Poor,Fail,46.67,2-4 Hours,60-75%
S2624,17,Male,12,5.3,99,High School,Yes,No,39,61,72,81,57.33,Average,Pass,57.33,4-6 Hours,90-100%
S2625,18,Male,12,2.0,70,Postgraduate,Yes,Yes,79,61,87,42,75.67,Good,Pass,75.67,0-2 Hours,60-75%
S2626,19,Male,11,5.1,53,Postgraduate,No,Yes,97,46,42,64,61.67,Average,Pass,61.67,4-6 Hours,Below 60%
S2627,18,Male,10,2.6,65,High School,No,No,45,45,51,41,47.0,Poor,Fail,47.0,2-4 Hours,60-75%
S2628,17,Female,10,1.5,73,Postgraduate,Yes,No,95,77,96,76,89.33,Excellent,Pass,89.33,0-2 Hours,60-75%
S2629,15,Female,11,5.0,98,Graduate,No,No,50,58,47,46,51.67,Average,Pass,51.67,4-6 Hours,90-100%
S2630,18,Female,9,2.0,93,High School,Yes,Yes,98,80,49,65,75.67,Good,Pass,75.67,0-2 Hours,90-100%
S2631,16,Male,12,4.0,97,Graduate,Yes,No,74,46,97,54,72.33,Good,Pass,72.33,2-4 Hours,90-100%
S2632,17,Female,9,3.8,80,Postgraduate,Yes,Yes,45,63,56,56,54.67,Average,Pass,54.67,2-4 Hours,75-90%
S2633,14,Female,10,4.3,80,Graduate,No,No,50,68,90,79,69.33,Good,Pass,69.33,4-6 Hours,75-90%
S2634,18,Female,12,2.6,84,Postgraduate,Yes,No,81,58,87,70,75.33,Good,Pass,75.33,2-4 Hours,75-90%
S2635,16,Female,11,1.6,95,Graduate,No,No,76,38,60,78,58.0,Average,Pass,58.0,0-2 Hours,90-100%
S2636,16,Male,11,3.5,65,Graduate,No,No,84,99,90,59,91.0,Excellent,Pass,91.0,2-4 Hours,60-75%
S2637,14,Female,12,1.2,86,Postgraduate,No,Yes,76,96,53,77,75.0,Good,Pass,75.0,0-2 Hours,75-90%
S2638,14,Male,10,5.2,78,Graduate,Yes,Yes,95,44,99,93,79.33,Good,Pass,79.33,4-6 Hours,75-90%
S2639,18,Male,10,1.1,69,High School,No,Yes,40,61,64,64,55.0,Average,Pass,55.0,0-2 Hours,60-75%
S2640,14,Female,9,2.6,100,High School,Yes,Yes,88,69,48,74,68.33,Good,Pass,68.33,2-4 Hours,90-100%
S2641,18,Female,9,3.2,79,High School,No,No,61,51,56,93,56.0,Average,Pass,56.0,2-4 Hours,75-90%
S2642,17,Male,12,4.3,52,Postgraduate,Yes,Yes,47,97,88,46,77.33,Good,Pass,77.33,4-6 Hours,Below 60%
S2643,16,Female,10,1.0,66,High School,Yes,No,53,80,51,56,61.33,Average,Pass,61.33,0-2 Hours,60-75%
S2644,14,Male,9,1.5,85,Postgraduate,Yes,Yes,99,86,63,68,82.67,Excellent,Pass,82.67,0-2 Hours,75-90%
S2645,14,Male,11,2.1,72,Postgraduate,No,Yes,97,76,70,88,81.0,Excellent,Pass,81.0,2-4 Hours,60-75%
S2646,15,Female,11,1.2,94,Postgraduate,No,No,85,76,48,74,69.67,Good,Pass,69.67,0-2 Hours,90-100%
S2647,14,Female,9,3.1,97,Postgraduate,No,Yes,63,46,64,78,57.67,Average,Pass,57.67,2-4 Hours,90-100%
S2648,14,Female,11,2.5,54,Postgraduate,Yes,Yes,37,99,95,92,77.0,Good,Pass,77.0,2-4 Hours,Below 60%
S2649,14,Male,10,2.8,98,High School,No,Yes,89,70,49,64,69.33,Good,Pass,69.33,2-4 Hours,90-100%
S2650,19,Female,10,3.8,75,Postgraduate,Yes,Yes,74,62,84,80,73.33,Good,Pass,73.33,2-4 Hours,60-75%
S2651,18,Male,10,4.6,87,High School,No,Yes,54,100,86,92,80.0,Good,Pass,80.0,4-6 Hours,75-90%
S2652,18,Male,12,3.9,82,High School,No,Yes,66,100,45,75,70.33,Good,Pass,70.33,2-4 Hours,75-90%
S2653,15,Female,11,0.8,80,Graduate,Yes,Yes,80,64,51,48,65.0,Average,Pass,65.0,0-2 Hours,75-90%
S2654,14,Male,12,4.5,89,High School,Yes,No,43,78,62,51,61.0,Average,Pass,61.0,4-6 Hours,75-90%
S2655,15,Male,12,3.0,52,Graduate,Yes,Yes,69,51,76,78,65.33,Average,Pass,65.33,2-4 Hours,Below 60%
S2656,14,Female,11,0.9,69,Postgraduate,No,Yes,63,67,36,53,55.33,Average,Pass,55.33,0-2 Hours,60-75%
S2657,16,Male,12,5.1,84,Postgraduate,Yes,No,39,57,80,61,58.67,Average,Pass,58.67,4-6 Hours,75-90%
S2658,18,Male,12,4.9,88,High School,No,No,50,43,70,75,54.33,Average,Pass,54.33,4-6 Hours,75-90%
S2659,18,Male,10,3.5,55,Graduate,Yes,Yes,62,58,41,65,53.67,Average,Pass,53.67,2-4 Hours,Below 60%
S2660,16,Male,11,1.4,93,High School,No,Yes,100,76,50,88,75.33,Good,Pass,75.33,0-2 Hours,90-100%
S2661,14,Female,10,5.2,93,Postgraduate,No,Yes,45,97,92,42,78.0,Good,Pass,78.0,4-6 Hours,90-100%
S2662,18,Female,9,0.9,57,Postgraduate,No,Yes,84,99,96,51,93.0,Excellent,Pass,93.0,0-2 Hours,Below 60%
S2663,15,Male,9,1.6,67,High School,Yes,Yes,96,39,46,85,60.33,Average,Pass,60.33,0-2 Hours,60-75%
S2664,18,Female,10,5.1,86,High School,No,Yes,56,91,77,44,74.67,Good,Pass,74.67,4-6 Hours,75-90%
S2665,18,Male,11,1.6,60,Postgraduate,Yes,No,49,68,99,42,72.0,Good,Pass,72.0,0-2 Hours,Below 60%
S2666,14,Male,9,3.6,57,Postgraduate,No,Yes,72,84,53,66,69.67,Good,Pass,69.67,2-4 Hours,Below 60%
S2667,19,Female,12,4.8,61,Postgraduate,Yes,No,39,74,48,62,53.67,Average,Pass,53.67,4-6 Hours,60-75%
S2668,14,Female,11,3.6,77,Postgraduate,Yes,No,69,98,100,68,89.0,Excellent,Pass,89.0,2-4 Hours,75-90%
S2669,14,Female,9,1.0,86,Graduate,No,No,99,94,84,40,92.33,Excellent,Pass,92.33,0-2 Hours,75-90%
S2670,18,Female,9,2.1,67,High School,No,No,60,91,64,60,71.67,Good,Pass,71.67,2-4 Hours,60-75%
S2671,16,Male,12,0.9,78,High School,Yes,No,98,42,56,59,65.33,Average,Pass,65.33,0-2 Hours,75-90%
S2672,15,Female,12,0.6,65,High School,Yes,Yes,97,39,38,64,58.0,Average,Pass,58.0,0-2 Hours,60-75%
S2673,18,Male,10,2.9,77,Graduate,Yes,No,88,48,45,70,60.33,Average,Pass,60.33,2-4 Hours,75-90%
S2674,19,Female,11,3.2,75,Graduate,No,Yes,91,69,75,73,78.33,Good,Pass,78.33,2-4 Hours,60-75%
S2675,15,Male,9,4.3,75,Graduate,No,No,53,86,92,51,77.0,Good,Pass,77.0,4-6 Hours,60-75%
S2676,15,Female,11,5.5,65,High School,No,No,42,95,53,45,63.33,Average,Pass,63.33,4-6 Hours,60-75%
S2677,18,Male,9,2.8,81,Postgraduate,No,Yes,78,72,61,43,70.33,Good,Pass,70.33,2-4 Hours,75-90%
S2678,19,Female,10,2.5,67,Postgraduate,No,No,44,51,53,73,49.33,Poor,Fail,49.33,2-4 Hours,60-75%
S2679,19,Female,10,4.4,89,Postgraduate,No,No,39,75,63,82,59.0,Average,Pass,59.0,4-6 Hours,75-90%
S2680,16,Female,9,2.5,61,Graduate,Yes,Yes,87,96,100,54,94.33,Excellent,Pass,94.33,2-4 Hours,60-75%
S2681,19,Male,10,1.4,67,High School,No,No,62,94,60,77,72.0,Good,Pass,72.0,0-2 Hours,60-75%
S2682,17,Female,12,1.6,53,Postgraduate,No,Yes,39,98,38,48,58.33,Average,Pass,58.33,0-2 Hours,Below 60%
S2683,19,Male,11,1.9,61,High School,No,Yes,47,42,64,84,51.0,Average,Pass,51.0,0-2 Hours,60-75%
S2684,18,Male,9,2.7,92,Postgraduate,No,Yes,45,43,72,84,53.33,Average,Pass,53.33,2-4 Hours,90-100%
S2685,17,Female,9,1.6,80,High School,Yes,Yes,89,89,68,53,82.0,Excellent,Pass,82.0,0-2 Hours,75-90%
S2686,17,Female,9,5.3,78,Postgraduate,No,No,73,35,44,65,50.67,Average,Pass,50.67,4-6 Hours,75-90%
S2687,17,Female,11,5.3,100,Postgraduate,Yes,Yes,57,82,42,94,60.33,Average,Pass,60.33,4-6 Hours,90-100%
S2688,19,Male,9,5.4,62,Graduate,Yes,Yes,42,44,46,51,44.0,Poor,Fail,44.0,4-6 Hours,60-75%
S2689,17,Female,10,3.2,85,Graduate,Yes,No,89,41,39,85,56.33,Average,Pass,56.33,2-4 Hours,75-90%
S2690,19,Female,12,1.1,81,Postgraduate,Yes,No,79,63,41,52,61.0,Average,Pass,61.0,0-2 Hours,75-90%
S2691,15,Male,11,3.2,82,Graduate,No,No,65,87,68,86,73.33,Good,Pass,73.33,2-4 Hours,75-90%
S2692,17,Male,9,5.1,72,Graduate,No,Yes,89,81,44,60,71.33,Good,Pass,71.33,4-6 Hours,60-75%
S2693,19,Male,9,0.9,59,Postgraduate,No,No,57,81,91,57,76.33,Good,Pass,76.33,0-2 Hours,Below 60%
S2694,19,Female,10,1.1,58,High School,Yes,Yes,60,83,97,84,80.0,Good,Pass,80.0,0-2 Hours,Below 60%
S2695,15,Male,12,4.4,82,Graduate,No,No,85,60,64,77,69.67,Good,Pass,69.67,4-6 Hours,75-90%
S2696,19,Female,10,1.1,81,Graduate,Yes,Yes,60,99,58,50,72.33,Good,Pass,72.33,0-2 Hours,75-90%
S2697,16,Female,12,5.1,87,Postgraduate,Yes,Yes,42,53,43,69,46.0,Poor,Fail,46.0,4-6 Hours,75-90%
S2698,18,Female,11,2.1,67,Graduate,Yes,Yes,36,88,74,41,66.0,Good,Pass,66.0,2-4 Hours,60-75%
S2699,17,Male,11,3.6,61,High School,Yes,Yes,83,90,73,83,82.0,Excellent,Pass,82.0,2-4 Hours,60-75%
S2700,14,Female,9,4.6,90,Postgraduate,Yes,Yes,44,79,73,94,65.33,Average,Pass,65.33,4-6 Hours,75-90%
S2701,14,Male,11,5.9,91,High School,No,Yes,79,58,98,64,78.33,Good,Pass,78.33,4-6 Hours,90-100%
S2702,14,Male,10,1.5,58,Postgraduate,No,No,89,76,83,41,82.67,Excellent,Pass,82.67,0-2 Hours,Below 60%
S2703,18,Male,10,4.6,54,High School,No,Yes,98,66,60,93,74.67,Good,Pass,74.67,4-6 Hours,Below 60%
S2704,18,Male,12,4.9,54,Graduate,No,Yes,72,78,44,59,64.67,Average,Pass,64.67,4-6 Hours,Below 60%
S2705,15,Female,10,5.5,60,High School,No,No,68,64,60,48,64.0,Average,Pass,64.0,4-6 Hours,Below 60%
S2706,19,Female,10,5.6,70,Postgraduate,No,No,85,77,81,86,81.0,Excellent,Pass,81.0,4-6 Hours,60-75%
S2707,14,Female,11,4.9,60,Postgraduate,Yes,Yes,74,37,95,80,68.67,Good,Pass,68.67,4-6 Hours,Below 60%
S2708,16,Male,12,5.1,92,Postgraduate,No,No,54,44,89,91,62.33,Average,Pass,62.33,4-6 Hours,90-100%
S2709,17,Female,12,5.9,77,Postgraduate,Yes,Yes,95,94,66,77,85.0,Excellent,Pass,85.0,4-6 Hours,75-90%
S2710,18,Male,11,4.5,51,Postgraduate,No,No,98,87,95,89,93.33,Excellent,Pass,93.33,4-6 Hours,Below 60%
S2711,16,Female,11,1.4,97,Graduate,Yes,Yes,54,74,89,47,72.33,Good,Pass,72.33,0-2 Hours,90-100%
S2712,15,Male,12,5.3,53,High School,Yes,No,90,37,93,77,73.33,Good,Pass,73.33,4-6 Hours,Below 60%
S2713,15,Male,10,1.9,71,Graduate,No,Yes,97,49,96,86,80.67,Good,Pass,80.67,0-2 Hours,60-75%
S2714,19,Female,9,5.4,100,High School,Yes,Yes,96,87,79,43,87.33,Excellent,Pass,87.33,4-6 Hours,90-100%
S2715,15,Female,12,5.9,78,Postgraduate,Yes,No,82,69,42,71,64.33,Average,Pass,64.33,4-6 Hours,75-90%
S2716,16,Male,9,4.0,84,High School,Yes,Yes,78,37,51,57,55.33,Average,Pass,55.33,2-4 Hours,75-90%
S2717,15,Male,9,1.3,72,Graduate,Yes,No,35,59,84,94,59.33,Average,Pass,59.33,0-2 Hours,60-75%
S2718,18,Male,9,0.7,91,Postgraduate,Yes,No,63,93,67,77,74.33,Good,Pass,74.33,0-2 Hours,90-100%
S2719,16,Male,11,5.1,50,Postgraduate,Yes,No,36,36,37,60,36.33,Poor,Fail,36.33,4-6 Hours,Below 60%
S2720,16,Male,11,4.1,82,Postgraduate,No,Yes,63,97,66,43,75.33,Good,Pass,75.33,4-6 Hours,75-90%
S2721,17,Female,11,4.4,57,High School,Yes,Yes,90,84,85,78,86.33,Excellent,Pass,86.33,4-6 Hours,Below 60%
S2722,16,Female,12,3.9,54,Graduate,Yes,Yes,50,90,50,63,63.33,Average,Pass,63.33,2-4 Hours,Below 60%
S2723,17,Male,9,3.3,97,Postgraduate,No,Yes,81,96,39,80,72.0,Good,Pass,72.0,2-4 Hours,90-100%
S2724,14,Female,11,2.5,86,Graduate,No,No,54,37,75,58,55.33,Average,Pass,55.33,2-4 Hours,75-90%
S2725,17,Female,9,2.1,52,Graduate,No,No,70,66,84,81,73.33,Good,Pass,73.33,2-4 Hours,Below 60%
S2726,19,Male,12,1.5,97,High School,No,No,80,81,92,71,84.33,Excellent,Pass,84.33,0-2 Hours,90-100%
S2727,15,Male,11,1.7,87,Postgraduate,No,No,42,85,99,89,75.33,Good,Pass,75.33,0-2 Hours,75-90%
S2728,18,Female,12,4.7,56,High School,No,Yes,49,36,35,69,40.0,Poor,Fail,40.0,4-6 Hours,Below 60%
S2729,15,Male,12,5.5,51,Postgraduate,No,No,38,95,46,41,59.67,Average,Pass,59.67,4-6 Hours,Below 60%
S2730,19,Female,10,1.2,69,Graduate,No,No,62,49,55,72,55.33,Average,Pass,55.33,0-2 Hours,60-75%
S2731,14,Female,10,1.9,59,Graduate,Yes,No,62,91,60,86,71.0,Good,Pass,71.0,0-2 Hours,Below 60%
S2732,17,Male,10,4.7,51,Postgraduate,No,Yes,92,96,40,81,76.0,Good,Pass,76.0,4-6 Hours,Below 60%
S2733,16,Male,11,2.1,92,High School,No,No,56,72,69,47,65.67,Average,Pass,65.67,2-4 Hours,90-100%
S2734,18,Male,12,2.1,99,Graduate,Yes,Yes,51,47,45,51,47.67,Poor,Fail,47.67,2-4 Hours,90-100%
S2735,18,Male,10,1.5,83,Postgraduate,Yes,Yes,62,49,51,92,54.0,Average,Pass,54.0,0-2 Hours,75-90%
S2736,19,Male,11,0.5,99,Graduate,No,No,57,61,41,56,53.0,Average,Pass,53.0,0-2 Hours,90-100%
S2737,15,Female,10,3.7,98,Graduate,No,Yes,92,98,42,65,77.33,Good,Pass,77.33,2-4 Hours,90-100%
S2738,16,Male,11,3.2,89,High School,Yes,Yes,79,53,45,53,59.0,Average,Pass,59.0,2-4 Hours,75-90%
S2739,14,Female,9,0.5,65,High School,No,Yes,49,60,64,89,57.67,Average,Pass,57.67,0-2 Hours,60-75%
S2740,18,Female,9,0.9,86,Postgraduate,No,No,36,55,73,62,54.67,Average,Pass,54.67,0-2 Hours,75-90%
S2741,14,Male,11,2.0,75,Graduate,No,Yes,57,43,52,62,50.67,Average,Pass,50.67,0-2 Hours,60-75%
S2742,18,Female,12,4.6,93,High School,Yes,No,95,36,59,91,63.33,Average,Pass,63.33,4-6 Hours,90-100%
S2743,17,Female,9,3.5,67,Postgraduate,No,Yes,74,55,89,65,72.67,Good,Pass,72.67,2-4 Hours,60-75%
S2744,18,Female,12,3.2,83,Graduate,No,No,64,37,91,73,64.0,Average,Pass,64.0,2-4 Hours,75-90%
S2745,18,Male,10,2.3,97,Graduate,No,No,90,83,61,77,78.0,Good,Pass,78.0,2-4 Hours,90-100%
S2746,15,Female,11,3.3,53,Postgraduate,No,No,94,82,76,71,84.0,Excellent,Pass,84.0,2-4 Hours,Below 60%
S2747,17,Male,10,4.9,95,High School,No,Yes,89,86,72,64,82.33,Excellent,Pass,82.33,4-6 Hours,90-100%
S2748,19,Female,11,3.6,83,Postgraduate,Yes,No,48,52,81,65,60.33,Average,Pass,60.33,2-4 Hours,75-90%
S2749,18,Female,12,5.4,50,Postgraduate,No,Yes,62,58,95,62,71.67,Good,Pass,71.67,4-6 Hours,Below 60%
S2750,17,Male,10,4.8,83,Postgraduate,Yes,Yes,42,63,96,66,67.0,Good,Pass,67.0,4-6 Hours,75-90%
S2751,15,Female,9,3.6,66,Graduate,No,No,57,70,97,85,74.67,Good,Pass,74.67,2-4 Hours,60-75%
S2752,17,Female,9,0.9,87,Graduate,Yes,Yes,55,82,62,91,66.33,Good,Pass,66.33,0-2 Hours,75-90%
S2753,19,Female,12,5.7,75,High School,Yes,Yes,64,59,71,47,64.67,Average,Pass,64.67,4-6 Hours,60-75%
S2754,19,Male,12,2.4,82,High School,No,No,98,35,61,74,64.67,Average,Pass,64.67,2-4 Hours,75-90%
S2755,14,Female,12,2.2,94,Graduate,Yes,No,59,58,50,92,55.67,Average,Pass,55.67,2-4 Hours,90-100%
S2756,18,Male,9,1.4,91,Graduate,Yes,No,96,72,65,60,77.67,Good,Pass,77.67,0-2 Hours,90-100%
S2757,18,Male,11,2.3,51,Graduate,Yes,Yes,45,42,61,77,49.33,Poor,Fail,49.33,2-4 Hours,Below 60%
S2758,18,Male,9,0.6,96,Postgraduate,No,No,73,35,69,88,59.0,Average,Pass,59.0,0-2 Hours,90-100%
S2759,16,Female,11,3.2,100,Graduate,No,Yes,92,72,54,81,72.67,Good,Pass,72.67,2-4 Hours,90-100%
S2760,14,Male,12,1.0,95,Graduate,No,Yes,41,57,87,69,61.67,Average,Pass,61.67,0-2 Hours,90-100%
S2761,16,Female,12,4.6,62,Graduate,Yes,Yes,75,95,54,42,74.67,Good,Pass,74.67,4-6 Hours,60-75%
S2762,19,Male,10,5.8,72,Graduate,No,Yes,95,77,90,47,87.33,Excellent,Pass,87.33,4-6 Hours,60-75%
S2763,16,Female,12,2.8,99,Postgraduate,No,No,43,74,67,69,61.33,Average,Pass,61.33,2-4 Hours,90-100%
S2764,14,Female,10,2.4,89,Graduate,No,Yes,63,46,39,83,49.33,Poor,Fail,49.33,2-4 Hours,75-90%
S2765,19,Male,10,4.0,61,Graduate,No,Yes,98,69,42,64,69.67,Good,Pass,69.67,2-4 Hours,60-75%
S2766,14,Female,12,2.6,99,Postgraduate,Yes,Yes,93,62,39,54,64.67,Average,Pass,64.67,2-4 Hours,90-100%
S2767,15,Male,11,2.0,87,Graduate,Yes,Yes,69,81,42,75,64.0,Average,Pass,64.0,0-2 Hours,75-90%
S2768,15,Female,12,2.1,55,Postgraduate,Yes,No,90,81,82,89,84.33,Excellent,Pass,84.33,2-4 Hours,Below 60%
S2769,17,Female,11,1.5,74,Graduate,Yes,No,82,98,62,71,80.67,Good,Pass,80.67,0-2 Hours,60-75%
S2770,19,Male,12,1.7,78,Postgraduate,Yes,No,46,78,41,91,55.0,Average,Pass,55.0,0-2 Hours,75-90%
S2771,18,Male,12,5.5,55,High School,No,Yes,67,60,93,94,73.33,Good,Pass,73.33,4-6 Hours,Below 60%
S2772,14,Male,11,3.9,72,High School,Yes,No,85,70,37,76,64.0,Average,Pass,64.0,2-4 Hours,60-75%
S2773,15,Male,9,3.7,93,High School,Yes,Yes,61,83,66,90,70.0,Good,Pass,70.0,2-4 Hours,90-100%
S2774,15,Female,9,5.4,69,Graduate,Yes,No,70,82,71,68,74.33,Good,Pass,74.33,4-6 Hours,60-75%
S2775,14,Male,9,3.9,97,Graduate,No,Yes,44,68,60,68,57.33,Average,Pass,57.33,2-4 Hours,90-100%
S2776,16,Female,11,2.2,82,Graduate,No,No,51,56,61,74,56.0,Average,Pass,56.0,2-4 Hours,75-90%
S2777,19,Female,11,5.5,88,Graduate,No,No,87,65,48,48,66.67,Good,Pass,66.67,4-6 Hours,75-90%
S2778,18,Female,12,5.1,95,Graduate,Yes,Yes,97,49,42,43,62.67,Average,Pass,62.67,4-6 Hours,90-100%
S2779,16,Female,9,1.4,65,Postgraduate,No,No,39,66,80,47,61.67,Average,Pass,61.67,0-2 Hours,60-75%
S2780,15,Female,11,0.6,57,Graduate,No,No,59,71,42,67,57.33,Average,Pass,57.33,0-2 Hours,Below 60%
S2781,18,Female,11,2.6,67,Postgraduate,Yes,Yes,92,43,60,82,65.0,Average,Pass,65.0,2-4 Hours,60-75%
S2782,14,Male,10,2.5,88,High School,Yes,Yes,73,85,40,69,66.0,Good,Pass,66.0,2-4 Hours,75-90%
S2783,18,Female,11,2.2,70,High School,Yes,Yes,38,48,45,74,43.67,Poor,Fail,43.67,2-4 Hours,60-75%
S2784,14,Male,11,4.1,69,Graduate,Yes,No,72,99,93,77,88.0,Excellent,Pass,88.0,4-6 Hours,60-75%
S2785,16,Male,11,0.9,54,Postgraduate,No,No,62,77,79,79,72.67,Good,Pass,72.67,0-2 Hours,Below 60%
S2786,15,Female,10,5.6,67,Graduate,Yes,No,55,74,76,83,68.33,Good,Pass,68.33,4-6 Hours,60-75%
S2787,19,Female,10,2.8,66,Postgraduate,Yes,Yes,64,92,47,74,67.67,Good,Pass,67.67,2-4 Hours,60-75%
S2788,14,Female,12,1.5,57,Postgraduate,No,No,36,71,69,92,58.67,Average,Pass,58.67,0-2 Hours,Below 60%
S2789,16,Female,10,5.0,57,Graduate,Yes,Yes,71,94,70,51,78.33,Good,Pass,78.33,4-6 Hours,Below 60%
S2790,19,Female,12,1.9,92,Postgraduate,Yes,No,86,76,50,41,70.67,Good,Pass,70.67,0-2 Hours,90-100%
S2791,17,Male,10,4.7,98,High School,No,No,71,35,83,46,63.0,Average,Pass,63.0,4-6 Hours,90-100%
S2792,18,Female,11,5.5,87,High School,No,Yes,65,44,65,69,58.0,Average,Pass,58.0,4-6 Hours,75-90%
S2793,18,Female,11,1.1,69,Graduate,No,No,80,84,94,57,86.0,Excellent,Pass,86.0,0-2 Hours,60-75%
S2794,18,Female,12,4.0,69,Graduate,Yes,No,54,50,47,78,50.33,Average,Pass,50.33,2-4 Hours,60-75%
S2795,14,Male,9,0.8,67,Postgraduate,Yes,Yes,49,78,95,80,74.0,Good,Pass,74.0,0-2 Hours,60-75%
S2796,19,Female,11,0.7,62,Graduate,Yes,Yes,41,85,83,73,69.67,Good,Pass,69.67,0-2 Hours,60-75%
S2797,19,Male,11,2.5,72,Postgraduate,Yes,Yes,88,66,36,76,63.33,Average,Pass,63.33,2-4 Hours,60-75%
S2798,16,Female,11,2.8,62,Postgraduate,No,No,67,93,73,67,77.67,Good,Pass,77.67,2-4 Hours,60-75%
S2799,16,Female,12,2.2,77,Postgraduate,Yes,Yes,81,81,66,50,76.0,Good,Pass,76.0,2-4 Hours,75-90%
S2800,14,Male,9,5.4,84,Postgraduate,No,No,46,51,50,44,49.0,Poor,Fail,49.0,4-6 Hours,75-90%
S2801,16,Female,11,1.1,56,Graduate,No,Yes,53,99,49,64,67.0,Good,Pass,67.0,0-2 Hours,Below 60%
S2802,16,Male,9,2.6,69,High School,Yes,Yes,75,70,84,57,76.33,Good,Pass,76.33,2-4 Hours,60-75%
S2803,14,Male,10,4.9,69,Postgraduate,Yes,No,75,82,89,79,82.0,Excellent,Pass,82.0,4-6 Hours,60-75%
S2804,17,Female,9,3.0,50,Graduate,No,No,70,93,87,45,83.33,Excellent,Pass,83.33,2-4 Hours,Below 60%
S2805,19,Female,12,4.0,72,Postgraduate,No,Yes,40,84,69,54,64.33,Average,Pass,64.33,2-4 Hours,60-75%
S2806,19,Female,9,3.5,66,Postgraduate,Yes,Yes,83,95,82,71,86.67,Excellent,Pass,86.67,2-4 Hours,60-75%
S2807,19,Female,9,3.7,81,Graduate,Yes,No,44,97,67,47,69.33,Good,Pass,69.33,2-4 Hours,75-90%
S2808,14,Male,11,5.5,88,Postgraduate,No,Yes,84,71,59,66,71.33,Good,Pass,71.33,4-6 Hours,75-90%
S2809,16,Male,10,4.8,99,Graduate,Yes,No,63,90,45,68,66.0,Good,Pass,66.0,4-6 Hours,90-100%
S2810,17,Male,10,1.1,82,High School,No,No,100,36,47,43,61.0,Average,Pass,61.0,0-2 Hours,75-90%
S2811,19,Male,11,2.0,76,Postgraduate,Yes,Yes,81,64,46,66,63.67,Average,Pass,63.67,0-2 Hours,75-90%
S2812,15,Female,12,4.1,70,High School,Yes,No,100,53,57,50,70.0,Good,Pass,70.0,4-6 Hours,60-75%
S2813,14,Female,10,1.8,85,Graduate,Yes,Yes,57,82,71,81,70.0,Good,Pass,70.0,0-2 Hours,75-90%
S2814,17,Female,10,3.5,76,Graduate,No,No,85,90,67,63,80.67,Good,Pass,80.67,2-4 Hours,75-90%
S2815,14,Male,10,5.7,77,Postgraduate,Yes,No,64,87,42,75,64.33,Average,Pass,64.33,4-6 Hours,75-90%
S2816,14,Male,12,0.9,97,Graduate,No,Yes,62,71,78,67,70.33,Good,Pass,70.33,0-2 Hours,90-100%
S2817,17,Male,12,5.3,53,Graduate,Yes,Yes,39,66,92,75,65.67,Average,Pass,65.67,4-6 Hours,Below 60%
S2818,19,Female,12,4.3,57,Graduate,Yes,Yes,56,72,80,83,69.33,Good,Pass,69.33,4-6 Hours,Below 60%
S2819,17,Female,11,1.5,64,Postgraduate,No,Yes,98,41,76,70,71.67,Good,Pass,71.67,0-2 Hours,60-75%
S2820,16,Male,10,5.2,69,Graduate,Yes,Yes,76,84,61,48,73.67,Good,Pass,73.67,4-6 Hours,60-75%
S2821,18,Female,12,2.2,69,Graduate,No,Yes,74,63,64,68,67.0,Good,Pass,67.0,2-4 Hours,60-75%
S2822,14,Female,12,1.3,72,High School,No,No,98,42,100,59,80.0,Good,Pass,80.0,0-2 Hours,60-75%
S2823,15,Male,10,2.2,89,High School,No,Yes,87,44,80,83,70.33,Good,Pass,70.33,2-4 Hours,75-90%
S2824,14,Female,10,5.4,73,Graduate,Yes,Yes,79,46,87,53,70.67,Good,Pass,70.67,4-6 Hours,60-75%
S2825,15,Male,12,0.8,79,Graduate,Yes,Yes,59,82,51,51,64.0,Average,Pass,64.0,0-2 Hours,75-90%
S2826,15,Female,12,5.9,84,Graduate,No,No,50,75,55,90,60.0,Average,Pass,60.0,4-6 Hours,75-90%
S2827,16,Female,9,2.1,88,Postgraduate,No,No,44,62,92,92,66.0,Good,Pass,66.0,2-4 Hours,75-90%
S2828,16,Male,9,3.8,78,Graduate,Yes,Yes,66,48,47,88,53.67,Average,Pass,53.67,2-4 Hours,75-90%
S2829,16,Female,9,2.6,88,Postgraduate,Yes,No,89,36,66,49,63.67,Average,Pass,63.67,2-4 Hours,75-90%
S2830,16,Male,9,5.9,85,Postgraduate,Yes,No,39,48,76,54,54.33,Average,Pass,54.33,4-6 Hours,75-90%
S2831,19,Male,10,3.9,66,Graduate,No,Yes,94,39,58,42,63.67,Average,Pass,63.67,2-4 Hours,60-75%
S2832,19,Female,11,3.7,74,High School,Yes,Yes,63,51,68,56,60.67,Average,Pass,60.67,2-4 Hours,60-75%
S2833,16,Male,9,4.4,66,High School,Yes,No,52,88,37,68,59.0,Average,Pass,59.0,4-6 Hours,60-75%
S2834,19,Male,10,4.0,52,Graduate,No,No,100,99,38,68,79.0,Good,Pass,79.0,2-4 Hours,Below 60%
S2835,15,Male,12,0.8,58,High School,No,Yes,91,77,48,46,72.0,Good,Pass,72.0,0-2 Hours,Below 60%
S2836,19,Male,12,0.7,93,Postgraduate,Yes,Yes,78,94,100,53,90.67,Excellent,Pass,90.67,0-2 Hours,90-100%
S2837,14,Male,9,4.0,77,Postgraduate,Yes,No,57,47,50,91,51.33,Average,Pass,51.33,2-4 Hours,75-90%
S2838,15,Female,9,5.4,97,Postgraduate,Yes,Yes,39,99,35,47,57.67,Average,Pass,57.67,4-6 Hours,90-100%
S2839,15,Male,11,1.2,60,Graduate,Yes,Yes,99,60,96,64,85.0,Excellent,Pass,85.0,0-2 Hours,Below 60%
S2840,19,Male,9,2.4,97,Graduate,Yes,No,40,77,82,93,66.33,Good,Pass,66.33,2-4 Hours,90-100%
S2841,14,Female,12,1.9,68,Postgraduate,No,No,98,70,68,68,78.67,Good,Pass,78.67,0-2 Hours,60-75%
S2842,14,Male,11,1.2,95,High School,Yes,No,38,100,93,71,77.0,Good,Pass,77.0,0-2 Hours,90-100%
S2843,17,Male,12,1.8,91,Postgraduate,No,Yes,94,53,41,94,62.67,Average,Pass,62.67,0-2 Hours,90-100%
S2844,16,Male,11,3.2,78,High School,Yes,Yes,89,56,72,42,72.33,Good,Pass,72.33,2-4 Hours,75-90%
S2845,15,Male,9,3.1,80,Graduate,Yes,No,49,71,80,55,66.67,Good,Pass,66.67,2-4 Hours,75-90%
S2846,18,Male,9,4.9,90,Postgraduate,Yes,No,83,99,79,57,87.0,Excellent,Pass,87.0,4-6 Hours,75-90%
S2847,16,Female,9,1.7,75,High School,Yes,No,89,42,91,83,74.0,Good,Pass,74.0,0-2 Hours,60-75%
S2848,16,Female,11,2.6,97,Graduate,No,No,73,82,54,48,69.67,Good,Pass,69.67,2-4 Hours,90-100%
S2849,17,Male,9,1.3,76,High School,No,No,51,83,63,72,65.67,Average,Pass,65.67,0-2 Hours,75-90%
S2850,18,Male,12,4.8,85,High School,No,No,99,77,99,82,91.67,Excellent,Pass,91.67,4-6 Hours,75-90%
S2851,15,Female,10,5.4,76,High School,Yes,Yes,57,80,96,53,77.67,Good,Pass,77.67,4-6 Hours,75-90%
S2852,17,Female,12,0.7,63,Graduate,Yes,No,64,65,73,78,67.33,Good,Pass,67.33,0-2 Hours,60-75%
S2853,17,Male,12,2.7,95,Postgraduate,No,No,88,86,85,48,86.33,Excellent,Pass,86.33,2-4 Hours,90-100%
S2854,17,Male,12,3.1,70,Graduate,No,Yes,51,97,83,88,77.0,Good,Pass,77.0,2-4 Hours,60-75%
S2855,16,Male,12,4.8,81,Graduate,No,Yes,69,75,40,43,61.33,Average,Pass,61.33,4-6 Hours,75-90%
S2856,15,Female,12,2.5,89,Graduate,Yes,Yes,53,50,87,81,63.33,Average,Pass,63.33,2-4 Hours,75-90%
S2857,18,Female,9,0.6,97,Postgraduate,Yes,No,69,55,94,57,72.67,Good,Pass,72.67,0-2 Hours,90-100%
S2858,19,Male,10,4.9,68,Graduate,No,No,79,51,63,68,64.33,Average,Pass,64.33,4-6 Hours,60-75%
S2859,14,Male,12,4.4,86,Graduate,No,No,39,84,65,67,62.67,Average,Pass,62.67,4-6 Hours,75-90%
S2860,15,Female,11,3.7,77,Postgraduate,Yes,Yes,82,55,54,43,63.67,Average,Pass,63.67,2-4 Hours,75-90%
S2861,17,Male,12,4.7,72,Postgraduate,No,No,72,86,95,73,84.33,Excellent,Pass,84.33,4-6 Hours,60-75%
S2862,19,Male,11,2.8,85,Postgraduate,Yes,No,37,65,72,95,58.0,Average,Pass,58.0,2-4 Hours,75-90%
S2863,14,Male,12,4.9,62,Postgraduate,No,Yes,37,52,52,73,47.0,Poor,Fail,47.0,4-6 Hours,60-75%
S2864,16,Male,10,2.1,52,Postgraduate,Yes,No,53,80,44,47,59.0,Average,Pass,59.0,2-4 Hours,Below 60%
S2865,18,Male,11,4.2,52,Postgraduate,Yes,No,43,46,96,71,61.67,Average,Pass,61.67,4-6 Hours,Below 60%
S2866,18,Male,9,5.2,63,Graduate,No,No,79,76,61,42,72.0,Good,Pass,72.0,4-6 Hours,60-75%
S2867,14,Female,12,1.4,58,Graduate,No,No,91,73,35,67,66.33,Good,Pass,66.33,0-2 Hours,Below 60%
S2868,16,Male,9,3.3,77,Graduate,No,No,61,64,100,61,75.0,Good,Pass,75.0,2-4 Hours,75-90%
S2869,19,Female,9,0.6,96,Postgraduate,No,No,66,57,69,86,64.0,Average,Pass,64.0,0-2 Hours,90-100%
S2870,18,Female,11,1.3,99,High School,No,Yes,98,70,78,52,82.0,Excellent,Pass,82.0,0-2 Hours,90-100%
S2871,17,Female,11,3.2,98,Postgraduate,No,No,48,67,96,55,70.33,Good,Pass,70.33,2-4 Hours,90-100%
S2872,19,Female,12,4.1,99,High School,No,No,60,55,46,59,53.67,Average,Pass,53.67,4-6 Hours,90-100%
S2873,16,Female,12,5.6,61,Postgraduate,Yes,Yes,65,69,90,82,74.67,Good,Pass,74.67,4-6 Hours,60-75%
S2874,16,Female,12,0.6,70,Postgraduate,No,No,60,52,94,53,68.67,Good,Pass,68.67,0-2 Hours,60-75%
S2875,15,Female,12,0.9,68,Graduate,Yes,No,92,81,56,93,76.33,Good,Pass,76.33,0-2 Hours,60-75%
S2876,17,Male,11,0.8,53,High School,No,Yes,93,78,97,42,89.33,Excellent,Pass,89.33,0-2 Hours,Below 60%
S2877,15,Male,10,1.1,89,Graduate,No,No,52,66,63,48,60.33,Average,Pass,60.33,0-2 Hours,75-90%
S2878,18,Male,10,2.6,74,Postgraduate,No,No,74,77,62,59,71.0,Good,Pass,71.0,2-4 Hours,60-75%
S2879,17,Female,10,2.9,58,High School,Yes,No,73,59,92,94,74.67,Good,Pass,74.67,2-4 Hours,Below 60%
S2880,17,Male,10,2.7,86,Postgraduate,No,No,78,56,87,95,73.67,Good,Pass,73.67,2-4 Hours,75-90%
S2881,18,Male,11,2.5,100,Graduate,Yes,No,86,58,81,95,75.0,Good,Pass,75.0,2-4 Hours,90-100%
S2882,16,Male,11,3.4,76,High School,Yes,No,50,67,70,86,62.33,Average,Pass,62.33,2-4 Hours,75-90%
S2883,14,Female,11,1.5,50,Graduate,No,No,76,42,93,80,70.33,Good,Pass,70.33,0-2 Hours,Below 60%
S2884,15,Female,9,1.8,62,Graduate,No,No,89,39,41,82,56.33,Average,Pass,56.33,0-2 Hours,60-75%
S2885,18,Male,9,5.0,84,High School,Yes,Yes,66,67,79,92,70.67,Good,Pass,70.67,4-6 Hours,75-90%
S2886,18,Male,12,4.5,53,Postgraduate,No,No,39,63,67,58,56.33,Average,Pass,56.33,4-6 Hours,Below 60%
S2887,15,Female,11,4.6,52,High School,Yes,No,73,46,82,46,67.0,Good,Pass,67.0,4-6 Hours,Below 60%
S2888,15,Female,10,4.8,63,High School,No,Yes,75,97,70,52,80.67,Good,Pass,80.67,4-6 Hours,60-75%
S2889,17,Female,12,1.8,96,Graduate,No,Yes,51,98,72,90,73.67,Good,Pass,73.67,0-2 Hours,90-100%
S2890,19,Female,12,3.7,76,High School,No,No,65,55,90,55,70.0,Good,Pass,70.0,2-4 Hours,75-90%
S2891,19,Female,11,4.4,75,High School,No,No,87,64,97,94,82.67,Excellent,Pass,82.67,4-6 Hours,60-75%
S2892,17,Male,11,5.7,99,Graduate,Yes,Yes,70,68,94,72,77.33,Good,Pass,77.33,4-6 Hours,90-100%
S2893,18,Male,12,6.0,63,High School,No,Yes,67,71,71,66,69.67,Good,Pass,69.67,4-6 Hours,60-75%
S2894,15,Female,12,3.0,77,Graduate,No,Yes,95,74,94,59,87.67,Excellent,Pass,87.67,2-4 Hours,75-90%
S2895,17,Male,9,2.3,77,Graduate,No,No,95,51,84,61,76.67,Good,Pass,76.67,2-4 Hours,75-90%
S2896,16,Male,9,4.0,73,High School,Yes,Yes,51,66,77,62,64.67,Average,Pass,64.67,2-4 Hours,60-75%
S2897,17,Female,10,5.8,72,Postgraduate,No,No,86,68,59,41,71.0,Good,Pass,71.0,4-6 Hours,60-75%
S2898,16,Male,10,3.2,81,High School,Yes,No,67,47,71,48,61.67,Average,Pass,61.67,2-4 Hours,75-90%
S2899,19,Female,12,4.3,90,Postgraduate,No,Yes,96,100,62,82,86.0,Excellent,Pass,86.0,4-6 Hours,75-90%
S2900,19,Female,9,3.6,50,High School,No,Yes,61,80,90,68,77.0,Good,Pass,77.0,2-4 Hours,Below 60%
S2901,19,Male,10,3.6,73,High School,No,Yes,92,48,57,85,65.67,Average,Pass,65.67,2-4 Hours,60-75%
S2902,15,Female,10,3.1,76,High School,No,No,42,60,40,90,47.33,Poor,Fail,47.33,2-4 Hours,75-90%
S2903,19,Female,10,2.3,72,Postgraduate,No,Yes,52,75,83,51,70.0,Good,Pass,70.0,2-4 Hours,60-75%
S2904,14,Female,10,4.2,77,Postgraduate,Yes,Yes,67,42,100,61,69.67,Good,Pass,69.67,4-6 Hours,75-90%
S2905,17,Male,11,3.1,79,Graduate,Yes,No,54,94,93,43,80.33,Good,Pass,80.33,2-4 Hours,75-90%
S2906,14,Female,12,2.2,89,Graduate,Yes,Yes,85,56,99,71,80.0,Good,Pass,80.0,2-4 Hours,75-90%
S2907,16,Male,9,4.3,85,Graduate,No,No,81,52,71,84,68.0,Good,Pass,68.0,4-6 Hours,75-90%
S2908,19,Female,10,4.0,54,High School,Yes,No,73,71,83,61,75.67,Good,Pass,75.67,2-4 Hours,Below 60%
S2909,15,Female,9,2.2,93,Graduate,Yes,Yes,45,78,49,60,57.33,Average,Pass,57.33,2-4 Hours,90-100%
S2910,19,Male,11,4.8,92,High School,No,Yes,65,43,71,84,59.67,Average,Pass,59.67,4-6 Hours,90-100%
S2911,14,Female,9,5.2,72,Postgraduate,No,No,72,65,48,87,61.67,Average,Pass,61.67,4-6 Hours,60-75%
S2912,14,Female,9,3.6,55,Postgraduate,Yes,Yes,94,58,97,51,83.0,Excellent,Pass,83.0,2-4 Hours,Below 60%
S2913,19,Female,9,2.8,79,High School,No,Yes,55,44,57,66,52.0,Average,Pass,52.0,2-4 Hours,75-90%
S2914,17,Female,10,3.5,70,Graduate,No,No,88,52,91,52,77.0,Good,Pass,77.0,2-4 Hours,60-75%
S2915,19,Male,11,5.5,83,Graduate,Yes,Yes,78,56,82,92,72.0,Good,Pass,72.0,4-6 Hours,75-90%
S2916,17,Female,9,0.9,92,High School,Yes,No,45,38,75,73,52.67,Average,Pass,52.67,0-2 Hours,90-100%
S2917,17,Female,10,0.7,70,Graduate,Yes,Yes,41,49,66,89,52.0,Average,Pass,52.0,0-2 Hours,60-75%
S2918,15,Male,11,0.6,77,Graduate,No,Yes,65,53,87,58,68.33,Good,Pass,68.33,0-2 Hours,75-90%
S2919,16,Male,11,3.2,81,Graduate,No,No,42,87,60,93,63.0,Average,Pass,63.0,2-4 Hours,75-90%
S2920,18,Male,11,3.7,65,High School,No,Yes,51,57,35,81,47.67,Poor,Fail,47.67,2-4 Hours,60-75%
S2921,16,Female,11,1.4,57,Postgraduate,No,No,50,65,70,75,61.67,Average,Pass,61.67,0-2 Hours,Below 60%
S2922,17,Male,9,4.4,74,Graduate,Yes,No,78,82,71,61,77.0,Good,Pass,77.0,4-6 Hours,60-75%
S2923,15,Male,11,4.9,97,High School,Yes,No,78,61,88,68,75.67,Good,Pass,75.67,4-6 Hours,90-100%
S2924,14,Male,9,4.5,97,Postgraduate,Yes,Yes,71,35,98,48,68.0,Good,Pass,68.0,4-6 Hours,90-100%
S2925,16,Male,10,3.6,74,High School,Yes,No,80,76,82,41,79.33,Good,Pass,79.33,2-4 Hours,60-75%
S2926,17,Male,12,1.8,76,High School,No,Yes,78,45,59,62,60.67,Average,Pass,60.67,0-2 Hours,75-90%
S2927,14,Female,9,5.1,55,Graduate,Yes,No,63,93,77,49,77.67,Good,Pass,77.67,4-6 Hours,Below 60%
S2928,17,Male,9,1.5,97,Graduate,Yes,No,60,49,35,48,48.0,Poor,Fail,48.0,0-2 Hours,90-100%
S2929,17,Female,10,5.1,55,High School,Yes,Yes,53,88,50,59,63.67,Average,Pass,63.67,4-6 Hours,Below 60%
S2930,17,Male,9,4.6,65,Postgraduate,Yes,Yes,46,97,37,75,60.0,Average,Pass,60.0,4-6 Hours,60-75%
S2931,16,Male,11,2.5,76,Postgraduate,Yes,Yes,94,78,99,74,90.33,Excellent,Pass,90.33,2-4 Hours,75-90%
S2932,17,Female,12,5.1,69,Graduate,Yes,No,38,39,95,67,57.33,Average,Pass,57.33,4-6 Hours,60-75%
S2933,15,Female,9,2.2,59,Graduate,Yes,Yes,88,57,41,69,62.0,Average,Pass,62.0,2-4 Hours,Below 60%
S2934,17,Male,11,5.0,50,Postgraduate,No,Yes,56,52,43,59,50.33,Average,Pass,50.33,4-6 Hours,Below 60%
S2935,15,Male,9,1.4,80,Postgraduate,No,No,97,81,96,45,91.33,Excellent,Pass,91.33,0-2 Hours,75-90%
S2936,18,Male,11,3.3,97,Graduate,No,No,50,47,72,59,56.33,Average,Pass,56.33,2-4 Hours,90-100%
S2937,18,Male,11,5.8,74,Postgraduate,Yes,No,41,74,93,65,69.33,Good,Pass,69.33,4-6 Hours,60-75%
S2938,15,Male,9,2.0,80,Postgraduate,No,Yes,97,48,66,77,70.33,Good,Pass,70.33,0-2 Hours,75-90%
S2939,15,Male,10,5.9,81,Graduate,Yes,Yes,75,45,65,90,61.67,Average,Pass,61.67,4-6 Hours,75-90%
S2940,14,Male,11,1.2,62,Graduate,Yes,No,60,99,52,91,70.33,Good,Pass,70.33,0-2 Hours,60-75%
S2941,14,Female,12,3.5,69,Graduate,Yes,No,81,53,64,42,66.0,Good,Pass,66.0,2-4 Hours,60-75%
S2942,17,Male,11,2.3,80,Graduate,Yes,No,92,59,60,45,70.33,Good,Pass,70.33,2-4 Hours,75-90%
S2943,18,Female,11,4.2,81,Graduate,Yes,Yes,62,58,66,43,62.0,Average,Pass,62.0,4-6 Hours,75-90%
S2944,18,Male,11,3.6,67,Graduate,No,Yes,63,85,85,44,77.67,Good,Pass,77.67,2-4 Hours,60-75%
S2945,19,Male,12,3.9,54,Graduate,No,No,90,52,93,91,78.33,Good,Pass,78.33,2-4 Hours,Below 60%
S2946,16,Male,9,1.6,68,Graduate,Yes,Yes,46,69,39,59,51.33,Average,Pass,51.33,0-2 Hours,60-75%
S2947,18,Male,11,5.3,84,High School,No,Yes,89,94,49,74,77.33,Good,Pass,77.33,4-6 Hours,75-90%
S2948,16,Female,10,3.6,58,Graduate,No,Yes,73,88,69,86,76.67,Good,Pass,76.67,2-4 Hours,Below 60%
S2949,15,Female,10,0.7,95,Graduate,No,No,69,81,40,74,63.33,Average,Pass,63.33,0-2 Hours,90-100%
S2950,19,Male,10,3.9,97,High School,No,Yes,92,37,77,87,68.67,Good,Pass,68.67,2-4 Hours,90-100%
S2951,19,Male,10,6.0,88,High School,Yes,Yes,71,57,56,94,61.33,Average,Pass,61.33,4-6 Hours,75-90%
S2952,14,Female,9,5.7,74,Postgraduate,No,No,80,60,54,91,64.67,Average,Pass,64.67,4-6 Hours,60-75%
S2953,15,Male,9,2.8,93,High School,No,No,89,98,39,83,75.33,Good,Pass,75.33,2-4 Hours,90-100%
S2954,17,Female,12,2.2,66,Postgraduate,Yes,Yes,98,55,90,81,81.0,Excellent,Pass,81.0,2-4 Hours,60-75%
S2955,19,Female,9,5.9,73,Postgraduate,Yes,No,95,45,56,65,65.33,Average,Pass,65.33,4-6 Hours,60-75%
S2956,17,Male,12,1.1,51,High School,No,Yes,37,83,39,73,53.0,Average,Pass,53.0,0-2 Hours,Below 60%
S2957,18,Male,12,3.9,91,Postgraduate,Yes,Yes,59,97,97,51,84.33,Excellent,Pass,84.33,2-4 Hours,90-100%
S2958,16,Male,9,5.0,67,Postgraduate,Yes,Yes,68,47,92,65,69.0,Good,Pass,69.0,4-6 Hours,60-75%
S2959,18,Male,10,2.0,97,Postgraduate,No,Yes,83,72,69,89,74.67,Good,Pass,74.67,0-2 Hours,90-100%
S2960,19,Male,12,4.0,71,High School,No,Yes,39,95,76,51,70.0,Good,Pass,70.0,2-4 Hours,60-75%
S2961,14,Male,12,5.2,69,Postgraduate,No,Yes,90,37,57,69,61.33,Average,Pass,61.33,4-6 Hours,60-75%
S2962,18,Female,12,4.3,56,High School,Yes,No,66,65,84,53,71.67,Good,Pass,71.67,4-6 Hours,Below 60%
S2963,19,Male,9,1.5,78,Postgraduate,Yes,No,83,50,91,68,74.67,Good,Pass,74.67,0-2 Hours,75-90%
S2964,15,Female,12,3.3,61,Graduate,No,Yes,76,45,35,89,52.0,Average,Pass,52.0,2-4 Hours,60-75%
S2965,14,Female,9,1.9,94,High School,Yes,Yes,83,82,56,69,73.67,Good,Pass,73.67,0-2 Hours,90-100%
S2966,17,Male,12,4.3,71,High School,No,Yes,71,67,90,40,76.0,Good,Pass,76.0,4-6 Hours,60-75%
S2967,14,Female,10,2.0,59,High School,Yes,No,38,65,36,62,46.33,Poor,Fail,46.33,0-2 Hours,Below 60%
S2968,18,Male,10,0.6,81,High School,No,No,73,67,72,44,70.67,Good,Pass,70.67,0-2 Hours,75-90%
S2969,14,Female,10,2.7,89,High School,No,No,61,67,76,90,68.0,Good,Pass,68.0,2-4 Hours,75-90%
S2970,19,Female,9,0.7,54,Postgraduate,No,No,86,76,91,41,84.33,Excellent,Pass,84.33,0-2 Hours,Below 60%
S2971,19,Female,11,1.3,90,High School,No,Yes,52,87,84,43,74.33,Good,Pass,74.33,0-2 Hours,75-90%
S2972,15,Female,12,3.2,53,Postgraduate,No,Yes,98,89,49,80,78.67,Good,Pass,78.67,2-4 Hours,Below 60%
S2973,14,Male,12,4.4,95,High School,No,Yes,64,42,87,40,64.33,Average,Pass,64.33,4-6 Hours,90-100%
S2974,17,Female,9,0.8,53,Graduate,Yes,No,69,55,99,51,74.33,Good,Pass,74.33,0-2 Hours,Below 60%
S2975,15,Female,10,3.9,64,High School,Yes,Yes,73,98,81,90,84.0,Excellent,Pass,84.0,2-4 Hours,60-75%
S2976,19,Female,12,2.4,78,Postgraduate,Yes,Yes,83,83,71,51,79.0,Good,Pass,79.0,2-4 Hours,75-90%
S2977,16,Male,9,1.7,67,High School,Yes,Yes,66,94,44,95,68.0,Good,Pass,68.0,0-2 Hours,60-75%
S2978,14,Female,9,4.9,63,High School,Yes,No,39,65,95,81,66.33,Good,Pass,66.33,4-6 Hours,60-75%
S2979,19,Female,10,1.2,59,Postgraduate,No,Yes,38,93,68,56,66.33,Good,Pass,66.33,0-2 Hours,Below 60%
S2980,14,Male,12,1.9,69,Graduate,Yes,Yes,65,67,63,58,65.0,Average,Pass,65.0,0-2 Hours,60-75%
S2981,17,Male,9,2.8,90,High School,Yes,No,62,41,100,95,67.67,Good,Pass,67.67,2-4 Hours,75-90%
S2982,19,Male,11,2.7,59,Graduate,Yes,Yes,78,49,43,88,56.67,Average,Pass,56.67,2-4 Hours,Below 60%
S2983,14,Male,10,3.2,97,Graduate,Yes,Yes,94,64,100,75,86.0,Excellent,Pass,86.0,2-4 Hours,90-100%
S2984,14,Female,12,2.5,99,Graduate,Yes,Yes,80,63,93,83,78.67,Good,Pass,78.67,2-4 Hours,90-100%
S2985,18,Male,9,1.1,54,Graduate,No,No,88,62,69,49,73.0,Good,Pass,73.0,0-2 Hours,Below 60%
S2986,15,Female,9,2.8,64,High School,Yes,No,54,73,65,51,64.0,Average,Pass,64.0,2-4 Hours,60-75%
S2987,14,Male,11,2.8,62,Postgraduate,Yes,Yes,72,59,48,63,59.67,Average,Pass,59.67,2-4 Hours,60-75%
S2988,15,Male,11,3.1,59,Graduate,Yes,No,88,76,99,65,87.67,Excellent,Pass,87.67,2-4 Hours,Below 60%
S2989,14,Female,9,1.0,92,High School,No,Yes,44,40,85,53,56.33,Average,Pass,56.33,0-2 Hours,90-100%
S2990,16,Male,9,2.4,55,Graduate,Yes,No,87,54,45,69,62.0,Average,Pass,62.0,2-4 Hours,Below 60%
S2991,15,Male,9,5.1,75,Graduate,Yes,No,72,89,98,80,86.33,Excellent,Pass,86.33,4-6 Hours,60-75%
S2992,15,Male,12,2.4,56,Graduate,Yes,Yes,40,97,44,42,60.33,Average,Pass,60.33,2-4 Hours,Below 60%
S2993,18,Male,11,0.8,54,Graduate,Yes,No,96,69,96,62,87.0,Excellent,Pass,87.0,0-2 Hours,Below 60%
S2994,18,Male,9,4.3,56,High School,Yes,Yes,64,82,58,89,68.0,Good,Pass,68.0,4-6 Hours,Below 60%
S2995,18,Male,9,6.0,94,Graduate,Yes,Yes,93,72,45,90,70.0,Good,Pass,70.0,4-6 Hours,90-100%
S2996,18,Female,10,2.8,59,Postgraduate,Yes,No,88,57,36,66,60.33,Average,Pass,60.33,2-4 Hours,Below 60%
S2997,15,Female,10,0.6,78,Graduate,No,Yes,66,82,47,44,65.0,Average,Pass,65.0,0-2 Hours,75-90%
S2998,16,Female,12,4.7,74,High School,Yes,Yes,65,94,43,57,67.33,Good,Pass,67.33,4-6 Hours,60-75%
S2999,19,Female,10,3.0,92,High School,No,No,54,62,56,54,57.33,Average,Pass,57.33,2-4 Hours,90-100%
S3000,19,Male,9,5.3,70,High School,Yes,Yes,52,64,65,60,60.33,Average,Pass,60.33,4-6 Hours,60-75%
S3001,17,Male,12,3.8,83,Postgraduate,No,No,59,70,85,69,71.33,Good,Pass,71.33,2-4 Hours,75-90%
S3002,14,Male,11,3.3,92,Postgraduate,Yes,No,94,82,48,54,74.67,Good,Pass,74.67,2-4 Hours,90-100%
S3003,14,Female,12,3.9,67,Graduate,Yes,Yes,68,94,90,55,84.0,Excellent,Pass,84.0,2-4 Hours,60-75%
S3004,18,Female,10,2.8,67,High School,No,Yes,79,37,41,89,52.33,Average,Pass,52.33,2-4 Hours,60-75%
S3005,18,Female,9,2.9,92,High School,Yes,Yes,63,62,95,64,73.33,Good,Pass,73.33,2-4 Hours,90-100%
S3006,19,Female,9,5.6,85,Postgraduate,No,Yes,35,41,53,79,43.0,Poor,Fail,43.0,4-6 Hours,75-90%
S3007,18,Male,11,2.2,68,Graduate,Yes,Yes,85,86,57,60,76.0,Good,Pass,76.0,2-4 Hours,60-75%
S3008,16,Female,9,1.9,65,High School,No,Yes,57,97,82,76,78.67,Good,Pass,78.67,0-2 Hours,60-75%
S3009,19,Female,10,1.0,50,Postgraduate,Yes,Yes,49,57,62,84,56.0,Average,Pass,56.0,0-2 Hours,Below 60%
S3010,15,Female,10,4.8,50,High School,No,Yes,75,69,72,60,72.0,Good,Pass,72.0,4-6 Hours,Below 60%
S3011,14,Male,9,2.1,61,Postgraduate,Yes,Yes,77,67,57,95,67.0,Good,Pass,67.0,2-4 Hours,60-75%
S3012,16,Male,12,3.0,57,High School,No,No,94,99,52,65,81.67,Excellent,Pass,81.67,2-4 Hours,Below 60%
S3013,18,Male,11,4.3,53,Graduate,No,Yes,71,62,40,57,57.67,Average,Pass,57.67,4-6 Hours,Below 60%
S3014,18,Female,10,1.9,65,Postgraduate,No,Yes,42,74,62,72,59.33,Average,Pass,59.33,0-2 Hours,60-75%
S3015,14,Female,12,3.4,72,Graduate,Yes,No,42,72,38,53,50.67,Average,Pass,50.67,2-4 Hours,60-75%
S3016,15,Female,11,5.5,78,High School,No,No,69,55,35,95,53.0,Average,Pass,53.0,4-6 Hours,75-90%
S3017,15,Female,10,5.6,93,Graduate,Yes,No,96,67,91,84,84.67,Excellent,Pass,84.67,4-6 Hours,90-100%
S3018,14,Female,9,3.3,96,Postgraduate,Yes,No,71,53,70,85,64.67,Average,Pass,64.67,2-4 Hours,90-100%
S3019,16,Female,11,2.2,71,Postgraduate,Yes,No,75,80,62,83,72.33,Good,Pass,72.33,2-4 Hours,60-75%
S3020,16,Male,10,5.6,61,High School,No,No,83,51,88,76,74.0,Good,Pass,74.0,4-6 Hours,60-75%
S3021,15,Female,11,4.3,64,High School,No,Yes,70,51,100,87,73.67,Good,Pass,73.67,4-6 Hours,60-75%
S3022,15,Female,10,4.5,71,Postgraduate,Yes,No,57,57,99,44,71.0,Good,Pass,71.0,4-6 Hours,60-75%
S3023,17,Male,12,3.0,74,Graduate,No,Yes,100,35,95,71,76.67,Good,Pass,76.67,2-4 Hours,60-75%
S3024,17,Female,10,5.0,94,Graduate,No,No,46,38,75,54,53.0,Average,Pass,53.0,4-6 Hours,90-100%
S3025,16,Male,12,4.3,61,Postgraduate,No,No,46,59,84,69,63.0,Average,Pass,63.0,4-6 Hours,60-75%
S3026,14,Female,10,1.9,80,High School,No,Yes,54,77,82,60,71.0,Good,Pass,71.0,0-2 Hours,75-90%
S3027,15,Female,12,3.7,67,Graduate,Yes,Yes,79,65,71,47,71.67,Good,Pass,71.67,2-4 Hours,60-75%
S3028,17,Male,9,0.9,91,High School,Yes,Yes,80,89,69,61,79.33,Good,Pass,79.33,0-2 Hours,90-100%
S3029,17,Female,10,4.0,83,High School,Yes,Yes,98,57,49,73,68.0,Good,Pass,68.0,2-4 Hours,75-90%
S3030,17,Female,11,4.2,76,High School,No,No,50,48,81,72,59.67,Average,Pass,59.67,4-6 Hours,75-90%
S3031,17,Male,10,1.0,67,Postgraduate,Yes,Yes,72,86,97,86,85.0,Excellent,Pass,85.0,0-2 Hours,60-75%
S3032,15,Female,11,5.2,81,High School,No,No,51,37,100,87,62.67,Average,Pass,62.67,4-6 Hours,75-90%
S3033,14,Male,12,1.6,53,Postgraduate,Yes,Yes,66,43,63,85,57.33,Average,Pass,57.33,0-2 Hours,Below 60%
S3034,14,Male,10,2.5,74,High School,Yes,Yes,45,48,56,88,49.67,Poor,Fail,49.67,2-4 Hours,60-75%
S3035,18,Male,12,4.0,71,Postgraduate,No,No,87,83,79,74,83.0,Excellent,Pass,83.0,2-4 Hours,60-75%
S3036,14,Female,10,2.7,81,Graduate,No,Yes,47,84,93,69,74.67,Good,Pass,74.67,2-4 Hours,75-90%
S3037,16,Male,9,1.7,70,Postgraduate,No,Yes,78,87,88,70,84.33,Excellent,Pass,84.33,0-2 Hours,60-75%
S3038,19,Male,12,3.4,76,High School,Yes,No,77,39,69,95,61.67,Average,Pass,61.67,2-4 Hours,75-90%
S3039,16,Male,10,3.1,76,Postgraduate,No,No,77,36,65,79,59.33,Average,Pass,59.33,2-4 Hours,75-90%
S3040,16,Female,11,1.4,98,High School,Yes,Yes,47,79,52,84,59.33,Average,Pass,59.33,0-2 Hours,90-100%
S3041,16,Male,11,5.2,84,High School,No,No,39,49,61,53,49.67,Poor,Fail,49.67,4-6 Hours,75-90%
S3042,19,Male,10,1.3,100,Postgraduate,Yes,Yes,84,37,71,72,64.0,Average,Pass,64.0,0-2 Hours,90-100%
S3043,18,Female,10,5.4,81,High School,No,No,55,58,71,55,61.33,Average,Pass,61.33,4-6 Hours,75-90%
S3044,19,Female,11,4.7,71,High School,No,Yes,43,44,54,61,47.0,Poor,Fail,47.0,4-6 Hours,60-75%
S3045,14,Male,10,0.7,71,Postgraduate,Yes,No,72,74,78,85,74.67,Good,Pass,74.67,0-2 Hours,60-75%
S3046,18,Female,12,1.3,78,High School,No,Yes,92,77,97,69,88.67,Excellent,Pass,88.67,0-2 Hours,75-90%
S3047,14,Male,9,1.9,52,Postgraduate,No,Yes,91,42,89,82,74.0,Good,Pass,74.0,0-2 Hours,Below 60%
S3048,15,Male,11,4.3,78,High School,No,Yes,51,56,58,52,55.0,Average,Pass,55.0,4-6 Hours,75-90%
S3049,16,Female,10,2.3,56,Postgraduate,No,Yes,75,41,47,87,54.33,Average,Pass,54.33,2-4 Hours,Below 60%
S3050,14,Female,11,2.0,96,Graduate,No,No,84,61,62,77,69.0,Good,Pass,69.0,0-2 Hours,90-100%
S3051,15,Female,9,4.5,51,Postgraduate,No,Yes,97,79,52,77,76.0,Good,Pass,76.0,4-6 Hours,Below 60%
S3052,15,Female,10,1.6,57,High School,Yes,Yes,71,50,88,74,69.67,Good,Pass,69.67,0-2 Hours,Below 60%
S3053,19,Male,9,5.8,67,Graduate,Yes,Yes,54,79,64,93,65.67,Average,Pass,65.67,4-6 Hours,60-75%
S3054,14,Female,9,2.2,82,Postgraduate,No,Yes,82,68,79,50,76.33,Good,Pass,76.33,2-4 Hours,75-90%
S3055,15,Female,10,1.7,50,Postgraduate,No,Yes,82,98,86,47,88.67,Excellent,Pass,88.67,0-2 Hours,Below 60%
S3056,19,Male,9,6.0,50,Postgraduate,Yes,No,43,62,49,80,51.33,Average,Pass,51.33,4-6 Hours,Below 60%
S3057,19,Male,11,3.6,66,High School,Yes,Yes,41,96,42,57,59.67,Average,Pass,59.67,2-4 Hours,60-75%
S3058,16,Female,12,5.9,57,High School,Yes,No,54,42,70,78,55.33,Average,Pass,55.33,4-6 Hours,Below 60%
S3059,15,Male,10,5.0,90,High School,No,No,83,39,81,40,67.67,Good,Pass,67.67,4-6 Hours,75-90%
S3060,15,Male,10,0.7,77,Graduate,No,Yes,92,82,54,93,76.0,Good,Pass,76.0,0-2 Hours,75-90%
S3061,16,Male,9,5.1,82,High School,Yes,Yes,75,90,84,86,83.0,Excellent,Pass,83.0,4-6 Hours,75-90%
S3062,18,Male,9,0.9,77,Postgraduate,No,Yes,43,53,97,72,64.33,Average,Pass,64.33,0-2 Hours,75-90%
S3063,16,Male,12,1.6,63,High School,Yes,No,47,91,85,82,74.33,Good,Pass,74.33,0-2 Hours,60-75%
S3064,14,Female,10,3.3,60,Postgraduate,No,No,92,49,68,80,69.67,Good,Pass,69.67,2-4 Hours,Below 60%
S3065,18,Female,11,0.7,55,Graduate,No,Yes,89,86,56,89,77.0,Good,Pass,77.0,0-2 Hours,Below 60%
S3066,19,Female,12,5.7,61,Postgraduate,No,Yes,91,58,66,90,71.67,Good,Pass,71.67,4-6 Hours,60-75%
S3067,15,Male,12,1.0,77,High School,No,No,60,36,83,71,59.67,Average,Pass,59.67,0-2 Hours,75-90%
S3068,16,Female,11,5.5,78,Graduate,Yes,Yes,38,98,71,80,69.0,Good,Pass,69.0,4-6 Hours,75-90%
S3069,17,Female,11,2.3,79,High School,No,No,39,64,46,50,49.67,Poor,Fail,49.67,2-4 Hours,75-90%
S3070,19,Female,10,2.1,81,Postgraduate,No,No,74,86,39,54,66.33,Good,Pass,66.33,2-4 Hours,75-90%
S3071,17,Male,11,1.5,64,High School,Yes,Yes,76,48,50,58,58.0,Average,Pass,58.0,0-2 Hours,60-75%
S3072,16,Male,12,1.6,56,High School,No,No,53,89,68,45,70.0,Good,Pass,70.0,0-2 Hours,Below 60%
S3073,17,Male,12,2.7,53,High School,Yes,No,55,86,62,74,67.67,Good,Pass,67.67,2-4 Hours,Below 60%
S3074,18,Male,10,1.4,64,High School,No,No,70,42,69,40,60.33,Average,Pass,60.33,0-2 Hours,60-75%
S3075,19,Female,12,1.4,97,Postgraduate,No,No,74,72,60,40,68.67,Good,Pass,68.67,0-2 Hours,90-100%
S3076,18,Female,12,5.7,83,Graduate,No,No,70,74,50,88,64.67,Average,Pass,64.67,4-6 Hours,75-90%
S3077,15,Female,12,5.2,87,Postgraduate,Yes,No,45,69,89,52,67.67,Good,Pass,67.67,4-6 Hours,75-90%
S3078,18,Female,11,1.6,81,Graduate,Yes,No,55,50,55,47,53.33,Average,Pass,53.33,0-2 Hours,75-90%
S3079,14,Female,9,1.3,89,High School,Yes,No,70,78,99,79,82.33,Excellent,Pass,82.33,0-2 Hours,75-90%
S3080,18,Female,12,5.7,90,High School,Yes,Yes,71,43,89,92,67.67,Good,Pass,67.67,4-6 Hours,75-90%
S3081,14,Female,10,2.4,80,Graduate,No,Yes,56,41,94,84,63.67,Average,Pass,63.67,2-4 Hours,75-90%
S3082,19,Female,9,5.4,59,Postgraduate,No,No,77,100,80,75,85.67,Excellent,Pass,85.67,4-6 Hours,Below 60%
S3083,17,Male,10,5.2,65,Graduate,No,Yes,99,37,98,58,78.0,Good,Pass,78.0,4-6 Hours,60-75%
S3084,19,Male,9,2.2,82,High School,No,No,62,68,43,87,57.67,Average,Pass,57.67,2-4 Hours,75-90%
S3085,19,Male,10,2.4,56,High School,Yes,Yes,58,37,36,56,43.67,Poor,Fail,43.67,2-4 Hours,Below 60%
S3086,17,Female,12,4.4,85,High School,No,No,44,55,65,68,54.67,Average,Pass,54.67,4-6 Hours,75-90%
S3087,17,Male,9,1.7,60,High School,Yes,No,56,70,93,45,73.0,Good,Pass,73.0,0-2 Hours,Below 60%
S3088,16,Male,11,1.3,94,Postgraduate,No,No,42,65,91,75,66.0,Good,Pass,66.0,0-2 Hours,90-100%
S3089,17,Male,12,2.3,82,High School,No,Yes,39,99,79,88,72.33,Good,Pass,72.33,2-4 Hours,75-90%
S3090,14,Male,12,4.1,76,Graduate,No,Yes,80,47,74,93,67.0,Good,Pass,67.0,4-6 Hours,75-90%
S3091,19,Male,9,5.1,82,Graduate,No,No,44,36,35,91,38.33,Poor,Fail,38.33,4-6 Hours,75-90%
S3092,14,Male,9,2.4,60,Graduate,No,No,72,90,100,69,87.33,Excellent,Pass,87.33,2-4 Hours,Below 60%
S3093,18,Male,11,2.2,80,High School,No,No,77,93,44,74,71.33,Good,Pass,71.33,2-4 Hours,75-90%
S3094,19,Female,10,0.6,88,Postgraduate,No,Yes,97,73,63,74,77.67,Good,Pass,77.67,0-2 Hours,75-90%
S3095,17,Female,11,3.3,62,Postgraduate,No,No,99,51,90,44,80.0,Good,Pass,80.0,2-4 Hours,60-75%
S3096,16,Male,9,3.8,73,Postgraduate,Yes,Yes,100,86,42,48,76.0,Good,Pass,76.0,2-4 Hours,60-75%
S3097,17,Female,11,1.6,72,Postgraduate,Yes,Yes,51,62,71,54,61.33,Average,Pass,61.33,0-2 Hours,60-75%
S3098,18,Male,9,6.0,62,Graduate,No,Yes,74,71,59,74,68.0,Good,Pass,68.0,4-6 Hours,60-75%
S3099,14,Female,9,3.6,57,Postgraduate,No,Yes,98,59,43,77,66.67,Good,Pass,66.67,2-4 Hours,Below 60%
S3100,17,Female,9,3.7,90,Postgraduate,Yes,Yes,89,65,35,88,63.0,Average,Pass,63.0,2-4 Hours,75-90%
S3101,19,Male,12,3.5,90,Postgraduate,Yes,Yes,68,67,55,69,63.33,Average,Pass,63.33,2-4 Hours,75-90%
S3102,16,Female,11,1.0,97,Postgraduate,No,Yes,36,62,40,70,46.0,Poor,Fail,46.0,0-2 Hours,90-100%
S3103,15,Male,9,1.2,69,High School,Yes,No,44,50,85,44,59.67,Average,Pass,59.67,0-2 Hours,60-75%
S3104,16,Male,11,2.1,92,Postgraduate,No,No,69,96,77,66,80.67,Good,Pass,80.67,2-4 Hours,90-100%
S3105,17,Male,10,0.5,66,Postgraduate,Yes,No,68,62,44,74,58.0,Average,Pass,58.0,0-2 Hours,60-75%
S3106,15,Male,10,4.6,67,High School,Yes,Yes,66,96,91,44,84.33,Excellent,Pass,84.33,4-6 Hours,60-75%
S3107,15,Female,12,3.4,86,Graduate,Yes,Yes,66,62,71,79,66.33,Good,Pass,66.33,2-4 Hours,75-90%
S3108,16,Male,12,3.7,98,High School,No,No,74,90,55,82,73.0,Good,Pass,73.0,2-4 Hours,90-100%
S3109,19,Male,12,1.0,69,High School,No,Yes,65,99,54,89,72.67,Good,Pass,72.67,0-2 Hours,60-75%
S3110,17,Male,9,2.3,94,Postgraduate,No,Yes,38,41,49,40,42.67,Poor,Fail,42.67,2-4 Hours,90-100%
S3111,17,Female,12,1.0,76,Postgraduate,No,Yes,35,80,61,89,58.67,Average,Pass,58.67,0-2 Hours,75-90%
S3112,18,Male,9,1.0,58,High School,No,No,64,78,49,79,63.67,Average,Pass,63.67,0-2 Hours,Below 60%
S3113,17,Female,11,5.7,95,Postgraduate,No,Yes,100,63,74,67,79.0,Good,Pass,79.0,4-6 Hours,90-100%
S3114,17,Female,12,2.2,71,Graduate,No,Yes,93,59,46,55,66.0,Good,Pass,66.0,2-4 Hours,60-75%
S3115,16,Male,9,2.6,52,Postgraduate,Yes,Yes,50,51,75,66,58.67,Average,Pass,58.67,2-4 Hours,Below 60%
S3116,14,Female,9,1.9,61,Graduate,Yes,Yes,65,69,38,70,57.33,Average,Pass,57.33,0-2 Hours,60-75%
S3117,17,Female,11,5.1,98,Graduate,No,No,71,41,48,44,53.33,Average,Pass,53.33,4-6 Hours,90-100%
S3118,18,Female,11,1.2,66,High School,Yes,No,36,66,73,94,58.33,Average,Pass,58.33,0-2 Hours,60-75%
S3119,15,Female,9,4.3,68,Postgraduate,Yes,No,75,78,74,66,75.67,Good,Pass,75.67,4-6 Hours,60-75%
S3120,17,Female,11,2.1,85,High School,No,No,39,97,48,92,61.33,Average,Pass,61.33,2-4 Hours,75-90%
S3121,14,Female,11,3.0,69,Graduate,No,Yes,80,35,55,58,56.67,Average,Pass,56.67,2-4 Hours,60-75%
S3122,14,Male,10,4.2,68,High School,Yes,No,48,86,64,77,66.0,Good,Pass,66.0,4-6 Hours,60-75%
S3123,15,Male,10,5.0,75,Postgraduate,Yes,No,54,55,96,49,68.33,Good,Pass,68.33,4-6 Hours,60-75%
S3124,18,Male,12,2.6,84,Graduate,No,Yes,51,63,69,89,61.0,Average,Pass,61.0,2-4 Hours,75-90%
S3125,14,Male,11,3.2,60,Graduate,Yes,No,48,83,46,73,59.0,Average,Pass,59.0,2-4 Hours,Below 60%
S3126,18,Female,11,5.0,72,High School,No,No,36,80,83,63,66.33,Good,Pass,66.33,4-6 Hours,60-75%
S3127,18,Male,11,4.6,83,High School,No,Yes,90,37,76,84,67.67,Good,Pass,67.67,4-6 Hours,75-90%
S3128,19,Female,9,3.0,57,Postgraduate,No,No,36,68,69,75,57.67,Average,Pass,57.67,2-4 Hours,Below 60%
S3129,18,Male,12,5.0,84,Graduate,Yes,Yes,58,66,93,43,72.33,Good,Pass,72.33,4-6 Hours,75-90%
S3130,14,Female,12,1.0,98,Graduate,No,Yes,38,73,91,69,67.33,Good,Pass,67.33,0-2 Hours,90-100%
S3131,14,Female,9,3.1,69,Postgraduate,No,No,66,71,81,64,72.67,Good,Pass,72.67,2-4 Hours,60-75%
S3132,16,Male,9,3.3,69,Graduate,Yes,Yes,70,64,69,41,67.67,Good,Pass,67.67,2-4 Hours,60-75%
S3133,18,Male,9,4.4,86,High School,No,No,99,70,84,58,84.33,Excellent,Pass,84.33,4-6 Hours,75-90%
S3134,14,Male,10,4.5,87,Graduate,No,No,99,78,98,82,91.67,Excellent,Pass,91.67,4-6 Hours,75-90%
S3135,19,Female,12,5.9,97,High School,No,No,68,99,83,61,83.33,Excellent,Pass,83.33,4-6 Hours,90-100%
S3136,14,Female,10,0.8,86,Postgraduate,No,No,80,69,44,41,64.33,Average,Pass,64.33,0-2 Hours,75-90%
S3137,18,Male,9,5.5,75,Postgraduate,No,No,83,60,73,49,72.0,Good,Pass,72.0,4-6 Hours,60-75%
S3138,15,Male,11,4.8,93,High School,Yes,No,96,65,58,58,73.0,Good,Pass,73.0,4-6 Hours,90-100%
S3139,14,Female,11,5.6,86,Graduate,No,No,65,87,79,68,77.0,Good,Pass,77.0,4-6 Hours,75-90%
S3140,19,Female,9,5.8,98,Postgraduate,Yes,Yes,46,64,37,83,49.0,Poor,Fail,49.0,4-6 Hours,90-100%
S3141,18,Female,10,2.9,100,Postgraduate,Yes,Yes,69,61,53,91,61.0,Average,Pass,61.0,2-4 Hours,90-100%
S3142,16,Female,9,2.9,50,High School,No,Yes,55,87,59,53,67.0,Good,Pass,67.0,2-4 Hours,Below 60%
S3143,15,Male,9,2.6,95,High School,Yes,No,76,95,62,70,77.67,Good,Pass,77.67,2-4 Hours,90-100%
S3144,19,Male,11,3.4,95,Postgraduate,Yes,Yes,90,75,60,81,75.0,Good,Pass,75.0,2-4 Hours,90-100%
S3145,18,Male,10,3.2,54,Graduate,No,No,81,39,95,50,71.67,Good,Pass,71.67,2-4 Hours,Below 60%
S3146,14,Male,11,2.9,54,Postgraduate,No,No,38,57,53,55,49.33,Poor,Fail,49.33,2-4 Hours,Below 60%
S3147,17,Female,12,2.8,68,High School,Yes,No,64,76,57,89,65.67,Average,Pass,65.67,2-4 Hours,60-75%
S3148,14,Male,9,0.7,86,Postgraduate,No,Yes,73,62,39,43,58.0,Average,Pass,58.0,0-2 Hours,75-90%
S3149,16,Female,12,4.2,69,High School,Yes,No,54,43,62,51,53.0,Average,Pass,53.0,4-6 Hours,60-75%
S3150,15,Female,12,5.2,89,Postgraduate,No,Yes,37,51,85,51,57.67,Average,Pass,57.67,4-6 Hours,75-90%
S3151,18,Male,9,0.8,100,Graduate,No,Yes,45,66,46,66,52.33,Average,Pass,52.33,0-2 Hours,90-100%
S3152,19,Female,12,0.9,74,Postgraduate,Yes,No,78,58,39,86,58.33,Average,Pass,58.33,0-2 Hours,60-75%
S3153,14,Male,10,2.5,88,Graduate,No,Yes,41,90,80,75,70.33,Good,Pass,70.33,2-4 Hours,75-90%
S3154,14,Male,9,5.7,77,High School,No,Yes,64,54,36,48,51.33,Average,Pass,51.33,4-6 Hours,75-90%
S3155,14,Female,9,2.9,55,Postgraduate,No,No,41,65,80,76,62.0,Average,Pass,62.0,2-4 Hours,Below 60%
S3156,17,Male,9,5.5,60,Postgraduate,No,No,39,89,89,56,72.33,Good,Pass,72.33,4-6 Hours,Below 60%
S3157,14,Male,10,2.6,72,High School,No,Yes,48,62,59,79,56.33,Average,Pass,56.33,2-4 Hours,60-75%
S3158,18,Female,10,4.0,72,High School,No,Yes,74,49,58,43,60.33,Average,Pass,60.33,2-4 Hours,60-75%
S3159,14,Female,12,1.4,87,High School,No,Yes,35,71,67,52,57.67,Average,Pass,57.67,0-2 Hours,75-90%
S3160,16,Male,11,5.7,72,High School,Yes,No,51,35,48,58,44.67,Poor,Fail,44.67,4-6 Hours,60-75%
S3161,16,Female,12,3.5,98,Graduate,No,Yes,54,92,72,48,72.67,Good,Pass,72.67,2-4 Hours,90-100%
S3162,17,Female,10,5.7,96,Graduate,No,No,77,97,46,41,73.33,Good,Pass,73.33,4-6 Hours,90-100%
S3163,16,Female,10,0.9,98,High School,No,Yes,84,55,48,95,62.33,Average,Pass,62.33,0-2 Hours,90-100%
S3164,15,Male,10,3.1,95,High School,Yes,No,51,55,68,77,58.0,Average,Pass,58.0,2-4 Hours,90-100%
S3165,16,Female,9,1.5,91,Postgraduate,Yes,Yes,84,92,45,63,73.67,Good,Pass,73.67,0-2 Hours,90-100%
S3166,14,Female,10,3.0,81,Postgraduate,No,Yes,98,69,83,58,83.33,Excellent,Pass,83.33,2-4 Hours,75-90%
S3167,18,Male,10,5.5,89,Postgraduate,Yes,Yes,55,55,93,41,67.67,Good,Pass,67.67,4-6 Hours,75-90%
S3168,16,Female,9,4.7,100,Postgraduate,Yes,No,97,87,39,40,74.33,Good,Pass,74.33,4-6 Hours,90-100%
S3169,19,Male,10,5.1,99,High School,Yes,No,57,40,69,92,55.33,Average,Pass,55.33,4-6 Hours,90-100%
S3170,19,Male,9,3.8,86,High School,No,Yes,35,59,50,74,48.0,Poor,Fail,48.0,2-4 Hours,75-90%
S3171,15,Female,10,2.0,91,Postgraduate,Yes,Yes,91,59,92,87,80.67,Good,Pass,80.67,0-2 Hours,90-100%
S3172,15,Female,10,5.6,96,High School,Yes,No,75,86,59,81,73.33,Good,Pass,73.33,4-6 Hours,90-100%
S3173,18,Male,12,2.9,72,High School,Yes,No,80,41,59,41,60.0,Average,Pass,60.0,2-4 Hours,60-75%
S3174,18,Female,9,3.3,78,Postgraduate,Yes,No,56,47,70,85,57.67,Average,Pass,57.67,2-4 Hours,75-90%
S3175,14,Female,11,1.9,64,High School,Yes,Yes,50,54,82,69,62.0,Average,Pass,62.0,0-2 Hours,60-75%
S3176,14,Female,9,2.4,50,Graduate,No,Yes,57,65,99,62,73.67,Good,Pass,73.67,2-4 Hours,Below 60%
S3177,17,Male,12,2.3,53,High School,No,Yes,45,67,49,61,53.67,Average,Pass,53.67,2-4 Hours,Below 60%
S3178,15,Male,12,1.2,70,Postgraduate,No,No,41,81,79,52,67.0,Good,Pass,67.0,0-2 Hours,60-75%
S3179,19,Male,9,3.4,80,High School,No,Yes,43,58,83,45,61.33,Average,Pass,61.33,2-4 Hours,75-90%
S3180,19,Female,11,2.8,90,High School,Yes,No,52,100,97,71,83.0,Excellent,Pass,83.0,2-4 Hours,75-90%
S3181,17,Female,12,3.3,89,Postgraduate,Yes,No,66,52,88,81,68.67,Good,Pass,68.67,2-4 Hours,75-90%
S3182,14,Female,12,0.9,71,High School,Yes,Yes,75,40,36,45,50.33,Average,Pass,50.33,0-2 Hours,60-75%
S3183,16,Male,9,1.1,78,Graduate,Yes,Yes,49,77,67,52,64.33,Average,Pass,64.33,0-2 Hours,75-90%
S3184,17,Female,11,4.0,73,Postgraduate,No,Yes,59,46,94,44,66.33,Good,Pass,66.33,2-4 Hours,60-75%
S3185,18,Female,9,2.6,88,Graduate,No,Yes,72,70,38,45,60.0,Average,Pass,60.0,2-4 Hours,75-90%
S3186,14,Female,12,5.2,72,Graduate,Yes,No,79,89,92,71,86.67,Excellent,Pass,86.67,4-6 Hours,60-75%
S3187,18,Male,10,5.8,72,High School,No,Yes,95,82,64,70,80.33,Good,Pass,80.33,4-6 Hours,60-75%
S3188,18,Female,12,5.4,92,Postgraduate,No,No,58,86,41,84,61.67,Average,Pass,61.67,4-6 Hours,90-100%
S3189,14,Male,12,4.7,59,Graduate,Yes,No,72,91,78,90,80.33,Good,Pass,80.33,4-6 Hours,Below 60%
S3190,14,Male,9,2.1,58,Postgraduate,No,No,77,65,79,72,73.67,Good,Pass,73.67,2-4 Hours,Below 60%
S3191,15,Male,9,5.0,91,Graduate,No,Yes,40,37,36,41,37.67,Poor,Fail,37.67,4-6 Hours,90-100%
S3192,17,Female,10,2.4,53,Postgraduate,No,Yes,73,77,68,77,72.67,Good,Pass,72.67,2-4 Hours,Below 60%
S3193,16,Female,10,5.3,82,Postgraduate,No,Yes,85,50,99,57,78.0,Good,Pass,78.0,4-6 Hours,75-90%
S3194,18,Male,9,0.5,83,Graduate,Yes,No,47,57,89,80,64.33,Average,Pass,64.33,0-2 Hours,75-90%
S3195,19,Female,12,3.8,88,Graduate,No,No,51,95,57,92,67.67,Good,Pass,67.67,2-4 Hours,75-90%
S3196,15,Male,11,3.6,61,Postgraduate,Yes,Yes,53,70,82,82,68.33,Good,Pass,68.33,2-4 Hours,60-75%
S3197,16,Female,11,4.0,64,High School,No,Yes,63,38,99,81,66.67,Good,Pass,66.67,2-4 Hours,60-75%
S3198,19,Male,10,5.6,90,High School,No,Yes,60,80,100,66,80.0,Good,Pass,80.0,4-6 Hours,75-90%
S3199,16,Female,12,4.5,56,High School,No,No,90,48,44,88,60.67,Average,Pass,60.67,4-6 Hours,Below 60%
S3200,18,Female,11,3.9,64,High School,No,Yes,61,73,95,54,76.33,Good,Pass,76.33,2-4 Hours,60-75%
S3201,19,Female,9,5.9,92,Graduate,Yes,No,99,53,58,65,70.0,Good,Pass,70.0,4-6 Hours,90-100%
S3202,14,Female,12,3.8,97,High School,Yes,No,59,70,96,62,75.0,Good,Pass,75.0,2-4 Hours,90-100%
S3203,14,Female,12,1.5,97,High School,No,Yes,35,52,97,49,61.33,Average,Pass,61.33,0-2 Hours,90-100%
S3204,15,Male,11,3.7,90,High School,No,Yes,96,49,87,89,77.33,Good,Pass,77.33,2-4 Hours,75-90%
S3205,19,Female,9,3.2,93,High School,Yes,No,82,40,72,46,64.67,Average,Pass,64.67,2-4 Hours,90-100%
S3206,15,Female,12,3.3,79,High School,No,No,45,68,41,62,51.33,Average,Pass,51.33,2-4 Hours,75-90%
S3207,16,Male,12,3.8,66,Graduate,No,Yes,47,44,92,81,61.0,Average,Pass,61.0,2-4 Hours,60-75%
S3208,15,Female,12,5.5,70,Postgraduate,No,No,80,84,71,59,78.33,Good,Pass,78.33,4-6 Hours,60-75%
S3209,19,Male,11,4.0,59,High School,No,Yes,40,82,43,90,55.0,Average,Pass,55.0,2-4 Hours,Below 60%
S3210,16,Male,11,5.5,93,High School,No,No,36,77,66,56,59.67,Average,Pass,59.67,4-6 Hours,90-100%
S3211,14,Female,12,2.3,71,Graduate,No,No,80,74,76,85,76.67,Good,Pass,76.67,2-4 Hours,60-75%
S3212,16,Female,11,4.5,76,Postgraduate,Yes,Yes,54,40,78,66,57.33,Average,Pass,57.33,4-6 Hours,75-90%
S3213,17,Male,11,4.6,76,Graduate,Yes,No,43,56,48,80,49.0,Poor,Fail,49.0,4-6 Hours,75-90%
S3214,18,Male,10,1.7,66,Postgraduate,No,No,57,82,50,76,63.0,Average,Pass,63.0,0-2 Hours,60-75%
S3215,14,Male,10,5.5,77,Postgraduate,No,Yes,47,92,40,54,59.67,Average,Pass,59.67,4-6 Hours,75-90%
S3216,18,Female,9,0.8,87,High School,No,Yes,84,97,45,52,75.33,Good,Pass,75.33,0-2 Hours,75-90%
S3217,18,Male,9,4.2,75,Graduate,Yes,No,92,67,73,91,77.33,Good,Pass,77.33,4-6 Hours,60-75%
S3218,18,Female,11,3.0,78,High School,No,Yes,87,76,75,50,79.33,Good,Pass,79.33,2-4 Hours,75-90%
S3219,19,Female,11,2.4,59,Graduate,No,No,68,42,70,87,60.0,Average,Pass,60.0,2-4 Hours,Below 60%
S3220,19,Female,9,1.1,92,Graduate,No,No,42,40,56,86,46.0,Poor,Fail,46.0,0-2 Hours,90-100%
S3221,17,Female,12,5.7,98,Postgraduate,Yes,No,45,97,99,51,80.33,Good,Pass,80.33,4-6 Hours,90-100%
S3222,15,Male,12,4.5,91,Postgraduate,No,Yes,76,87,43,56,68.67,Good,Pass,68.67,4-6 Hours,90-100%
S3223,15,Female,9,2.8,60,High School,No,Yes,84,86,72,53,80.67,Good,Pass,80.67,2-4 Hours,Below 60%
S3224,14,Male,11,2.2,52,Postgraduate,Yes,No,60,70,41,73,57.0,Average,Pass,57.0,2-4 Hours,Below 60%
S3225,18,Female,10,2.7,76,Postgraduate,Yes,No,53,74,59,57,62.0,Average,Pass,62.0,2-4 Hours,75-90%
S3226,14,Female,11,1.7,88,High School,No,No,53,90,79,61,74.0,Good,Pass,74.0,0-2 Hours,75-90%
S3227,17,Female,10,2.2,79,High School,Yes,Yes,96,72,66,52,78.0,Good,Pass,78.0,2-4 Hours,75-90%
S3228,15,Female,10,3.1,54,High School,No,No,74,64,91,56,76.33,Good,Pass,76.33,2-4 Hours,Below 60%
S3229,18,Male,9,1.8,85,Graduate,No,Yes,35,89,53,91,59.0,Average,Pass,59.0,0-2 Hours,75-90%
S3230,16,Male,11,4.2,98,Postgraduate,No,No,40,79,61,78,60.0,Average,Pass,60.0,4-6 Hours,90-100%
S3231,18,Male,12,2.5,96,Graduate,Yes,Yes,90,47,59,58,65.33,Average,Pass,65.33,2-4 Hours,90-100%
S3232,16,Female,9,5.8,94,Graduate,Yes,Yes,62,41,77,56,60.0,Average,Pass,60.0,4-6 Hours,90-100%
S3233,18,Female,10,5.6,95,Graduate,No,No,46,37,60,88,47.67,Poor,Fail,47.67,4-6 Hours,90-100%
S3234,15,Male,9,4.8,98,High School,No,Yes,66,96,99,52,87.0,Excellent,Pass,87.0,4-6 Hours,90-100%
S3235,16,Male,9,1.6,73,Graduate,Yes,Yes,92,81,40,74,71.0,Good,Pass,71.0,0-2 Hours,60-75%
S3236,14,Female,10,4.5,63,Graduate,No,Yes,62,43,54,62,53.0,Average,Pass,53.0,4-6 Hours,60-75%
S3237,19,Female,12,2.8,99,High School,Yes,No,100,58,75,51,77.67,Good,Pass,77.67,2-4 Hours,90-100%
S3238,16,Female,12,5.7,66,Graduate,Yes,No,52,75,38,59,55.0,Average,Pass,55.0,4-6 Hours,60-75%
S3239,17,Female,9,3.6,71,Postgraduate,Yes,Yes,80,41,99,49,73.33,Good,Pass,73.33,2-4 Hours,60-75%
S3240,19,Male,10,2.4,95,Graduate,No,No,60,96,69,70,75.0,Good,Pass,75.0,2-4 Hours,90-100%
S3241,17,Female,11,3.2,97,Postgraduate,Yes,Yes,73,41,68,86,60.67,Average,Pass,60.67,2-4 Hours,90-100%
S3242,19,Female,9,4.4,95,High School,No,Yes,93,95,70,44,86.0,Excellent,Pass,86.0,4-6 Hours,90-100%
S3243,17,Female,12,4.5,86,Postgraduate,No,No,59,55,50,71,54.67,Average,Pass,54.67,4-6 Hours,75-90%
S3244,16,Male,10,1.1,53,High School,Yes,Yes,97,76,55,41,76.0,Good,Pass,76.0,0-2 Hours,Below 60%
S3245,16,Female,12,1.9,91,Postgraduate,No,No,60,94,91,48,81.67,Excellent,Pass,81.67,0-2 Hours,90-100%
S3246,17,Female,12,3.9,84,Graduate,No,No,57,52,64,63,57.67,Average,Pass,57.67,2-4 Hours,75-90%
S3247,16,Male,9,5.4,69,Graduate,Yes,No,63,66,57,57,62.0,Average,Pass,62.0,4-6 Hours,60-75%
S3248,19,Male,10,1.9,54,Graduate,No,Yes,62,63,42,82,55.67,Average,Pass,55.67,0-2 Hours,Below 60%
S3249,15,Male,11,0.7,55,Postgraduate,No,Yes,38,96,66,89,66.67,Good,Pass,66.67,0-2 Hours,Below 60%
S3250,18,Female,10,0.8,51,Graduate,Yes,Yes,54,36,56,57,48.67,Poor,Fail,48.67,0-2 Hours,Below 60%
S3251,16,Female,10,1.8,96,High School,Yes,No,75,41,81,59,65.67,Average,Pass,65.67,0-2 Hours,90-100%
S3252,15,Male,10,1.6,59,Postgraduate,Yes,No,63,42,66,52,57.0,Average,Pass,57.0,0-2 Hours,Below 60%
S3253,15,Female,12,5.1,96,Graduate,Yes,No,53,88,77,92,72.67,Good,Pass,72.67,4-6 Hours,90-100%
S3254,15,Male,11,4.4,84,Graduate,No,Yes,83,49,65,84,65.67,Average,Pass,65.67,4-6 Hours,75-90%
S3255,16,Female,11,2.3,64,Graduate,Yes,No,40,66,48,88,51.33,Average,Pass,51.33,2-4 Hours,60-75%
S3256,15,Female,12,2.7,89,High School,Yes,No,61,95,95,80,83.67,Excellent,Pass,83.67,2-4 Hours,75-90%
S3257,15,Male,12,3.9,90,Postgraduate,No,Yes,57,56,49,84,54.0,Average,Pass,54.0,2-4 Hours,75-90%
S3258,14,Male,12,3.2,58,High School,No,Yes,77,93,53,71,74.33,Good,Pass,74.33,2-4 Hours,Below 60%
S3259,15,Male,11,3.9,100,Postgraduate,Yes,No,64,76,46,56,62.0,Average,Pass,62.0,2-4 Hours,90-100%
S3260,17,Female,11,4.9,92,High School,Yes,Yes,82,98,40,76,73.33,Good,Pass,73.33,4-6 Hours,90-100%
S3261,18,Female,10,5.1,50,Graduate,No,No,51,57,95,50,67.67,Good,Pass,67.67,4-6 Hours,Below 60%
S3262,14,Female,10,1.6,72,Postgraduate,Yes,No,78,54,76,64,69.33,Good,Pass,69.33,0-2 Hours,60-75%
S3263,14,Female,11,0.9,83,High School,Yes,No,35,94,78,44,69.0,Good,Pass,69.0,0-2 Hours,75-90%
S3264,18,Male,11,2.8,93,High School,Yes,Yes,83,97,91,78,90.33,Excellent,Pass,90.33,2-4 Hours,90-100%
S3265,14,Female,9,1.2,52,Postgraduate,Yes,Yes,45,98,62,87,68.33,Good,Pass,68.33,0-2 Hours,Below 60%
S3266,16,Male,11,2.0,100,Postgraduate,Yes,No,87,59,87,76,77.67,Good,Pass,77.67,0-2 Hours,90-100%
S3267,14,Male,10,4.8,69,Postgraduate,No,Yes,93,46,83,55,74.0,Good,Pass,74.0,4-6 Hours,60-75%
S3268,17,Female,12,5.6,72,High School,Yes,No,69,56,85,66,70.0,Good,Pass,70.0,4-6 Hours,60-75%
S3269,18,Male,9,2.2,71,Graduate,No,Yes,77,80,66,55,74.33,Good,Pass,74.33,2-4 Hours,60-75%
S3270,17,Female,9,5.2,88,Postgraduate,Yes,Yes,96,100,92,69,96.0,Excellent,Pass,96.0,4-6 Hours,75-90%
S3271,15,Female,12,1.0,87,High School,Yes,No,94,86,39,72,73.0,Good,Pass,73.0,0-2 Hours,75-90%
S3272,18,Female,11,5.7,56,Postgraduate,Yes,Yes,47,38,80,62,55.0,Average,Pass,55.0,4-6 Hours,Below 60%
S3273,14,Male,12,4.9,99,Postgraduate,No,No,56,48,82,56,62.0,Average,Pass,62.0,4-6 Hours,90-100%
S3274,18,Male,10,0.8,55,Graduate,No,No,58,65,40,70,54.33,Average,Pass,54.33,0-2 Hours,Below 60%
S3275,16,Male,12,4.9,61,Graduate,No,Yes,87,96,99,87,94.0,Excellent,Pass,94.0,4-6 Hours,60-75%
S3276,14,Male,12,5.6,90,High School,No,Yes,87,51,96,79,78.0,Good,Pass,78.0,4-6 Hours,75-90%
S3277,15,Female,12,1.8,75,Graduate,No,Yes,54,91,72,67,72.33,Good,Pass,72.33,0-2 Hours,60-75%
S3278,15,Female,9,0.5,86,Graduate,Yes,No,43,47,54,46,48.0,Poor,Fail,48.0,0-2 Hours,75-90%
S3279,18,Male,9,2.9,91,High School,Yes,No,87,46,89,51,74.0,Good,Pass,74.0,2-4 Hours,90-100%
S3280,15,Female,11,1.9,99,Graduate,No,No,88,59,38,59,61.67,Average,Pass,61.67,0-2 Hours,90-100%
S3281,19,Female,10,3.8,52,High School,No,Yes,93,93,90,44,92.0,Excellent,Pass,92.0,2-4 Hours,Below 60%
S3282,19,Male,12,4.7,83,Graduate,No,No,82,81,86,42,83.0,Excellent,Pass,83.0,4-6 Hours,75-90%
S3283,15,Female,9,2.6,74,High School,No,No,69,53,100,80,74.0,Good,Pass,74.0,2-4 Hours,60-75%
S3284,18,Male,12,2.5,91,Graduate,No,No,79,50,95,76,74.67,Good,Pass,74.67,2-4 Hours,90-100%
S3285,15,Male,9,0.5,58,Postgraduate,Yes,No,78,49,66,70,64.33,Average,Pass,64.33,0-2 Hours,Below 60%
S3286,16,Male,11,1.9,73,Postgraduate,Yes,Yes,49,96,67,57,70.67,Good,Pass,70.67,0-2 Hours,60-75%
S3287,19,Female,10,0.6,92,Postgraduate,Yes,No,96,72,49,75,72.33,Good,Pass,72.33,0-2 Hours,90-100%
S3288,18,Female,12,0.5,92,High School,No,Yes,94,35,40,93,56.33,Average,Pass,56.33,0-2 Hours,90-100%
S3289,17,Female,11,4.7,50,Postgraduate,Yes,No,50,46,36,78,44.0,Poor,Fail,44.0,4-6 Hours,Below 60%
S3290,18,Male,12,1.4,72,High School,Yes,Yes,48,65,98,75,70.33,Good,Pass,70.33,0-2 Hours,60-75%
S3291,17,Female,9,4.6,69,Graduate,No,Yes,74,87,90,94,83.67,Excellent,Pass,83.67,4-6 Hours,60-75%
S3292,18,Male,9,2.6,87,High School,Yes,No,68,41,64,57,57.67,Average,Pass,57.67,2-4 Hours,75-90%
S3293,18,Female,10,5.7,74,High School,No,No,81,95,57,65,77.67,Good,Pass,77.67,4-6 Hours,60-75%
S3294,19,Male,9,4.1,96,High School,No,No,70,84,99,79,84.33,Excellent,Pass,84.33,4-6 Hours,90-100%
S3295,19,Male,9,0.8,82,Postgraduate,Yes,No,89,51,67,95,69.0,Good,Pass,69.0,0-2 Hours,75-90%
S3296,15,Female,10,2.6,53,Graduate,Yes,Yes,73,74,92,43,79.67,Good,Pass,79.67,2-4 Hours,Below 60%
S3297,19,Male,10,5.3,74,Postgraduate,Yes,No,79,78,69,93,75.33,Good,Pass,75.33,4-6 Hours,60-75%
S3298,18,Male,10,4.2,62,Graduate,Yes,No,82,91,81,64,84.67,Excellent,Pass,84.67,4-6 Hours,60-75%
S3299,18,Female,10,5.4,90,Postgraduate,Yes,No,36,81,42,89,53.0,Average,Pass,53.0,4-6 Hours,75-90%
S3300,14,Male,10,0.5,50,Graduate,Yes,Yes,71,84,87,48,80.67,Good,Pass,80.67,0-2 Hours,Below 60%
S3301,19,Male,10,3.7,78,Postgraduate,No,No,95,82,68,56,81.67,Excellent,Pass,81.67,2-4 Hours,75-90%
S3302,15,Female,11,1.2,64,Graduate,No,No,97,90,53,90,80.0,Good,Pass,80.0,0-2 Hours,60-75%
S3303,19,Female,10,5.4,96,Postgraduate,Yes,No,83,100,66,85,83.0,Excellent,Pass,83.0,4-6 Hours,90-100%
S3304,16,Female,11,1.7,50,Postgraduate,Yes,Yes,55,99,52,89,68.67,Good,Pass,68.67,0-2 Hours,Below 60%
S3305,15,Female,11,0.8,98,High School,Yes,Yes,77,100,70,65,82.33,Excellent,Pass,82.33,0-2 Hours,90-100%
S3306,16,Male,10,1.5,59,Graduate,No,Yes,85,55,70,48,70.0,Good,Pass,70.0,0-2 Hours,Below 60%
S3307,19,Female,11,1.3,86,Postgraduate,No,No,61,90,42,57,64.33,Average,Pass,64.33,0-2 Hours,75-90%
S3308,16,Female,11,4.4,66,High School,No,No,64,79,95,84,79.33,Good,Pass,79.33,4-6 Hours,60-75%
S3309,15,Male,10,4.8,95,Postgraduate,Yes,No,50,44,41,73,45.0,Poor,Fail,45.0,4-6 Hours,90-100%
S3310,16,Female,9,1.8,52,Graduate,Yes,No,57,66,98,71,73.67,Good,Pass,73.67,0-2 Hours,Below 60%
S3311,19,Male,10,3.8,55,Postgraduate,Yes,No,94,37,74,54,68.33,Good,Pass,68.33,2-4 Hours,Below 60%
S3312,16,Female,12,2.7,84,Graduate,Yes,No,56,65,57,68,59.33,Average,Pass,59.33,2-4 Hours,75-90%
S3313,16,Male,11,5.9,51,Postgraduate,Yes,Yes,88,79,99,44,88.67,Excellent,Pass,88.67,4-6 Hours,Below 60%
S3314,16,Female,10,1.0,97,High School,No,No,79,75,89,52,81.0,Excellent,Pass,81.0,0-2 Hours,90-100%
S3315,17,Male,10,4.2,70,Graduate,No,No,72,99,65,84,78.67,Good,Pass,78.67,4-6 Hours,60-75%
S3316,14,Female,12,0.8,65,Graduate,No,Yes,100,66,61,40,75.67,Good,Pass,75.67,0-2 Hours,60-75%
S3317,17,Male,11,3.5,70,Postgraduate,No,Yes,79,82,85,87,82.0,Excellent,Pass,82.0,2-4 Hours,60-75%
S3318,15,Male,12,1.1,86,High School,No,No,76,53,51,80,60.0,Average,Pass,60.0,0-2 Hours,75-90%
S3319,15,Female,11,5.8,60,High School,No,No,65,82,85,65,77.33,Good,Pass,77.33,4-6 Hours,Below 60%
S3320,14,Male,10,4.2,98,High School,No,No,45,59,70,43,58.0,Average,Pass,58.0,4-6 Hours,90-100%
S3321,14,Female,9,3.4,96,Graduate,No,Yes,82,53,50,65,61.67,Average,Pass,61.67,2-4 Hours,90-100%
S3322,14,Female,11,1.8,99,Graduate,No,Yes,55,93,66,43,71.33,Good,Pass,71.33,0-2 Hours,90-100%
S3323,18,Female,10,1.6,94,High School,Yes,Yes,99,40,52,61,63.67,Average,Pass,63.67,0-2 Hours,90-100%
S3324,16,Female,9,4.0,94,Postgraduate,No,No,54,59,89,93,67.33,Good,Pass,67.33,2-4 Hours,90-100%
S3325,17,Male,11,2.1,98,High School,No,No,50,36,94,92,60.0,Average,Pass,60.0,2-4 Hours,90-100%
S3326,18,Female,9,1.0,82,Graduate,No,No,99,97,70,48,88.67,Excellent,Pass,88.67,0-2 Hours,75-90%
S3327,16,Female,10,3.3,63,High School,No,No,51,68,75,93,64.67,Average,Pass,64.67,2-4 Hours,60-75%
S3328,19,Male,10,4.3,90,High School,Yes,No,81,65,88,54,78.0,Good,Pass,78.0,4-6 Hours,75-90%
S3329,14,Female,12,5.1,75,Graduate,No,No,74,42,66,88,60.67,Average,Pass,60.67,4-6 Hours,60-75%
S3330,14,Female,11,1.9,71,High School,Yes,Yes,67,89,68,72,74.67,Good,Pass,74.67,0-2 Hours,60-75%
S3331,16,Female,11,2.9,91,Graduate,No,No,54,99,73,60,75.33,Good,Pass,75.33,2-4 Hours,90-100%
S3332,15,Male,10,0.5,86,Graduate,No,No,86,89,93,88,89.33,Excellent,Pass,89.33,0-2 Hours,75-90%
S3333,17,Male,9,1.5,79,High School,Yes,No,86,74,65,61,75.0,Good,Pass,75.0,0-2 Hours,75-90%
S3334,18,Female,11,5.9,57,High School,No,No,38,93,52,67,61.0,Average,Pass,61.0,4-6 Hours,Below 60%
S3335,17,Female,10,2.5,63,Postgraduate,No,No,87,71,51,90,69.67,Good,Pass,69.67,2-4 Hours,60-75%
S3336,19,Female,9,3.2,62,Postgraduate,Yes,No,97,48,69,78,71.33,Good,Pass,71.33,2-4 Hours,60-75%
S3337,19,Male,10,3.7,70,Graduate,Yes,No,42,69,90,61,67.0,Good,Pass,67.0,2-4 Hours,60-75%
S3338,19,Male,9,3.3,84,Postgraduate,No,Yes,55,66,38,58,53.0,Average,Pass,53.0,2-4 Hours,75-90%
S3339,15,Female,10,4.6,97,Postgraduate,Yes,Yes,69,63,38,86,56.67,Average,Pass,56.67,4-6 Hours,90-100%
S3340,19,Male,12,2.9,97,High School,No,Yes,71,63,81,42,71.67,Good,Pass,71.67,2-4 Hours,90-100%
S3341,14,Male,9,3.5,60,High School,No,No,57,78,48,61,61.0,Average,Pass,61.0,2-4 Hours,Below 60%
S3342,15,Female,12,3.4,94,Postgraduate,Yes,Yes,83,50,62,52,65.0,Average,Pass,65.0,2-4 Hours,90-100%
S3343,16,Female,11,0.6,63,Graduate,Yes,No,83,88,49,83,73.33,Good,Pass,73.33,0-2 Hours,60-75%
S3344,18,Male,12,2.2,55,Postgraduate,No,Yes,55,38,94,54,62.33,Average,Pass,62.33,2-4 Hours,Below 60%
S3345,19,Female,9,2.4,91,Postgraduate,No,No,99,94,71,65,88.0,Excellent,Pass,88.0,2-4 Hours,90-100%
S3346,19,Female,9,1.8,80,High School,No,No,40,45,62,59,49.0,Poor,Fail,49.0,0-2 Hours,75-90%
S3347,14,Female,12,5.0,79,Postgraduate,Yes,Yes,36,67,49,91,50.67,Average,Pass,50.67,4-6 Hours,75-90%
S3348,15,Male,12,5.8,84,High School,No,No,98,54,84,47,78.67,Good,Pass,78.67,4-6 Hours,75-90%
S3349,19,Female,10,0.9,54,High School,Yes,Yes,42,96,42,55,60.0,Average,Pass,60.0,0-2 Hours,Below 60%
S3350,19,Male,12,0.5,58,High School,No,Yes,91,91,61,59,81.0,Excellent,Pass,81.0,0-2 Hours,Below 60%
S3351,16,Female,12,3.9,55,Postgraduate,Yes,Yes,87,37,95,86,73.0,Good,Pass,73.0,2-4 Hours,Below 60%
S3352,17,Male,10,3.1,52,High School,Yes,No,46,48,68,67,54.0,Average,Pass,54.0,2-4 Hours,Below 60%
S3353,14,Female,10,4.6,97,High School,Yes,Yes,47,61,76,72,61.33,Average,Pass,61.33,4-6 Hours,90-100%
S3354,16,Female,12,2.8,99,Graduate,Yes,Yes,62,75,82,82,73.0,Good,Pass,73.0,2-4 Hours,90-100%
S3355,16,Male,12,3.6,66,Postgraduate,No,Yes,60,96,75,75,77.0,Good,Pass,77.0,2-4 Hours,60-75%
S3356,19,Male,12,5.5,87,Postgraduate,Yes,No,95,77,80,53,84.0,Excellent,Pass,84.0,4-6 Hours,75-90%
S3357,14,Male,10,5.6,98,Graduate,Yes,Yes,82,75,60,63,72.33,Good,Pass,72.33,4-6 Hours,90-100%
S3358,18,Male,9,5.6,87,Postgraduate,No,No,53,41,42,58,45.33,Poor,Fail,45.33,4-6 Hours,75-90%
S3359,19,Male,11,2.6,83,Postgraduate,Yes,No,85,63,57,74,68.33,Good,Pass,68.33,2-4 Hours,75-90%
S3360,17,Female,12,0.5,66,Postgraduate,No,Yes,99,78,94,88,90.33,Excellent,Pass,90.33,0-2 Hours,60-75%
S3361,16,Female,12,2.3,54,Postgraduate,No,No,42,37,81,86,53.33,Average,Pass,53.33,2-4 Hours,Below 60%
S3362,15,Male,10,4.4,82,Postgraduate,Yes,No,80,49,97,56,75.33,Good,Pass,75.33,4-6 Hours,75-90%
S3363,17,Female,10,1.3,69,High School,No,Yes,66,73,85,70,74.67,Good,Pass,74.67,0-2 Hours,60-75%
S3364,15,Male,10,4.5,93,Postgraduate,Yes,No,43,51,63,45,52.33,Average,Pass,52.33,4-6 Hours,90-100%
S3365,17,Male,11,5.7,88,High School,Yes,No,48,61,69,64,59.33,Average,Pass,59.33,4-6 Hours,75-90%
S3366,19,Male,12,4.3,99,Postgraduate,Yes,Yes,65,80,78,62,74.33,Good,Pass,74.33,4-6 Hours,90-100%
S3367,14,Male,9,2.4,62,Graduate,No,No,44,71,88,61,67.67,Good,Pass,67.67,2-4 Hours,60-75%
S3368,16,Male,10,5.2,80,Graduate,Yes,Yes,71,42,38,85,50.33,Average,Pass,50.33,4-6 Hours,75-90%
S3369,18,Female,12,3.0,80,High School,Yes,No,99,68,48,55,71.67,Good,Pass,71.67,2-4 Hours,75-90%
S3370,14,Female,11,4.4,56,Graduate,Yes,Yes,64,50,94,89,69.33,Good,Pass,69.33,4-6 Hours,Below 60%
S3371,18,Male,12,3.8,85,Postgraduate,No,Yes,52,37,71,94,53.33,Average,Pass,53.33,2-4 Hours,75-90%
S3372,19,Male,11,4.9,67,High School,Yes,No,70,74,97,73,80.33,Good,Pass,80.33,4-6 Hours,60-75%
S3373,14,Female,9,4.3,69,Graduate,Yes,No,50,68,77,92,65.0,Average,Pass,65.0,4-6 Hours,60-75%
S3374,15,Female,12,3.5,77,Postgraduate,Yes,No,69,59,61,93,63.0,Average,Pass,63.0,2-4 Hours,75-90%
S3375,18,Male,12,1.7,87,Postgraduate,Yes,No,45,75,37,94,52.33,Average,Pass,52.33,0-2 Hours,75-90%
S3376,15,Male,11,1.9,84,Graduate,Yes,Yes,49,47,50,85,48.67,Poor,Fail,48.67,0-2 Hours,75-90%
S3377,14,Male,12,1.6,95,Graduate,Yes,Yes,92,74,72,50,79.33,Good,Pass,79.33,0-2 Hours,90-100%
S3378,16,Female,11,1.3,63,Graduate,Yes,Yes,100,72,35,64,69.0,Good,Pass,69.0,0-2 Hours,60-75%
S3379,17,Male,10,3.7,100,Graduate,Yes,No,85,60,93,66,79.33,Good,Pass,79.33,2-4 Hours,90-100%
S3380,14,Male,12,5.2,79,Postgraduate,No,Yes,87,69,39,58,65.0,Average,Pass,65.0,4-6 Hours,75-90%
S3381,17,Male,9,5.2,80,Postgraduate,No,No,83,79,61,47,74.33,Good,Pass,74.33,4-6 Hours,75-90%
S3382,16,Male,9,0.6,85,Graduate,No,No,100,55,45,80,66.67,Good,Pass,66.67,0-2 Hours,75-90%
S3383,19,Male,11,3.8,69,Graduate,Yes,No,52,85,41,50,59.33,Average,Pass,59.33,2-4 Hours,60-75%
S3384,17,Female,10,3.1,64,High School,No,Yes,61,75,90,52,75.33,Good,Pass,75.33,2-4 Hours,60-75%
S3385,16,Female,12,1.2,63,High School,Yes,No,46,67,37,42,50.0,Average,Pass,50.0,0-2 Hours,60-75%
S3386,15,Female,11,2.2,74,Postgraduate,No,No,59,92,96,86,82.33,Excellent,Pass,82.33,2-4 Hours,60-75%
S3387,14,Male,12,1.8,91,Postgraduate,Yes,Yes,68,98,58,77,74.67,Good,Pass,74.67,0-2 Hours,90-100%
S3388,19,Female,12,4.5,81,High School,No,No,86,36,40,44,54.0,Average,Pass,54.0,4-6 Hours,75-90%
S3389,14,Female,10,1.5,64,High School,Yes,Yes,70,99,55,76,74.67,Good,Pass,74.67,0-2 Hours,60-75%
S3390,17,Male,11,5.4,73,Postgraduate,Yes,Yes,100,75,93,40,89.33,Excellent,Pass,89.33,4-6 Hours,60-75%
S3391,19,Male,9,4.4,70,High School,No,No,45,67,63,49,58.33,Average,Pass,58.33,4-6 Hours,60-75%
S3392,18,Male,11,1.6,77,High School,Yes,Yes,76,61,43,81,60.0,Average,Pass,60.0,0-2 Hours,75-90%
S3393,17,Female,9,1.1,98,Graduate,No,Yes,37,83,68,45,62.67,Average,Pass,62.67,0-2 Hours,90-100%
S3394,19,Male,10,1.0,73,Postgraduate,No,No,40,61,71,57,57.33,Average,Pass,57.33,0-2 Hours,60-75%
S3395,16,Male,10,3.9,61,High School,Yes,No,81,35,36,95,50.67,Average,Pass,50.67,2-4 Hours,60-75%
S3396,18,Male,9,4.5,94,Postgraduate,No,No,98,80,87,50,88.33,Excellent,Pass,88.33,4-6 Hours,90-100%
S3397,17,Male,9,3.6,53,High School,Yes,Yes,84,97,79,49,86.67,Excellent,Pass,86.67,2-4 Hours,Below 60%
S3398,16,Male,10,2.7,62,High School,Yes,No,35,72,68,88,58.33,Average,Pass,58.33,2-4 Hours,60-75%
S3399,19,Male,10,4.0,88,High School,Yes,Yes,60,42,79,62,60.33,Average,Pass,60.33,2-4 Hours,75-90%
S3400,16,Female,11,0.5,69,Postgraduate,No,Yes,68,83,52,64,67.67,Good,Pass,67.67,0-2 Hours,60-75%
S3401,16,Male,12,1.0,81,High School,No,No,71,83,88,46,80.67,Good,Pass,80.67,0-2 Hours,75-90%
S3402,14,Female,11,1.1,80,High School,No,Yes,55,86,100,49,80.33,Good,Pass,80.33,0-2 Hours,75-90%
S3403,15,Female,9,5.9,91,Graduate,Yes,No,45,36,70,61,50.33,Average,Pass,50.33,4-6 Hours,90-100%
S3404,18,Female,9,2.9,100,Graduate,No,No,69,77,67,87,71.0,Good,Pass,71.0,2-4 Hours,90-100%
S3405,17,Female,9,4.3,90,Postgraduate,No,Yes,84,36,50,90,56.67,Average,Pass,56.67,4-6 Hours,75-90%
S3406,14,Male,12,5.9,69,Postgraduate,No,No,87,97,87,72,90.33,Excellent,Pass,90.33,4-6 Hours,60-75%
S3407,17,Male,12,1.0,97,Graduate,Yes,No,69,79,96,56,81.33,Excellent,Pass,81.33,0-2 Hours,90-100%
S3408,15,Female,12,4.7,90,Graduate,Yes,No,69,85,86,72,80.0,Good,Pass,80.0,4-6 Hours,75-90%
S3409,16,Female,12,3.7,58,Graduate,No,Yes,50,68,81,85,66.33,Good,Pass,66.33,2-4 Hours,Below 60%
S3410,14,Male,12,1.4,82,Graduate,Yes,Yes,36,41,39,70,38.67,Poor,Fail,38.67,0-2 Hours,75-90%
S3411,16,Male,9,2.4,55,Graduate,No,Yes,46,92,96,43,78.0,Good,Pass,78.0,2-4 Hours,Below 60%
S3412,15,Female,11,2.8,73,Postgraduate,Yes,No,73,56,82,94,70.33,Good,Pass,70.33,2-4 Hours,60-75%
S3413,17,Male,11,1.0,59,High School,No,Yes,84,50,91,81,75.0,Good,Pass,75.0,0-2 Hours,Below 60%
S3414,14,Female,9,4.4,74,Graduate,No,Yes,45,47,65,82,52.33,Average,Pass,52.33,4-6 Hours,60-75%
S3415,17,Female,9,2.8,87,Postgraduate,No,No,40,39,74,48,51.0,Average,Pass,51.0,2-4 Hours,75-90%
S3416,15,Female,12,5.5,87,Postgraduate,No,Yes,73,40,80,71,64.33,Average,Pass,64.33,4-6 Hours,75-90%
S3417,15,Male,12,4.9,88,Postgraduate,Yes,No,77,87,90,59,84.67,Excellent,Pass,84.67,4-6 Hours,75-90%
S3418,14,Male,12,3.3,63,Graduate,No,No,92,99,66,47,85.67,Excellent,Pass,85.67,2-4 Hours,60-75%
S3419,15,Female,9,1.5,60,Graduate,No,Yes,85,89,44,48,72.67,Good,Pass,72.67,0-2 Hours,Below 60%
S3420,14,Male,9,5.6,91,Postgraduate,No,Yes,42,98,85,75,75.0,Good,Pass,75.0,4-6 Hours,90-100%
S3421,19,Male,10,5.2,74,Graduate,No,Yes,38,88,53,84,59.67,Average,Pass,59.67,4-6 Hours,60-75%
S3422,18,Male,9,4.3,60,High School,Yes,Yes,89,93,76,58,86.0,Excellent,Pass,86.0,4-6 Hours,Below 60%
S3423,19,Female,12,3.2,67,High School,Yes,Yes,42,36,94,64,57.33,Average,Pass,57.33,2-4 Hours,60-75%
S3424,19,Female,12,4.4,72,Postgraduate,No,Yes,68,82,91,58,80.33,Good,Pass,80.33,4-6 Hours,60-75%
S3425,16,Female,9,2.7,62,High School,No,Yes,96,61,70,95,75.67,Good,Pass,75.67,2-4 Hours,60-75%
S3426,15,Female,10,6.0,81,Graduate,No,Yes,94,92,67,47,84.33,Excellent,Pass,84.33,4-6 Hours,75-90%
S3427,19,Male,12,4.3,75,High School,No,Yes,60,49,100,93,69.67,Good,Pass,69.67,4-6 Hours,60-75%
S3428,19,Male,9,1.2,99,High School,Yes,Yes,47,47,76,54,56.67,Average,Pass,56.67,0-2 Hours,90-100%
S3429,19,Female,12,3.9,60,High School,No,No,45,52,95,68,64.0,Average,Pass,64.0,2-4 Hours,Below 60%
S3430,18,Female,11,4.7,91,Postgraduate,No,Yes,58,48,97,67,67.67,Good,Pass,67.67,4-6 Hours,90-100%
S3431,16,Male,10,5.4,56,Graduate,No,No,72,100,75,82,82.33,Excellent,Pass,82.33,4-6 Hours,Below 60%
S3432,14,Female,12,0.6,52,Graduate,No,No,83,38,62,45,61.0,Average,Pass,61.0,0-2 Hours,Below 60%
S3433,19,Female,10,2.7,81,Postgraduate,Yes,Yes,91,44,100,88,78.33,Good,Pass,78.33,2-4 Hours,75-90%
S3434,14,Female,12,5.6,82,High School,No,No,61,70,95,70,75.33,Good,Pass,75.33,4-6 Hours,75-90%
S3435,18,Female,12,1.7,52,Graduate,Yes,No,36,95,86,87,72.33,Good,Pass,72.33,0-2 Hours,Below 60%
S3436,18,Male,10,2.7,91,Postgraduate,Yes,Yes,39,63,92,49,64.67,Average,Pass,64.67,2-4 Hours,90-100%
S3437,16,Male,11,4.5,57,High School,Yes,No,83,37,92,62,70.67,Good,Pass,70.67,4-6 Hours,Below 60%
S3438,19,Male,10,1.4,60,Postgraduate,Yes,No,72,54,37,45,54.33,Average,Pass,54.33,0-2 Hours,Below 60%
S3439,15,Male,10,2.1,95,Graduate,No,No,98,76,78,62,84.0,Excellent,Pass,84.0,2-4 Hours,90-100%
S3440,15,Male,10,3.1,73,High School,No,No,79,38,94,58,70.33,Good,Pass,70.33,2-4 Hours,60-75%
S3441,18,Male,9,0.5,72,Postgraduate,Yes,No,53,66,70,67,63.0,Average,Pass,63.0,0-2 Hours,60-75%
S3442,19,Male,9,2.9,78,Graduate,No,No,67,60,94,77,73.67,Good,Pass,73.67,2-4 Hours,75-90%
S3443,14,Male,12,0.7,80,Graduate,Yes,Yes,97,89,85,79,90.33,Excellent,Pass,90.33,0-2 Hours,75-90%
S3444,19,Male,9,1.6,64,High School,Yes,Yes,67,46,94,41,69.0,Good,Pass,69.0,0-2 Hours,60-75%
S3445,19,Female,12,2.4,79,High School,No,No,70,81,65,79,72.0,Good,Pass,72.0,2-4 Hours,75-90%
S3446,15,Male,11,1.5,72,Graduate,No,No,51,36,70,44,52.33,Average,Pass,52.33,0-2 Hours,60-75%
S3447,16,Female,11,5.8,73,Graduate,Yes,No,80,71,51,82,67.33,Good,Pass,67.33,4-6 Hours,60-75%
S3448,14,Female,9,3.3,55,Postgraduate,Yes,No,81,68,48,53,65.67,Average,Pass,65.67,2-4 Hours,Below 60%
S3449,19,Female,9,5.5,55,High School,No,No,57,67,86,52,70.0,Good,Pass,70.0,4-6 Hours,Below 60%
S3450,15,Female,12,0.6,80,Graduate,No,No,86,91,79,68,85.33,Excellent,Pass,85.33,0-2 Hours,75-90%
S3451,19,Male,11,4.3,68,Graduate,Yes,Yes,48,79,94,85,73.67,Good,Pass,73.67,4-6 Hours,60-75%
S3452,17,Male,10,5.2,51,Postgraduate,Yes,Yes,82,75,80,57,79.0,Good,Pass,79.0,4-6 Hours,Below 60%
S3453,16,Female,9,5.0,88,Graduate,Yes,Yes,97,99,86,76,94.0,Excellent,Pass,94.0,4-6 Hours,75-90%
S3454,19,Female,12,0.5,79,High School,Yes,No,75,63,63,75,67.0,Good,Pass,67.0,0-2 Hours,75-90%
S3455,15,Female,10,1.7,99,High School,Yes,Yes,72,65,52,92,63.0,Average,Pass,63.0,0-2 Hours,90-100%
S3456,16,Male,9,5.7,74,High School,Yes,Yes,86,59,63,89,69.33,Good,Pass,69.33,4-6 Hours,60-75%
S3457,19,Male,10,4.8,100,High School,Yes,Yes,55,86,57,71,66.0,Good,Pass,66.0,4-6 Hours,90-100%
S3458,14,Male,11,4.7,60,High School,Yes,Yes,86,50,71,78,69.0,Good,Pass,69.0,4-6 Hours,Below 60%
S3459,18,Male,10,2.9,76,Graduate,No,Yes,52,83,58,42,64.33,Average,Pass,64.33,2-4 Hours,75-90%
S3460,16,Male,12,4.2,76,High School,No,Yes,46,91,77,82,71.33,Good,Pass,71.33,4-6 Hours,75-90%
S3461,15,Male,10,3.7,77,Graduate,No,No,95,62,53,77,70.0,Good,Pass,70.0,2-4 Hours,75-90%
S3462,14,Female,12,4.2,50,High School,No,No,64,47,59,59,56.67,Average,Pass,56.67,4-6 Hours,Below 60%
S3463,18,Male,9,5.9,77,High School,No,No,40,58,82,58,60.0,Average,Pass,60.0,4-6 Hours,75-90%
S3464,17,Male,9,1.9,77,High School,Yes,No,57,94,99,45,83.33,Excellent,Pass,83.33,0-2 Hours,75-90%
S3465,14,Male,10,0.9,92,Graduate,Yes,Yes,80,38,36,69,51.33,Average,Pass,51.33,0-2 Hours,90-100%
S3466,15,Male,12,2.5,52,Graduate,Yes,Yes,40,75,49,66,54.67,Average,Pass,54.67,2-4 Hours,Below 60%
S3467,19,Male,9,3.2,69,Graduate,No,Yes,60,41,88,69,63.0,Average,Pass,63.0,2-4 Hours,60-75%
S3468,18,Female,11,1.5,75,Graduate,Yes,No,39,82,69,40,63.33,Average,Pass,63.33,0-2 Hours,60-75%
S3469,16,Female,10,5.5,79,High School,Yes,Yes,73,47,98,46,72.67,Good,Pass,72.67,4-6 Hours,75-90%
S3470,15,Female,12,2.9,96,Graduate,No,No,59,96,95,62,83.33,Excellent,Pass,83.33,2-4 Hours,90-100%
S3471,18,Female,10,1.8,97,High School,Yes,Yes,54,66,85,61,68.33,Good,Pass,68.33,0-2 Hours,90-100%
S3472,16,Female,10,3.4,71,Postgraduate,Yes,No,38,66,68,57,57.33,Average,Pass,57.33,2-4 Hours,60-75%
S3473,16,Female,11,2.0,67,Graduate,Yes,Yes,75,67,82,73,74.67,Good,Pass,74.67,0-2 Hours,60-75%
S3474,15,Female,9,2.0,98,Graduate,Yes,No,37,39,63,48,46.33,Poor,Fail,46.33,0-2 Hours,90-100%
S3475,17,Male,11,1.3,99,High School,Yes,No,77,46,55,43,59.33,Average,Pass,59.33,0-2 Hours,90-100%
S3476,18,Male,9,5.5,76,Postgraduate,Yes,Yes,88,35,85,92,69.33,Good,Pass,69.33,4-6 Hours,75-90%
S3477,18,Male,11,5.3,59,High School,No,Yes,85,60,86,58,77.0,Good,Pass,77.0,4-6 Hours,Below 60%
S3478,14,Female,9,3.0,95,Graduate,Yes,Yes,67,83,44,42,64.67,Average,Pass,64.67,2-4 Hours,90-100%
S3479,18,Male,11,4.8,52,Graduate,No,Yes,83,90,60,67,77.67,Good,Pass,77.67,4-6 Hours,Below 60%
S3480,19,Male,11,4.8,91,Postgraduate,No,No,64,44,42,64,50.0,Average,Pass,50.0,4-6 Hours,90-100%
S3481,19,Female,9,3.6,81,High School,Yes,Yes,99,47,61,73,69.0,Good,Pass,69.0,2-4 Hours,75-90%
S3482,15,Female,10,0.6,56,Graduate,Yes,Yes,98,95,74,44,89.0,Excellent,Pass,89.0,0-2 Hours,Below 60%
S3483,17,Male,12,2.9,83,Postgraduate,Yes,No,81,90,50,43,73.67,Good,Pass,73.67,2-4 Hours,75-90%
S3484,16,Female,10,5.3,65,High School,No,Yes,58,47,44,80,49.67,Poor,Fail,49.67,4-6 Hours,60-75%
S3485,17,Female,12,0.8,81,High School,Yes,No,43,73,73,40,63.0,Average,Pass,63.0,0-2 Hours,75-90%
S3486,16,Female,10,3.8,79,Postgraduate,No,Yes,43,70,73,44,62.0,Average,Pass,62.0,2-4 Hours,75-90%
S3487,15,Female,11,3.1,69,Graduate,No,No,97,55,96,65,82.67,Excellent,Pass,82.67,2-4 Hours,60-75%
S3488,19,Female,10,3.0,57,High School,Yes,Yes,91,35,72,68,66.0,Good,Pass,66.0,2-4 Hours,Below 60%
S3489,15,Female,9,5.8,73,Graduate,Yes,No,68,52,57,56,59.0,Average,Pass,59.0,4-6 Hours,60-75%
S3490,18,Female,11,0.9,87,Graduate,Yes,Yes,85,52,99,74,78.67,Good,Pass,78.67,0-2 Hours,75-90%
S3491,19,Female,12,0.7,85,Postgraduate,No,No,61,98,43,67,67.33,Good,Pass,67.33,0-2 Hours,75-90%
S3492,17,Female,12,1.0,50,Graduate,Yes,Yes,81,41,37,78,53.0,Average,Pass,53.0,0-2 Hours,Below 60%
S3493,19,Male,10,2.8,74,High School,Yes,No,90,88,78,75,85.33,Excellent,Pass,85.33,2-4 Hours,60-75%
S3494,16,Male,12,5.7,80,Postgraduate,No,Yes,59,49,35,73,47.67,Poor,Fail,47.67,4-6 Hours,75-90%
S3495,19,Male,10,5.7,94,High School,Yes,No,41,96,63,89,66.67,Good,Pass,66.67,4-6 Hours,90-100%
S3496,16,Male,9,4.2,86,Graduate,Yes,No,59,86,46,69,63.67,Average,Pass,63.67,4-6 Hours,75-90%
S3497,17,Female,11,5.8,88,Graduate,Yes,Yes,52,94,79,81,75.0,Good,Pass,75.0,4-6 Hours,75-90%
S3498,19,Female,12,1.0,86,High School,No,Yes,96,39,40,57,58.33,Average,Pass,58.33,0-2 Hours,75-90%
S3499,14,Female,12,0.7,52,Postgraduate,Yes,No,44,88,69,85,67.0,Good,Pass,67.0,0-2 Hours,Below 60%
S3500,15,Female,10,2.8,67,Graduate,No,Yes,54,78,54,50,62.0,Average,Pass,62.0,2-4 Hours,60-75%
S3501,16,Female,12,2.7,70,High School,Yes,Yes,75,74,91,53,80.0,Good,Pass,80.0,2-4 Hours,60-75%
S3502,14,Male,12,1.9,52,Postgraduate,No,Yes,81,61,64,88,68.67,Good,Pass,68.67,0-2 Hours,Below 60%
S3503,14,Female,11,5.8,66,High School,Yes,No,43,94,57,46,64.67,Average,Pass,64.67,4-6 Hours,60-75%
S3504,17,Female,10,2.9,90,Graduate,Yes,No,64,47,54,41,55.0,Average,Pass,55.0,2-4 Hours,75-90%
S3505,14,Female,11,1.5,96,High School,No,Yes,63,57,98,66,72.67,Good,Pass,72.67,0-2 Hours,90-100%
S3506,16,Male,11,3.2,90,High School,No,Yes,70,52,70,52,64.0,Average,Pass,64.0,2-4 Hours,75-90%
S3507,14,Female,11,4.6,76,High School,No,No,97,82,41,73,73.33,Good,Pass,73.33,4-6 Hours,75-90%
S3508,16,Female,11,4.4,97,High School,No,No,99,78,83,79,86.67,Excellent,Pass,86.67,4-6 Hours,90-100%
S3509,16,Male,10,2.7,95,Postgraduate,No,No,97,90,76,46,87.67,Excellent,Pass,87.67,2-4 Hours,90-100%
S3510,15,Male,9,2.4,76,Graduate,Yes,No,95,54,53,53,67.33,Good,Pass,67.33,2-4 Hours,75-90%
S3511,14,Female,12,1.0,93,Postgraduate,Yes,Yes,73,94,91,40,86.0,Excellent,Pass,86.0,0-2 Hours,90-100%
S3512,17,Female,9,2.2,99,Graduate,Yes,Yes,56,43,54,86,51.0,Average,Pass,51.0,2-4 Hours,90-100%
S3513,18,Female,11,1.5,91,Graduate,No,No,66,52,38,70,52.0,Average,Pass,52.0,0-2 Hours,90-100%
S3514,19,Male,12,0.9,86,Postgraduate,No,No,77,82,49,85,69.33,Good,Pass,69.33,0-2 Hours,75-90%
S3515,15,Female,12,4.7,68,Graduate,No,Yes,53,87,59,50,66.33,Good,Pass,66.33,4-6 Hours,60-75%
S3516,18,Female,9,5.2,85,High School,No,No,50,77,75,59,67.33,Good,Pass,67.33,4-6 Hours,75-90%
S3517,15,Male,11,2.8,60,High School,No,No,73,39,65,42,59.0,Average,Pass,59.0,2-4 Hours,Below 60%
S3518,17,Male,9,3.7,52,Graduate,Yes,No,58,38,81,87,59.0,Average,Pass,59.0,2-4 Hours,Below 60%
S3519,18,Male,10,4.8,70,Postgraduate,No,No,45,60,61,54,55.33,Average,Pass,55.33,4-6 Hours,60-75%
S3520,14,Female,11,4.4,84,Graduate,Yes,No,53,81,44,86,59.33,Average,Pass,59.33,4-6 Hours,75-90%
S3521,14,Female,11,5.8,99,High School,No,No,42,74,72,48,62.67,Average,Pass,62.67,4-6 Hours,90-100%
S3522,19,Female,9,5.0,52,Graduate,No,Yes,94,59,100,79,84.33,Excellent,Pass,84.33,4-6 Hours,Below 60%
S3523,18,Female,11,4.1,59,High School,No,Yes,61,59,44,74,54.67,Average,Pass,54.67,4-6 Hours,Below 60%
S3524,15,Male,12,3.0,60,Postgraduate,No,Yes,87,59,90,42,78.67,Good,Pass,78.67,2-4 Hours,Below 60%
S3525,16,Male,10,1.4,90,Graduate,Yes,Yes,71,70,92,74,77.67,Good,Pass,77.67,0-2 Hours,75-90%
S3526,16,Male,12,4.9,83,High School,No,No,66,97,68,85,77.0,Good,Pass,77.0,4-6 Hours,75-90%
S3527,14,Female,11,3.7,59,Graduate,Yes,No,96,41,63,85,66.67,Good,Pass,66.67,2-4 Hours,Below 60%
S3528,14,Male,12,5.1,54,Graduate,Yes,Yes,42,96,93,68,77.0,Good,Pass,77.0,4-6 Hours,Below 60%
S3529,18,Male,12,4.4,70,Graduate,No,Yes,43,42,48,70,44.33,Poor,Fail,44.33,4-6 Hours,60-75%
S3530,19,Male,9,0.6,59,High School,Yes,No,71,63,75,81,69.67,Good,Pass,69.67,0-2 Hours,Below 60%
S3531,18,Male,9,3.2,75,High School,No,Yes,82,86,66,86,78.0,Good,Pass,78.0,2-4 Hours,60-75%
S3532,15,Male,10,3.3,62,Graduate,No,Yes,48,42,76,75,55.33,Average,Pass,55.33,2-4 Hours,60-75%
S3533,14,Male,10,3.9,50,High School,Yes,No,72,79,81,88,77.33,Good,Pass,77.33,2-4 Hours,Below 60%
S3534,17,Female,11,3.9,79,High School,Yes,No,97,74,46,58,72.33,Good,Pass,72.33,2-4 Hours,75-90%
S3535,19,Male,11,4.0,53,High School,No,No,70,88,55,79,71.0,Good,Pass,71.0,2-4 Hours,Below 60%
S3536,15,Female,11,3.5,80,Postgraduate,Yes,Yes,94,37,71,65,67.33,Good,Pass,67.33,2-4 Hours,75-90%
S3537,16,Male,9,0.5,66,High School,Yes,No,59,77,42,41,59.33,Average,Pass,59.33,0-2 Hours,60-75%
S3538,17,Female,9,0.9,80,Postgraduate,Yes,Yes,39,82,60,49,60.33,Average,Pass,60.33,0-2 Hours,75-90%
S3539,15,Male,11,5.3,79,Postgraduate,Yes,Yes,76,62,97,80,78.33,Good,Pass,78.33,4-6 Hours,75-90%
S3540,17,Male,11,5.8,88,Graduate,No,No,47,83,64,78,64.67,Average,Pass,64.67,4-6 Hours,75-90%
S3541,16,Male,11,2.2,96,Graduate,No,Yes,43,50,55,49,49.33,Poor,Fail,49.33,2-4 Hours,90-100%
S3542,19,Male,9,4.4,97,Graduate,No,Yes,80,93,86,70,86.33,Excellent,Pass,86.33,4-6 Hours,90-100%
S3543,14,Male,9,5.8,57,Postgraduate,No,Yes,35,57,81,84,57.67,Average,Pass,57.67,4-6 Hours,Below 60%
S3544,18,Female,9,2.2,51,Postgraduate,No,Yes,67,84,83,64,78.0,Good,Pass,78.0,2-4 Hours,Below 60%
S3545,15,Female,12,5.1,68,High School,Yes,No,82,62,45,84,63.0,Average,Pass,63.0,4-6 Hours,60-75%
S3546,17,Female,11,1.2,50,Graduate,No,Yes,88,70,83,62,80.33,Good,Pass,80.33,0-2 Hours,Below 60%
S3547,15,Female,11,1.7,54,High School,No,No,100,73,45,79,72.67,Good,Pass,72.67,0-2 Hours,Below 60%
S3548,16,Female,11,2.2,77,Postgraduate,Yes,Yes,91,94,47,51,77.33,Good,Pass,77.33,2-4 Hours,75-90%
S3549,15,Female,9,2.8,88,Graduate,No,Yes,85,90,90,74,88.33,Excellent,Pass,88.33,2-4 Hours,75-90%
S3550,16,Female,9,0.9,85,High School,No,No,71,43,64,86,59.33,Average,Pass,59.33,0-2 Hours,75-90%
S3551,14,Female,10,1.5,98,Postgraduate,No,No,86,73,94,81,84.33,Excellent,Pass,84.33,0-2 Hours,90-100%
S3552,18,Male,9,1.5,81,High School,No,No,75,85,36,42,65.33,Average,Pass,65.33,0-2 Hours,75-90%
S3553,18,Male,10,1.9,62,High School,Yes,Yes,66,63,41,87,56.67,Average,Pass,56.67,0-2 Hours,60-75%
S3554,19,Male,12,3.0,76,Postgraduate,Yes,Yes,83,47,88,55,72.67,Good,Pass,72.67,2-4 Hours,75-90%
S3555,14,Male,12,1.0,80,Graduate,No,No,74,52,90,80,72.0,Good,Pass,72.0,0-2 Hours,75-90%
S3556,19,Female,10,4.6,96,Graduate,No,No,94,38,90,78,74.0,Good,Pass,74.0,4-6 Hours,90-100%
S3557,14,Male,12,5.4,98,Graduate,No,Yes,51,46,73,84,56.67,Average,Pass,56.67,4-6 Hours,90-100%
S3558,19,Male,12,1.0,98,Postgraduate,No,No,79,72,82,65,77.67,Good,Pass,77.67,0-2 Hours,90-100%
S3559,15,Female,10,3.9,63,Graduate,Yes,No,90,37,96,62,74.33,Good,Pass,74.33,2-4 Hours,60-75%
S3560,17,Male,11,4.7,74,Graduate,No,No,47,84,35,81,55.33,Average,Pass,55.33,4-6 Hours,60-75%
S3561,14,Female,10,3.2,92,Postgraduate,Yes,No,59,87,66,81,70.67,Good,Pass,70.67,2-4 Hours,90-100%
S3562,17,Female,10,3.8,86,Graduate,Yes,No,47,91,61,74,66.33,Good,Pass,66.33,2-4 Hours,75-90%
S3563,15,Female,11,3.4,91,Graduate,Yes,No,89,41,35,41,55.0,Average,Pass,55.0,2-4 Hours,90-100%
S3564,16,Male,11,3.7,60,Graduate,Yes,No,68,83,35,95,62.0,Average,Pass,62.0,2-4 Hours,Below 60%
S3565,15,Male,12,1.0,62,Postgraduate,No,No,39,38,54,46,43.67,Poor,Fail,43.67,0-2 Hours,60-75%
S3566,15,Female,9,4.3,67,Postgraduate,Yes,No,78,98,44,68,73.33,Good,Pass,73.33,4-6 Hours,60-75%
S3567,17,Female,10,5.3,92,Graduate,No,No,45,54,85,57,61.33,Average,Pass,61.33,4-6 Hours,90-100%
S3568,16,Male,12,5.0,100,High School,Yes,Yes,87,53,68,48,69.33,Good,Pass,69.33,4-6 Hours,90-100%
S3569,14,Female,9,2.1,64,High School,No,No,97,86,66,55,83.0,Excellent,Pass,83.0,2-4 Hours,60-75%
S3570,18,Female,11,5.7,96,High School,No,No,86,95,36,58,72.33,Good,Pass,72.33,4-6 Hours,90-100%
S3571,14,Male,10,1.8,52,High School,No,Yes,89,86,84,73,86.33,Excellent,Pass,86.33,0-2 Hours,Below 60%
S3572,18,Female,12,1.8,65,High School,Yes,Yes,69,88,39,69,65.33,Average,Pass,65.33,0-2 Hours,60-75%
S3573,19,Male,10,1.0,65,High School,Yes,No,72,80,92,41,81.33,Excellent,Pass,81.33,0-2 Hours,60-75%
S3574,16,Female,11,2.9,53,Graduate,No,No,73,64,91,80,76.0,Good,Pass,76.0,2-4 Hours,Below 60%
S3575,15,Male,10,3.5,66,High School,No,Yes,53,96,40,83,63.0,Average,Pass,63.0,2-4 Hours,60-75%
S3576,19,Female,10,5.2,89,High School,Yes,No,89,91,49,47,76.33,Good,Pass,76.33,4-6 Hours,75-90%
S3577,17,Female,11,1.7,61,Postgraduate,Yes,No,86,64,82,58,77.33,Good,Pass,77.33,0-2 Hours,60-75%
S3578,17,Male,11,2.5,71,Graduate,No,No,91,64,53,48,69.33,Good,Pass,69.33,2-4 Hours,60-75%
S3579,15,Male,11,3.7,52,Graduate,Yes,Yes,55,48,90,62,64.33,Average,Pass,64.33,2-4 Hours,Below 60%
S3580,18,Female,10,4.7,93,Graduate,Yes,No,38,59,90,67,62.33,Average,Pass,62.33,4-6 Hours,90-100%
S3581,18,Male,10,3.3,62,Postgraduate,No,Yes,67,99,93,87,86.33,Excellent,Pass,86.33,2-4 Hours,60-75%
S3582,14,Female,9,1.9,69,Graduate,No,Yes,52,46,68,90,55.33,Average,Pass,55.33,0-2 Hours,60-75%
S3583,14,Male,10,4.3,71,Postgraduate,Yes,No,82,69,81,51,77.33,Good,Pass,77.33,4-6 Hours,60-75%
S3584,17,Female,11,4.3,87,Postgraduate,No,No,91,77,87,46,85.0,Excellent,Pass,85.0,4-6 Hours,75-90%
S3585,16,Male,12,4.2,90,High School,No,Yes,70,74,37,60,60.33,Average,Pass,60.33,4-6 Hours,75-90%
S3586,17,Female,12,1.7,74,Graduate,No,No,69,67,82,79,72.67,Good,Pass,72.67,0-2 Hours,60-75%
S3587,18,Male,9,5.8,75,Graduate,Yes,Yes,43,99,46,44,62.67,Average,Pass,62.67,4-6 Hours,60-75%
S3588,17,Female,12,0.5,65,High School,Yes,No,87,63,49,43,66.33,Good,Pass,66.33,0-2 Hours,60-75%
S3589,15,Female,12,0.8,64,High School,Yes,No,44,64,75,54,61.0,Average,Pass,61.0,0-2 Hours,60-75%
S3590,17,Male,10,4.0,70,Graduate,No,Yes,36,42,93,72,57.0,Average,Pass,57.0,2-4 Hours,60-75%
S3591,18,Male,12,4.3,52,High School,No,Yes,59,55,82,44,65.33,Average,Pass,65.33,4-6 Hours,Below 60%
S3592,14,Male,10,0.8,56,Postgraduate,Yes,Yes,64,77,54,89,65.0,Average,Pass,65.0,0-2 Hours,Below 60%
S3593,19,Female,11,2.1,53,Postgraduate,No,No,77,69,39,82,61.67,Average,Pass,61.67,2-4 Hours,Below 60%
S3594,16,Female,11,5.2,89,Postgraduate,No,No,85,74,44,89,67.67,Good,Pass,67.67,4-6 Hours,75-90%
S3595,18,Male,12,5.8,81,Postgraduate,No,No,71,51,76,95,66.0,Good,Pass,66.0,4-6 Hours,75-90%
S3596,19,Female,9,3.1,65,Postgraduate,Yes,No,100,73,67,81,80.0,Good,Pass,80.0,2-4 Hours,60-75%
S3597,16,Female,12,2.9,74,High School,Yes,Yes,83,88,96,71,89.0,Excellent,Pass,89.0,2-4 Hours,60-75%
S3598,16,Female,10,3.5,60,Graduate,No,Yes,45,35,83,78,54.33,Average,Pass,54.33,2-4 Hours,Below 60%
S3599,16,Male,9,2.4,72,Postgraduate,No,No,66,60,65,71,63.67,Average,Pass,63.67,2-4 Hours,60-75%
S3600,14,Male,10,3.7,69,Postgraduate,No,No,40,62,42,85,48.0,Poor,Fail,48.0,2-4 Hours,60-75%
S3601,18,Female,10,4.0,53,Postgraduate,Yes,No,85,64,49,51,66.0,Good,Pass,66.0,2-4 Hours,Below 60%
S3602,16,Female,9,5.5,97,High School,Yes,No,90,57,66,59,71.0,Good,Pass,71.0,4-6 Hours,90-100%
S3603,15,Male,10,5.0,58,High School,Yes,No,58,69,48,78,58.33,Average,Pass,58.33,4-6 Hours,Below 60%
S3604,18,Male,10,2.2,62,Graduate,No,Yes,63,85,36,53,61.33,Average,Pass,61.33,2-4 Hours,60-75%
S3605,19,Male,11,3.2,66,High School,No,Yes,94,65,97,80,85.33,Excellent,Pass,85.33,2-4 Hours,60-75%
S3606,14,Male,12,4.1,69,High School,No,Yes,53,100,76,66,76.33,Good,Pass,76.33,4-6 Hours,60-75%
S3607,14,Female,10,5.2,78,High School,Yes,No,69,68,93,74,76.67,Good,Pass,76.67,4-6 Hours,75-90%
S3608,16,Male,12,4.3,55,Graduate,Yes,No,76,94,55,82,75.0,Good,Pass,75.0,4-6 Hours,Below 60%
S3609,18,Female,11,4.9,99,High School,No,Yes,91,66,81,54,79.33,Good,Pass,79.33,4-6 Hours,90-100%
S3610,16,Female,9,5.4,74,Postgraduate,No,Yes,44,75,95,72,71.33,Good,Pass,71.33,4-6 Hours,60-75%
S3611,14,Female,12,3.1,53,High School,No,Yes,87,56,81,79,74.67,Good,Pass,74.67,2-4 Hours,Below 60%
S3612,15,Male,11,3.9,58,High School,No,Yes,54,93,47,77,64.67,Average,Pass,64.67,2-4 Hours,Below 60%
S3613,18,Male,9,4.8,65,Postgraduate,No,Yes,79,84,39,74,67.33,Good,Pass,67.33,4-6 Hours,60-75%
S3614,19,Male,11,2.8,74,Postgraduate,Yes,No,76,100,47,86,74.33,Good,Pass,74.33,2-4 Hours,60-75%
S3615,16,Male,11,3.0,54,High School,No,Yes,53,41,55,48,49.67,Poor,Fail,49.67,2-4 Hours,Below 60%
S3616,15,Female,10,3.4,81,High School,Yes,No,92,64,85,57,80.33,Good,Pass,80.33,2-4 Hours,75-90%
S3617,19,Female,11,2.7,53,Postgraduate,No,No,70,98,86,69,84.67,Excellent,Pass,84.67,2-4 Hours,Below 60%
S3618,19,Male,12,2.5,93,Postgraduate,No,No,71,59,78,83,69.33,Good,Pass,69.33,2-4 Hours,90-100%
S3619,19,Male,10,1.3,59,Postgraduate,No,No,89,85,86,82,86.67,Excellent,Pass,86.67,0-2 Hours,Below 60%
S3620,14,Male,10,6.0,94,Postgraduate,Yes,Yes,86,37,87,52,70.0,Good,Pass,70.0,4-6 Hours,90-100%
S3621,14,Female,11,4.7,94,Postgraduate,Yes,Yes,74,51,93,47,72.67,Good,Pass,72.67,4-6 Hours,90-100%
S3622,14,Female,9,1.5,50,High School,Yes,No,69,93,86,91,82.67,Excellent,Pass,82.67,0-2 Hours,Below 60%
S3623,18,Male,11,5.9,97,High School,No,No,81,37,55,58,57.67,Average,Pass,57.67,4-6 Hours,90-100%
S3624,16,Female,9,1.5,54,Postgraduate,Yes,No,77,54,64,58,65.0,Average,Pass,65.0,0-2 Hours,Below 60%
S3625,16,Female,9,5.7,84,High School,No,Yes,67,64,38,50,56.33,Average,Pass,56.33,4-6 Hours,75-90%
S3626,17,Male,12,1.0,73,Graduate,Yes,Yes,64,51,52,40,55.67,Average,Pass,55.67,0-2 Hours,60-75%
S3627,19,Female,10,0.5,67,High School,No,Yes,43,37,89,86,56.33,Average,Pass,56.33,0-2 Hours,60-75%
S3628,19,Female,10,2.7,98,Postgraduate,No,Yes,88,84,59,41,77.0,Good,Pass,77.0,2-4 Hours,90-100%
S3629,15,Female,11,1.8,89,High School,Yes,Yes,40,36,71,83,49.0,Poor,Fail,49.0,0-2 Hours,75-90%
S3630,16,Male,12,5.0,90,Graduate,No,No,59,62,71,49,64.0,Average,Pass,64.0,4-6 Hours,75-90%
S3631,14,Female,11,1.3,74,High School,No,No,84,55,49,45,62.67,Average,Pass,62.67,0-2 Hours,60-75%
S3632,19,Female,12,5.9,62,High School,Yes,Yes,45,72,93,59,70.0,Good,Pass,70.0,4-6 Hours,60-75%
S3633,15,Male,9,5.8,58,Graduate,No,Yes,42,74,96,82,70.67,Good,Pass,70.67,4-6 Hours,Below 60%
S3634,17,Male,12,3.4,89,Graduate,Yes,No,60,39,77,57,58.67,Average,Pass,58.67,2-4 Hours,75-90%
S3635,18,Male,11,3.1,55,Postgraduate,No,No,62,74,86,92,74.0,Good,Pass,74.0,2-4 Hours,Below 60%
S3636,16,Female,10,2.5,71,High School,Yes,No,77,57,79,95,71.0,Good,Pass,71.0,2-4 Hours,60-75%
S3637,15,Female,9,3.8,90,High School,No,Yes,99,95,99,73,97.67,Excellent,Pass,97.67,2-4 Hours,75-90%
S3638,16,Female,10,5.3,60,Graduate,No,Yes,37,86,66,57,63.0,Average,Pass,63.0,4-6 Hours,Below 60%
S3639,17,Male,12,4.9,55,Postgraduate,No,Yes,49,97,78,45,74.67,Good,Pass,74.67,4-6 Hours,Below 60%
S3640,17,Male,11,4.8,70,Postgraduate,No,No,89,78,38,93,68.33,Good,Pass,68.33,4-6 Hours,60-75%
S3641,15,Female,9,2.7,84,High School,Yes,No,81,51,83,41,71.67,Good,Pass,71.67,2-4 Hours,75-90%
S3642,17,Female,11,5.5,92,Graduate,No,Yes,52,78,69,92,66.33,Good,Pass,66.33,4-6 Hours,90-100%
S3643,15,Female,11,5.8,53,High School,No,No,87,86,76,64,83.0,Excellent,Pass,83.0,4-6 Hours,Below 60%
S3644,17,Male,12,4.0,73,Postgraduate,No,No,70,46,52,53,56.0,Average,Pass,56.0,2-4 Hours,60-75%
S3645,17,Female,10,4.8,99,Postgraduate,Yes,Yes,91,97,91,48,93.0,Excellent,Pass,93.0,4-6 Hours,90-100%
S3646,18,Male,11,1.2,63,Postgraduate,No,No,68,68,99,88,78.33,Good,Pass,78.33,0-2 Hours,60-75%
S3647,16,Female,11,1.7,79,Graduate,No,No,85,54,80,74,73.0,Good,Pass,73.0,0-2 Hours,75-90%
S3648,14,Female,9,3.0,58,Postgraduate,No,Yes,96,83,55,64,78.0,Good,Pass,78.0,2-4 Hours,Below 60%
S3649,19,Male,11,1.9,65,Postgraduate,No,No,63,65,59,83,62.33,Average,Pass,62.33,0-2 Hours,60-75%
S3650,17,Female,9,0.6,84,Graduate,No,No,68,60,37,79,55.0,Average,Pass,55.0,0-2 Hours,75-90%
S3651,16,Female,9,2.4,100,Graduate,Yes,No,56,60,83,61,66.33,Good,Pass,66.33,2-4 Hours,90-100%
S3652,14,Male,10,3.7,81,Postgraduate,No,Yes,51,42,35,60,42.67,Poor,Fail,42.67,2-4 Hours,75-90%
S3653,16,Male,12,1.2,56,Graduate,Yes,No,96,36,72,52,68.0,Good,Pass,68.0,0-2 Hours,Below 60%
S3654,16,Male,9,5.4,97,Graduate,No,Yes,60,72,81,79,71.0,Good,Pass,71.0,4-6 Hours,90-100%
S3655,15,Female,10,0.8,89,Graduate,Yes,Yes,40,96,41,87,59.0,Average,Pass,59.0,0-2 Hours,75-90%
S3656,18,Male,11,1.6,52,Postgraduate,No,No,91,73,53,84,72.33,Good,Pass,72.33,0-2 Hours,Below 60%
S3657,18,Male,11,5.4,99,Postgraduate,No,No,77,42,44,66,54.33,Average,Pass,54.33,4-6 Hours,90-100%
S3658,16,Female,9,3.3,82,Graduate,No,No,79,82,81,75,80.67,Good,Pass,80.67,2-4 Hours,75-90%
S3659,15,Male,12,5.4,63,Graduate,No,Yes,67,51,60,57,59.33,Average,Pass,59.33,4-6 Hours,60-75%
S3660,16,Female,10,4.6,78,Graduate,No,No,62,85,71,54,72.67,Good,Pass,72.67,4-6 Hours,75-90%
S3661,19,Male,10,5.6,91,Graduate,No,Yes,73,67,41,92,60.33,Average,Pass,60.33,4-6 Hours,90-100%
S3662,14,Female,10,4.6,96,Postgraduate,Yes,No,73,72,65,64,70.0,Good,Pass,70.0,4-6 Hours,90-100%
S3663,15,Male,12,3.1,76,Graduate,Yes,Yes,86,67,65,60,72.67,Good,Pass,72.67,2-4 Hours,75-90%
S3664,19,Male,9,1.3,81,Graduate,Yes,Yes,70,85,73,90,76.0,Good,Pass,76.0,0-2 Hours,75-90%
S3665,17,Male,11,5.3,95,Postgraduate,No,Yes,97,81,52,88,76.67,Good,Pass,76.67,4-6 Hours,90-100%
S3666,19,Male,12,5.3,97,Postgraduate,No,No,80,60,91,71,77.0,Good,Pass,77.0,4-6 Hours,90-100%
S3667,14,Female,11,3.0,71,Postgraduate,Yes,No,66,54,36,53,52.0,Average,Pass,52.0,2-4 Hours,60-75%
S3668,14,Male,12,4.5,62,High School,No,Yes,93,52,63,88,69.33,Good,Pass,69.33,4-6 Hours,60-75%
S3669,15,Female,10,3.5,78,Graduate,Yes,No,55,89,55,81,66.33,Good,Pass,66.33,2-4 Hours,75-90%
S3670,14,Male,10,5.1,57,Postgraduate,No,Yes,66,60,44,90,56.67,Average,Pass,56.67,4-6 Hours,Below 60%
S3671,17,Female,12,5.9,96,Postgraduate,Yes,Yes,41,55,52,49,49.33,Poor,Fail,49.33,4-6 Hours,90-100%
S3672,19,Male,10,1.8,52,Graduate,Yes,Yes,41,67,91,48,66.33,Good,Pass,66.33,0-2 Hours,Below 60%
S3673,19,Male,11,1.1,72,Postgraduate,Yes,No,50,99,38,70,62.33,Average,Pass,62.33,0-2 Hours,60-75%
S3674,14,Female,12,5.7,82,Graduate,No,Yes,48,67,96,73,70.33,Good,Pass,70.33,4-6 Hours,75-90%
S3675,18,Female,9,5.6,79,Postgraduate,No,No,90,71,59,94,73.33,Good,Pass,73.33,4-6 Hours,75-90%
S3676,14,Female,11,0.5,69,Graduate,No,No,46,82,70,71,66.0,Good,Pass,66.0,0-2 Hours,60-75%
S3677,19,Male,12,3.1,62,Postgraduate,Yes,No,82,88,72,62,80.67,Good,Pass,80.67,2-4 Hours,60-75%
S3678,14,Male,10,3.5,58,High School,No,No,85,38,73,78,65.33,Average,Pass,65.33,2-4 Hours,Below 60%
S3679,16,Male,10,5.7,91,Postgraduate,No,Yes,84,52,46,65,60.67,Average,Pass,60.67,4-6 Hours,90-100%
S3680,18,Male,12,0.7,73,Postgraduate,No,Yes,47,72,53,85,57.33,Average,Pass,57.33,0-2 Hours,60-75%
S3681,16,Female,9,4.5,71,Graduate,No,No,54,44,50,82,49.33,Poor,Fail,49.33,4-6 Hours,60-75%
S3682,14,Female,10,2.9,76,High School,Yes,No,79,45,99,54,74.33,Good,Pass,74.33,2-4 Hours,75-90%
S3683,14,Male,9,4.5,90,Postgraduate,Yes,Yes,90,75,63,46,76.0,Good,Pass,76.0,4-6 Hours,75-90%
S3684,18,Female,12,4.6,100,Postgraduate,Yes,No,94,77,83,43,84.67,Excellent,Pass,84.67,4-6 Hours,90-100%
S3685,19,Female,10,3.1,79,Graduate,Yes,No,87,53,70,79,70.0,Good,Pass,70.0,2-4 Hours,75-90%
S3686,15,Female,9,4.6,62,Postgraduate,No,Yes,86,35,96,69,72.33,Good,Pass,72.33,4-6 Hours,60-75%
S3687,15,Male,11,4.4,59,Postgraduate,Yes,No,58,81,58,62,65.67,Average,Pass,65.67,4-6 Hours,Below 60%
S3688,17,Male,12,5.1,75,Graduate,Yes,No,98,87,84,70,89.67,Excellent,Pass,89.67,4-6 Hours,60-75%
S3689,18,Female,12,3.8,77,High School,No,Yes,73,86,89,85,82.67,Excellent,Pass,82.67,2-4 Hours,75-90%
S3690,18,Female,12,4.1,53,Postgraduate,Yes,No,51,50,93,60,64.67,Average,Pass,64.67,4-6 Hours,Below 60%
S3691,14,Male,11,5.9,51,Postgraduate,Yes,No,70,72,89,54,77.0,Good,Pass,77.0,4-6 Hours,Below 60%
S3692,18,Male,12,4.7,93,Postgraduate,No,Yes,53,79,42,84,58.0,Average,Pass,58.0,4-6 Hours,90-100%
S3693,16,Female,9,3.7,51,Graduate,Yes,No,65,80,78,75,74.33,Good,Pass,74.33,2-4 Hours,Below 60%
S3694,18,Female,11,1.8,100,Graduate,Yes,Yes,82,40,39,80,53.67,Average,Pass,53.67,0-2 Hours,90-100%
S3695,19,Female,11,1.7,87,Postgraduate,Yes,No,63,91,99,56,84.33,Excellent,Pass,84.33,0-2 Hours,75-90%
S3696,15,Male,10,4.9,55,Graduate,Yes,Yes,57,62,69,94,62.67,Average,Pass,62.67,4-6 Hours,Below 60%
S3697,16,Male,9,1.3,58,Postgraduate,No,Yes,69,37,40,68,48.67,Poor,Fail,48.67,0-2 Hours,Below 60%
S3698,18,Female,12,3.4,71,High School,No,Yes,63,86,87,65,78.67,Good,Pass,78.67,2-4 Hours,60-75%
S3699,15,Male,11,4.8,67,Postgraduate,No,Yes,36,61,71,56,56.0,Average,Pass,56.0,4-6 Hours,60-75%
S3700,15,Male,12,2.3,50,High School,Yes,Yes,83,100,95,86,92.67,Excellent,Pass,92.67,2-4 Hours,Below 60%
S3701,19,Female,10,4.7,65,Graduate,Yes,Yes,65,90,51,80,68.67,Good,Pass,68.67,4-6 Hours,60-75%
S3702,16,Male,10,3.3,91,Postgraduate,Yes,Yes,89,37,68,77,64.67,Average,Pass,64.67,2-4 Hours,90-100%
S3703,15,Male,12,5.2,100,Postgraduate,Yes,Yes,41,76,74,69,63.67,Average,Pass,63.67,4-6 Hours,90-100%
S3704,19,Female,11,3.6,50,High School,No,No,91,65,38,48,64.67,Average,Pass,64.67,2-4 Hours,Below 60%
S3705,14,Male,11,2.6,63,Graduate,Yes,Yes,74,79,39,50,64.0,Average,Pass,64.0,2-4 Hours,60-75%
S3706,14,Female,10,1.3,55,Postgraduate,No,No,80,78,82,54,80.0,Good,Pass,80.0,0-2 Hours,Below 60%
S3707,14,Male,11,3.3,53,Graduate,No,Yes,68,37,44,87,49.67,Poor,Fail,49.67,2-4 Hours,Below 60%
S3708,17,Female,11,1.4,69,Graduate,No,No,49,35,67,89,50.33,Average,Pass,50.33,0-2 Hours,60-75%
S3709,18,Male,9,1.2,51,High School,Yes,Yes,91,94,42,73,75.67,Good,Pass,75.67,0-2 Hours,Below 60%
S3710,17,Female,12,4.5,64,Postgraduate,No,No,43,95,51,78,63.0,Average,Pass,63.0,4-6 Hours,60-75%
S3711,18,Female,9,4.5,82,Graduate,Yes,Yes,98,69,71,53,79.33,Good,Pass,79.33,4-6 Hours,75-90%
S3712,19,Female,9,1.8,73,Graduate,No,Yes,99,97,74,87,90.0,Excellent,Pass,90.0,0-2 Hours,60-75%
S3713,14,Male,9,4.3,71,Postgraduate,Yes,Yes,44,59,55,86,52.67,Average,Pass,52.67,4-6 Hours,60-75%
S3714,17,Male,9,5.7,50,High School,Yes,Yes,84,79,78,95,80.33,Good,Pass,80.33,4-6 Hours,Below 60%
S3715,19,Male,9,3.8,51,Graduate,No,No,95,65,86,54,82.0,Excellent,Pass,82.0,2-4 Hours,Below 60%
S3716,18,Female,12,1.0,96,Graduate,No,No,56,54,87,44,65.67,Average,Pass,65.67,0-2 Hours,90-100%
S3717,19,Female,11,1.3,58,Graduate,Yes,Yes,47,87,88,91,74.0,Good,Pass,74.0,0-2 Hours,Below 60%
S3718,18,Male,11,0.6,73,High School,No,No,92,50,62,42,68.0,Good,Pass,68.0,0-2 Hours,60-75%
S3719,17,Female,10,2.1,61,High School,No,Yes,56,72,45,66,57.67,Average,Pass,57.67,2-4 Hours,60-75%
S3720,18,Female,9,1.3,95,High School,No,No,86,67,47,64,66.67,Good,Pass,66.67,0-2 Hours,90-100%
S3721,14,Female,9,5.9,90,Graduate,Yes,Yes,85,38,73,80,65.33,Average,Pass,65.33,4-6 Hours,75-90%
S3722,15,Female,9,2.3,64,Graduate,Yes,No,74,68,72,40,71.33,Good,Pass,71.33,2-4 Hours,60-75%
S3723,19,Male,10,1.0,82,Postgraduate,No,No,61,46,74,58,60.33,Average,Pass,60.33,0-2 Hours,75-90%
S3724,16,Female,10,4.7,80,High School,No,No,68,38,100,46,68.67,Good,Pass,68.67,4-6 Hours,75-90%
S3725,16,Female,11,4.1,93,High School,No,No,68,43,83,65,64.67,Average,Pass,64.67,4-6 Hours,90-100%
S3726,19,Male,10,3.7,96,Graduate,Yes,No,90,63,42,53,65.0,Average,Pass,65.0,2-4 Hours,90-100%
S3727,16,Male,9,1.9,100,High School,No,Yes,44,66,58,40,56.0,Average,Pass,56.0,0-2 Hours,90-100%
S3728,18,Female,10,1.0,62,Graduate,No,Yes,85,93,41,76,73.0,Good,Pass,73.0,0-2 Hours,60-75%
S3729,16,Male,12,1.3,89,High School,Yes,No,53,81,77,67,70.33,Good,Pass,70.33,0-2 Hours,75-90%
S3730,19,Female,12,2.9,55,High School,Yes,Yes,75,43,38,69,52.0,Average,Pass,52.0,2-4 Hours,Below 60%
S3731,15,Male,9,4.3,67,High School,Yes,No,92,96,76,80,88.0,Excellent,Pass,88.0,4-6 Hours,60-75%
S3732,18,Female,12,1.1,79,Postgraduate,Yes,No,91,92,37,77,73.33,Good,Pass,73.33,0-2 Hours,75-90%
S3733,17,Male,11,4.2,57,Postgraduate,No,Yes,76,35,91,44,67.33,Good,Pass,67.33,4-6 Hours,Below 60%
S3734,17,Male,10,0.5,91,Postgraduate,No,Yes,43,70,61,69,58.0,Average,Pass,58.0,0-2 Hours,90-100%
S3735,17,Female,10,3.7,75,High School,Yes,No,73,47,84,82,68.0,Good,Pass,68.0,2-4 Hours,60-75%
S3736,16,Female,11,1.4,54,Graduate,No,No,68,82,99,71,83.0,Excellent,Pass,83.0,0-2 Hours,Below 60%
S3737,19,Male,11,2.7,61,Postgraduate,Yes,No,80,100,53,50,77.67,Good,Pass,77.67,2-4 Hours,60-75%
S3738,17,Male,9,2.4,96,High School,No,Yes,92,56,36,73,61.33,Average,Pass,61.33,2-4 Hours,90-100%
S3739,14,Male,11,3.9,78,High School,No,No,54,40,95,57,63.0,Average,Pass,63.0,2-4 Hours,75-90%
S3740,19,Male,12,1.9,84,Postgraduate,Yes,Yes,68,41,93,83,67.33,Good,Pass,67.33,0-2 Hours,75-90%
S3741,17,Female,11,2.0,55,Graduate,No,No,74,49,95,59,72.67,Good,Pass,72.67,0-2 Hours,Below 60%
S3742,18,Female,9,4.7,97,Graduate,Yes,Yes,63,92,42,95,65.67,Average,Pass,65.67,4-6 Hours,90-100%
S3743,19,Male,12,1.3,52,Postgraduate,Yes,Yes,74,72,67,81,71.0,Good,Pass,71.0,0-2 Hours,Below 60%
S3744,16,Female,10,5.6,54,High School,No,No,68,61,45,89,58.0,Average,Pass,58.0,4-6 Hours,Below 60%
S3745,19,Male,11,2.8,72,High School,Yes,No,37,91,94,94,74.0,Good,Pass,74.0,2-4 Hours,60-75%
S3746,19,Female,11,1.6,68,Postgraduate,No,No,90,62,36,55,62.67,Average,Pass,62.67,0-2 Hours,60-75%
S3747,19,Female,12,2.0,52,Postgraduate,No,No,64,66,44,84,58.0,Average,Pass,58.0,0-2 Hours,Below 60%
S3748,14,Female,12,5.6,59,High School,Yes,Yes,58,37,88,80,61.0,Average,Pass,61.0,4-6 Hours,Below 60%
S3749,17,Male,11,0.5,60,Graduate,No,Yes,99,93,100,58,97.33,Excellent,Pass,97.33,0-2 Hours,Below 60%
S3750,15,Female,9,4.0,85,Postgraduate,Yes,No,68,54,59,87,60.33,Average,Pass,60.33,2-4 Hours,75-90%
S3751,19,Male,9,4.1,51,High School,No,Yes,99,83,72,79,84.67,Excellent,Pass,84.67,4-6 Hours,Below 60%
S3752,14,Male,12,4.2,100,High School,Yes,Yes,84,46,53,52,61.0,Average,Pass,61.0,4-6 Hours,90-100%
S3753,15,Female,9,4.9,64,High School,No,Yes,100,48,80,69,76.0,Good,Pass,76.0,4-6 Hours,60-75%
S3754,19,Female,9,0.6,56,Postgraduate,No,Yes,79,59,68,83,68.67,Good,Pass,68.67,0-2 Hours,Below 60%
S3755,16,Male,9,5.4,93,High School,Yes,Yes,56,80,69,67,68.33,Good,Pass,68.33,4-6 Hours,90-100%
S3756,19,Female,10,2.0,97,High School,No,Yes,79,47,66,63,64.0,Average,Pass,64.0,0-2 Hours,90-100%
S3757,17,Male,12,0.7,94,Postgraduate,Yes,No,40,70,48,70,52.67,Average,Pass,52.67,0-2 Hours,90-100%
S3758,18,Female,9,5.9,88,Postgraduate,No,Yes,95,80,56,43,77.0,Good,Pass,77.0,4-6 Hours,75-90%
S3759,14,Male,11,0.9,68,Graduate,No,No,48,37,46,87,43.67,Poor,Fail,43.67,0-2 Hours,60-75%
S3760,16,Male,12,1.7,72,High School,No,Yes,58,87,60,63,68.33,Good,Pass,68.33,0-2 Hours,60-75%
S3761,16,Male,9,1.1,73,Postgraduate,No,No,39,59,69,44,55.67,Average,Pass,55.67,0-2 Hours,60-75%
S3762,15,Female,10,5.6,91,High School,Yes,Yes,66,40,90,63,65.33,Average,Pass,65.33,4-6 Hours,90-100%
S3763,16,Male,9,3.3,80,High School,No,No,44,50,100,67,64.67,Average,Pass,64.67,2-4 Hours,75-90%
S3764,17,Male,9,2.5,54,Postgraduate,Yes,No,90,40,99,71,76.33,Good,Pass,76.33,2-4 Hours,Below 60%
S3765,17,Male,9,3.2,77,Graduate,Yes,Yes,43,58,42,71,47.67,Poor,Fail,47.67,2-4 Hours,75-90%
S3766,15,Male,10,5.6,75,Postgraduate,Yes,Yes,43,98,43,45,61.33,Average,Pass,61.33,4-6 Hours,60-75%
S3767,18,Male,9,5.9,66,High School,Yes,No,92,59,43,40,64.67,Average,Pass,64.67,4-6 Hours,60-75%
S3768,17,Female,9,3.6,63,Graduate,Yes,Yes,82,66,36,91,61.33,Average,Pass,61.33,2-4 Hours,60-75%
S3769,17,Male,11,4.5,56,Graduate,Yes,Yes,42,42,80,56,54.67,Average,Pass,54.67,4-6 Hours,Below 60%
S3770,18,Female,10,4.2,82,Graduate,No,No,37,92,42,73,57.0,Average,Pass,57.0,4-6 Hours,75-90%
S3771,14,Male,12,4.5,77,High School,Yes,No,49,94,97,71,80.0,Good,Pass,80.0,4-6 Hours,75-90%
S3772,14,Female,12,2.1,71,Graduate,No,Yes,39,82,42,89,54.33,Average,Pass,54.33,2-4 Hours,60-75%
S3773,14,Male,11,4.8,79,Graduate,No,No,54,78,55,72,62.33,Average,Pass,62.33,4-6 Hours,75-90%
S3774,17,Male,11,1.6,56,Postgraduate,No,Yes,39,42,47,85,42.67,Poor,Fail,42.67,0-2 Hours,Below 60%
S3775,15,Male,11,4.7,67,High School,Yes,Yes,68,94,48,89,70.0,Good,Pass,70.0,4-6 Hours,60-75%
S3776,17,Female,9,3.0,83,Graduate,Yes,Yes,82,63,72,63,72.33,Good,Pass,72.33,2-4 Hours,75-90%
S3777,19,Female,9,4.3,89,High School,No,No,53,100,61,87,71.33,Good,Pass,71.33,4-6 Hours,75-90%
S3778,15,Male,12,3.3,69,Postgraduate,Yes,No,89,92,74,66,85.0,Excellent,Pass,85.0,2-4 Hours,60-75%
S3779,19,Female,11,1.3,64,High School,No,Yes,85,72,94,79,83.67,Excellent,Pass,83.67,0-2 Hours,60-75%
S3780,17,Male,11,3.9,99,High School,Yes,No,55,62,83,94,66.67,Good,Pass,66.67,2-4 Hours,90-100%
S3781,14,Female,9,0.9,66,High School,Yes,No,92,45,44,50,60.33,Average,Pass,60.33,0-2 Hours,60-75%
S3782,17,Female,9,5.4,84,Postgraduate,Yes,Yes,82,58,61,53,67.0,Good,Pass,67.0,4-6 Hours,75-90%
S3783,15,Female,9,3.5,67,High School,No,Yes,49,98,57,67,68.0,Good,Pass,68.0,2-4 Hours,60-75%
S3784,15,Female,11,5.8,67,High School,No,Yes,77,39,41,50,52.33,Average,Pass,52.33,4-6 Hours,60-75%
S3785,17,Male,10,5.0,76,High School,No,Yes,89,56,98,56,81.0,Excellent,Pass,81.0,4-6 Hours,75-90%
S3786,15,Female,9,4.2,95,Graduate,Yes,No,94,76,44,76,71.33,Good,Pass,71.33,4-6 Hours,90-100%
S3787,18,Female,11,2.1,74,Postgraduate,No,Yes,52,36,100,50,62.67,Average,Pass,62.67,2-4 Hours,60-75%
S3788,16,Female,10,2.7,61,Graduate,No,No,76,54,45,60,58.33,Average,Pass,58.33,2-4 Hours,60-75%
S3789,16,Male,10,0.7,56,Graduate,Yes,Yes,98,98,66,48,87.33,Excellent,Pass,87.33,0-2 Hours,Below 60%
S3790,14,Male,9,3.6,81,Graduate,Yes,No,81,83,45,74,69.67,Good,Pass,69.67,2-4 Hours,75-90%
S3791,14,Female,10,0.9,68,Postgraduate,No,Yes,76,74,79,42,76.33,Good,Pass,76.33,0-2 Hours,60-75%
S3792,15,Male,11,2.7,68,Graduate,Yes,No,45,52,99,59,65.33,Average,Pass,65.33,2-4 Hours,60-75%
S3793,19,Male,10,2.8,60,Graduate,No,Yes,50,57,97,93,68.0,Good,Pass,68.0,2-4 Hours,Below 60%
S3794,18,Female,9,3.2,85,High School,No,No,71,43,56,77,56.67,Average,Pass,56.67,2-4 Hours,75-90%
S3795,19,Male,9,6.0,71,Graduate,Yes,Yes,35,54,44,54,44.33,Poor,Fail,44.33,4-6 Hours,60-75%
S3796,18,Female,12,1.4,50,High School,No,No,76,98,92,57,88.67,Excellent,Pass,88.67,0-2 Hours,Below 60%
S3797,16,Female,9,0.7,56,Postgraduate,No,Yes,38,71,60,49,56.33,Average,Pass,56.33,0-2 Hours,Below 60%
S3798,15,Female,11,1.3,77,Graduate,Yes,Yes,63,77,81,54,73.67,Good,Pass,73.67,0-2 Hours,75-90%
S3799,19,Female,9,1.1,74,Postgraduate,Yes,No,96,65,39,51,66.67,Good,Pass,66.67,0-2 Hours,60-75%
S3800,18,Male,11,5.6,82,High School,Yes,Yes,55,66,64,64,61.67,Average,Pass,61.67,4-6 Hours,75-90%
S3801,17,Male,9,3.2,80,Graduate,Yes,No,61,60,79,72,66.67,Good,Pass,66.67,2-4 Hours,75-90%
S3802,19,Female,10,4.3,68,High School,No,No,91,64,82,87,79.0,Good,Pass,79.0,4-6 Hours,60-75%
S3803,15,Male,12,2.7,57,High School,Yes,Yes,94,43,98,65,78.33,Good,Pass,78.33,2-4 Hours,Below 60%
S3804,16,Male,9,4.8,84,Graduate,No,No,95,81,48,72,74.67,Good,Pass,74.67,4-6 Hours,75-90%
S3805,15,Female,9,2.1,74,Graduate,No,Yes,81,53,94,85,76.0,Good,Pass,76.0,2-4 Hours,60-75%
S3806,15,Male,12,3.5,52,High School,Yes,Yes,88,70,67,44,75.0,Good,Pass,75.0,2-4 Hours,Below 60%
S3807,18,Female,9,5.4,86,High School,Yes,Yes,47,86,63,67,65.33,Average,Pass,65.33,4-6 Hours,75-90%
S3808,18,Female,10,4.8,88,High School,Yes,Yes,58,95,96,41,83.0,Excellent,Pass,83.0,4-6 Hours,75-90%
S3809,15,Female,11,5.7,50,Postgraduate,Yes,No,71,68,87,80,75.33,Good,Pass,75.33,4-6 Hours,Below 60%
S3810,15,Female,10,2.8,56,Postgraduate,No,No,78,38,46,70,54.0,Average,Pass,54.0,2-4 Hours,Below 60%
S3811,16,Male,11,5.5,74,Graduate,No,No,86,83,84,64,84.33,Excellent,Pass,84.33,4-6 Hours,60-75%
S3812,14,Female,11,5.8,84,Postgraduate,No,No,56,39,88,54,61.0,Average,Pass,61.0,4-6 Hours,75-90%
S3813,18,Male,9,2.6,59,Postgraduate,Yes,Yes,63,92,96,67,83.67,Excellent,Pass,83.67,2-4 Hours,Below 60%
S3814,19,Female,9,4.1,62,Graduate,No,Yes,40,82,100,49,74.0,Good,Pass,74.0,4-6 Hours,60-75%
S3815,18,Female,11,5.7,61,Postgraduate,No,Yes,88,91,57,79,78.67,Good,Pass,78.67,4-6 Hours,60-75%
S3816,15,Male,10,2.9,56,Postgraduate,No,Yes,80,77,90,66,82.33,Excellent,Pass,82.33,2-4 Hours,Below 60%
S3817,14,Male,9,5.9,75,Postgraduate,No,Yes,55,97,51,94,67.67,Good,Pass,67.67,4-6 Hours,60-75%
S3818,15,Male,9,1.5,65,Postgraduate,Yes,Yes,86,39,84,53,69.67,Good,Pass,69.67,0-2 Hours,60-75%
S3819,15,Female,10,0.6,81,Postgraduate,No,No,97,53,57,49,69.0,Good,Pass,69.0,0-2 Hours,75-90%
S3820,14,Male,9,1.7,90,Graduate,No,Yes,41,80,84,44,68.33,Good,Pass,68.33,0-2 Hours,75-90%
S3821,15,Male,11,3.6,57,High School,No,No,59,48,46,69,51.0,Average,Pass,51.0,2-4 Hours,Below 60%
S3822,17,Male,12,0.8,75,Graduate,Yes,Yes,88,51,49,73,62.67,Average,Pass,62.67,0-2 Hours,60-75%
S3823,19,Male,10,2.1,76,Postgraduate,Yes,Yes,64,92,96,77,84.0,Excellent,Pass,84.0,2-4 Hours,75-90%
S3824,14,Female,10,5.2,87,Postgraduate,Yes,No,100,64,77,82,80.33,Good,Pass,80.33,4-6 Hours,75-90%
S3825,15,Male,12,2.7,92,Graduate,No,No,98,61,72,64,77.0,Good,Pass,77.0,2-4 Hours,90-100%
S3826,18,Female,11,5.1,68,Postgraduate,No,Yes,79,78,41,43,66.0,Good,Pass,66.0,4-6 Hours,60-75%
S3827,15,Male,9,1.1,52,Postgraduate,No,Yes,43,52,75,87,56.67,Average,Pass,56.67,0-2 Hours,Below 60%
S3828,16,Male,11,2.4,73,Postgraduate,Yes,Yes,72,68,36,73,58.67,Average,Pass,58.67,2-4 Hours,60-75%
S3829,18,Male,11,5.5,85,Postgraduate,No,Yes,65,56,94,78,71.67,Good,Pass,71.67,4-6 Hours,75-90%
S3830,18,Female,10,2.8,53,Graduate,No,Yes,47,92,92,72,77.0,Good,Pass,77.0,2-4 Hours,Below 60%
S3831,15,Female,10,5.3,74,Graduate,No,Yes,58,50,60,43,56.0,Average,Pass,56.0,4-6 Hours,60-75%
S3832,17,Female,9,3.3,63,Postgraduate,Yes,Yes,99,80,40,62,73.0,Good,Pass,73.0,2-4 Hours,60-75%
S3833,14,Male,9,1.3,90,Postgraduate,No,No,76,83,74,81,77.67,Good,Pass,77.67,0-2 Hours,75-90%
S3834,18,Female,9,3.2,91,Postgraduate,Yes,Yes,82,47,59,54,62.67,Average,Pass,62.67,2-4 Hours,90-100%
S3835,14,Male,11,3.1,66,High School,Yes,No,97,59,68,52,74.67,Good,Pass,74.67,2-4 Hours,60-75%
S3836,16,Female,11,2.9,57,High School,Yes,No,46,77,63,91,62.0,Average,Pass,62.0,2-4 Hours,Below 60%
S3837,16,Female,10,5.4,97,High School,Yes,Yes,83,41,68,89,64.0,Average,Pass,64.0,4-6 Hours,90-100%
S3838,14,Male,11,3.9,86,High School,No,No,100,66,49,40,71.67,Good,Pass,71.67,2-4 Hours,75-90%
S3839,17,Female,11,4.0,76,High School,Yes,Yes,60,61,95,68,72.0,Good,Pass,72.0,2-4 Hours,75-90%
S3840,17,Male,10,3.6,55,High School,Yes,No,36,95,35,78,55.33,Average,Pass,55.33,2-4 Hours,Below 60%
S3841,18,Female,10,1.6,85,Postgraduate,No,No,66,100,82,76,82.67,Excellent,Pass,82.67,0-2 Hours,75-90%
S3842,18,Female,12,0.5,89,Postgraduate,Yes,Yes,45,91,41,41,59.0,Average,Pass,59.0,0-2 Hours,75-90%
S3843,15,Female,10,4.1,86,Graduate,No,No,96,88,67,91,83.67,Excellent,Pass,83.67,4-6 Hours,75-90%
S3844,17,Male,12,4.1,93,Graduate,No,Yes,96,49,55,84,66.67,Good,Pass,66.67,4-6 Hours,90-100%
S3845,15,Male,10,5.5,73,Graduate,Yes,Yes,74,68,85,94,75.67,Good,Pass,75.67,4-6 Hours,60-75%
S3846,17,Male,11,5.6,90,Graduate,No,No,94,37,62,47,64.33,Average,Pass,64.33,4-6 Hours,75-90%
S3847,17,Male,10,3.4,63,Postgraduate,Yes,Yes,52,84,95,48,77.0,Good,Pass,77.0,2-4 Hours,60-75%
S3848,14,Female,11,5.1,87,Postgraduate,Yes,No,98,52,77,89,75.67,Good,Pass,75.67,4-6 Hours,75-90%
S3849,16,Male,12,5.5,97,Graduate,No,No,48,90,96,54,78.0,Good,Pass,78.0,4-6 Hours,90-100%
S3850,18,Male,12,3.3,65,Graduate,No,No,93,65,57,94,71.67,Good,Pass,71.67,2-4 Hours,60-75%
S3851,19,Male,10,3.3,75,Postgraduate,No,Yes,100,60,83,90,81.0,Excellent,Pass,81.0,2-4 Hours,60-75%
S3852,17,Female,10,3.9,62,High School,No,Yes,76,93,92,76,87.0,Excellent,Pass,87.0,2-4 Hours,60-75%
S3853,19,Female,12,2.6,87,High School,No,No,57,45,69,40,57.0,Average,Pass,57.0,2-4 Hours,75-90%
S3854,16,Male,12,1.8,58,Graduate,Yes,No,97,58,45,86,66.67,Good,Pass,66.67,0-2 Hours,Below 60%
S3855,18,Female,11,5.9,53,Postgraduate,No,Yes,72,68,95,43,78.33,Good,Pass,78.33,4-6 Hours,Below 60%
S3856,15,Male,11,4.1,82,Postgraduate,No,No,43,65,60,64,56.0,Average,Pass,56.0,4-6 Hours,75-90%
S3857,16,Female,10,1.7,67,Postgraduate,Yes,No,67,70,97,47,78.0,Good,Pass,78.0,0-2 Hours,60-75%
S3858,16,Male,9,3.7,68,Graduate,Yes,Yes,60,88,52,92,66.67,Good,Pass,66.67,2-4 Hours,60-75%
S3859,17,Male,10,5.8,78,High School,No,Yes,78,72,87,66,79.0,Good,Pass,79.0,4-6 Hours,75-90%
S3860,19,Female,9,5.0,82,High School,No,Yes,99,78,96,45,91.0,Excellent,Pass,91.0,4-6 Hours,75-90%
S3861,17,Male,9,5.5,90,High School,No,No,67,78,87,81,77.33,Good,Pass,77.33,4-6 Hours,75-90%
S3862,16,Female,9,3.5,61,High School,No,No,48,86,87,56,73.67,Good,Pass,73.67,2-4 Hours,60-75%
S3863,18,Male,12,2.9,63,Postgraduate,No,Yes,60,42,90,60,64.0,Average,Pass,64.0,2-4 Hours,60-75%
S3864,15,Male,11,1.7,81,Postgraduate,No,Yes,97,98,44,94,79.67,Good,Pass,79.67,0-2 Hours,75-90%
S3865,18,Male,12,2.1,95,High School,No,No,43,78,55,47,58.67,Average,Pass,58.67,2-4 Hours,90-100%
S3866,16,Male,11,4.0,93,Graduate,Yes,Yes,100,92,73,51,88.33,Excellent,Pass,88.33,2-4 Hours,90-100%
S3867,16,Female,9,3.5,62,High School,No,Yes,75,53,42,88,56.67,Average,Pass,56.67,2-4 Hours,60-75%
S3868,14,Female,11,1.2,66,High School,No,No,89,94,93,76,92.0,Excellent,Pass,92.0,0-2 Hours,60-75%
S3869,15,Female,11,2.4,54,High School,Yes,No,66,86,36,61,62.67,Average,Pass,62.67,2-4 Hours,Below 60%
S3870,14,Female,11,4.5,80,High School,No,Yes,51,96,83,82,76.67,Good,Pass,76.67,4-6 Hours,75-90%
S3871,19,Female,9,4.8,85,High School,Yes,Yes,90,60,97,52,82.33,Excellent,Pass,82.33,4-6 Hours,75-90%
S3872,19,Female,9,3.3,81,High School,Yes,No,41,99,59,47,66.33,Good,Pass,66.33,2-4 Hours,75-90%
S3873,14,Male,9,2.0,52,High School,Yes,No,98,80,79,94,85.67,Excellent,Pass,85.67,0-2 Hours,Below 60%
S3874,14,Male,11,1.5,67,Graduate,No,Yes,39,65,62,72,55.33,Average,Pass,55.33,0-2 Hours,60-75%
S3875,19,Male,11,4.8,96,High School,Yes,No,76,49,65,68,63.33,Average,Pass,63.33,4-6 Hours,90-100%
S3876,15,Female,10,4.7,54,Graduate,Yes,Yes,78,79,96,42,84.33,Excellent,Pass,84.33,4-6 Hours,Below 60%
S3877,18,Male,11,3.1,89,Graduate,No,Yes,77,68,77,55,74.0,Good,Pass,74.0,2-4 Hours,75-90%
S3878,19,Female,10,5.5,69,Graduate,Yes,Yes,51,96,91,92,79.33,Good,Pass,79.33,4-6 Hours,60-75%
S3879,16,Male,9,0.6,96,High School,Yes,No,73,100,70,51,81.0,Excellent,Pass,81.0,0-2 Hours,90-100%
S3880,19,Female,11,1.7,90,Graduate,No,No,81,92,91,61,88.0,Excellent,Pass,88.0,0-2 Hours,75-90%
S3881,15,Female,9,2.7,96,Postgraduate,Yes,Yes,88,70,76,85,78.0,Good,Pass,78.0,2-4 Hours,90-100%
S3882,15,Male,9,0.7,73,Graduate,Yes,Yes,41,59,99,79,66.33,Good,Pass,66.33,0-2 Hours,60-75%
S3883,16,Female,12,0.6,74,Graduate,Yes,No,38,89,66,68,64.33,Average,Pass,64.33,0-2 Hours,60-75%
S3884,18,Female,12,0.8,79,Graduate,Yes,Yes,92,80,53,93,75.0,Good,Pass,75.0,0-2 Hours,75-90%
S3885,14,Female,11,4.1,72,High School,Yes,No,97,59,57,48,71.0,Good,Pass,71.0,4-6 Hours,60-75%
S3886,14,Male,10,5.5,77,Postgraduate,No,Yes,92,88,64,91,81.33,Excellent,Pass,81.33,4-6 Hours,75-90%
S3887,15,Female,11,0.8,79,Postgraduate,No,No,45,98,54,87,65.67,Average,Pass,65.67,0-2 Hours,75-90%
S3888,18,Male,11,4.6,94,High School,No,Yes,37,81,43,77,53.67,Average,Pass,53.67,4-6 Hours,90-100%
S3889,17,Female,10,1.8,88,Postgraduate,No,Yes,63,93,41,69,65.67,Average,Pass,65.67,0-2 Hours,75-90%
S3890,18,Male,12,5.6,79,Graduate,No,Yes,76,39,46,84,53.67,Average,Pass,53.67,4-6 Hours,75-90%
S3891,16,Female,10,1.1,68,Postgraduate,Yes,No,99,71,87,43,85.67,Excellent,Pass,85.67,0-2 Hours,60-75%
S3892,15,Male,11,2.9,63,Graduate,No,Yes,86,55,64,90,68.33,Good,Pass,68.33,2-4 Hours,60-75%
S3893,19,Female,11,4.0,57,Postgraduate,Yes,No,56,73,44,55,57.67,Average,Pass,57.67,2-4 Hours,Below 60%
S3894,18,Female,9,0.6,96,High School,Yes,No,57,87,54,61,66.0,Good,Pass,66.0,0-2 Hours,90-100%
S3895,19,Male,11,4.2,79,High School,No,Yes,49,99,97,65,81.67,Excellent,Pass,81.67,4-6 Hours,75-90%
S3896,16,Female,11,0.6,88,High School,Yes,Yes,70,92,59,61,73.67,Good,Pass,73.67,0-2 Hours,75-90%
S3897,17,Female,9,2.2,83,Graduate,No,Yes,76,99,71,94,82.0,Excellent,Pass,82.0,2-4 Hours,75-90%
S3898,15,Female,11,2.9,66,Graduate,Yes,No,94,93,47,47,78.0,Good,Pass,78.0,2-4 Hours,60-75%
S3899,17,Female,9,3.7,55,High School,No,No,90,98,66,82,84.67,Excellent,Pass,84.67,2-4 Hours,Below 60%
S3900,16,Female,10,2.7,65,Postgraduate,Yes,Yes,58,80,92,81,76.67,Good,Pass,76.67,2-4 Hours,60-75%
S3901,16,Female,11,2.3,74,Graduate,Yes,No,57,78,37,81,57.33,Average,Pass,57.33,2-4 Hours,60-75%
S3902,14,Female,9,4.7,81,Postgraduate,No,Yes,74,42,55,88,57.0,Average,Pass,57.0,4-6 Hours,75-90%
S3903,19,Female,10,1.8,91,Postgraduate,No,Yes,54,99,76,72,76.33,Good,Pass,76.33,0-2 Hours,90-100%
S3904,17,Male,10,3.0,94,Postgraduate,No,Yes,66,71,72,70,69.67,Good,Pass,69.67,2-4 Hours,90-100%
S3905,16,Female,9,4.0,57,High School,No,Yes,42,89,66,92,65.67,Average,Pass,65.67,2-4 Hours,Below 60%
S3906,14,Male,12,4.3,60,Graduate,Yes,Yes,89,40,98,40,75.67,Good,Pass,75.67,4-6 Hours,Below 60%
S3907,16,Male,10,3.0,75,Graduate,No,No,42,93,69,45,68.0,Good,Pass,68.0,2-4 Hours,60-75%
S3908,16,Female,12,5.6,96,High School,Yes,No,42,42,99,53,61.0,Average,Pass,61.0,4-6 Hours,90-100%
S3909,15,Male,10,2.0,88,Postgraduate,Yes,No,78,82,65,91,75.0,Good,Pass,75.0,0-2 Hours,75-90%
S3910,15,Female,9,5.4,78,Graduate,No,Yes,54,63,57,55,58.0,Average,Pass,58.0,4-6 Hours,75-90%
S3911,17,Female,10,3.6,71,Graduate,No,Yes,36,68,45,49,49.67,Poor,Fail,49.67,2-4 Hours,60-75%
S3912,15,Male,10,5.8,75,High School,Yes,No,70,74,66,64,70.0,Good,Pass,70.0,4-6 Hours,60-75%
S3913,17,Female,11,5.9,81,Postgraduate,Yes,Yes,76,74,54,82,68.0,Good,Pass,68.0,4-6 Hours,75-90%
S3914,19,Male,10,4.8,67,High School,No,No,68,58,73,58,66.33,Good,Pass,66.33,4-6 Hours,60-75%
S3915,19,Female,11,5.1,76,Postgraduate,Yes,Yes,37,72,97,83,68.67,Good,Pass,68.67,4-6 Hours,75-90%
S3916,14,Male,10,5.2,77,High School,Yes,No,58,52,61,90,57.0,Average,Pass,57.0,4-6 Hours,75-90%
S3917,15,Female,10,3.1,96,Graduate,Yes,No,99,36,76,90,70.33,Good,Pass,70.33,2-4 Hours,90-100%
S3918,16,Male,10,0.9,97,Postgraduate,Yes,Yes,87,78,41,52,68.67,Good,Pass,68.67,0-2 Hours,90-100%
S3919,15,Male,12,3.4,85,Graduate,No,No,36,87,90,71,71.0,Good,Pass,71.0,2-4 Hours,75-90%
S3920,18,Female,12,0.8,60,Postgraduate,Yes,Yes,92,87,86,79,88.33,Excellent,Pass,88.33,0-2 Hours,Below 60%
S3921,14,Female,10,1.4,66,High School,No,No,49,86,36,48,57.0,Average,Pass,57.0,0-2 Hours,60-75%
S3922,18,Female,12,1.8,67,High School,No,Yes,48,43,99,75,63.33,Average,Pass,63.33,0-2 Hours,60-75%
S3923,17,Male,9,1.6,58,Postgraduate,Yes,No,42,95,35,87,57.33,Average,Pass,57.33,0-2 Hours,Below 60%
S3924,15,Female,12,3.0,89,Postgraduate,Yes,Yes,46,84,90,53,73.33,Good,Pass,73.33,2-4 Hours,75-90%
S3925,16,Female,10,1.5,87,Graduate,No,Yes,64,75,72,78,70.33,Good,Pass,70.33,0-2 Hours,75-90%
S3926,17,Female,10,3.3,79,High School,Yes,No,53,87,65,76,68.33,Good,Pass,68.33,2-4 Hours,75-90%
S3927,17,Female,11,6.0,87,Postgraduate,Yes,No,96,87,88,50,90.33,Excellent,Pass,90.33,4-6 Hours,75-90%
S3928,19,Male,11,5.2,59,Postgraduate,No,No,38,85,83,73,68.67,Good,Pass,68.67,4-6 Hours,Below 60%
S3929,17,Male,12,3.7,71,Graduate,Yes,No,50,81,55,84,62.0,Average,Pass,62.0,2-4 Hours,60-75%
S3930,18,Female,9,4.5,87,Postgraduate,No,Yes,39,61,64,85,54.67,Average,Pass,54.67,4-6 Hours,75-90%
S3931,17,Female,11,5.2,86,High School,No,Yes,87,80,78,43,81.67,Excellent,Pass,81.67,4-6 Hours,75-90%
S3932,16,Female,11,1.8,82,Graduate,Yes,Yes,39,100,58,41,65.67,Average,Pass,65.67,0-2 Hours,75-90%
S3933,17,Male,12,4.9,77,High School,No,No,44,57,74,49,58.33,Average,Pass,58.33,4-6 Hours,75-90%
S3934,16,Female,10,4.9,100,Graduate,No,Yes,53,81,90,85,74.67,Good,Pass,74.67,4-6 Hours,90-100%
S3935,16,Male,12,4.8,80,High School,Yes,Yes,81,36,40,79,52.33,Average,Pass,52.33,4-6 Hours,75-90%
S3936,14,Female,12,2.8,54,Postgraduate,No,Yes,77,78,88,63,81.0,Excellent,Pass,81.0,2-4 Hours,Below 60%
S3937,18,Female,9,3.3,51,Graduate,No,Yes,69,37,39,92,48.33,Poor,Fail,48.33,2-4 Hours,Below 60%
S3938,14,Female,10,0.6,56,Graduate,Yes,No,42,46,47,76,45.0,Poor,Fail,45.0,0-2 Hours,Below 60%
S3939,19,Female,10,3.8,68,Graduate,Yes,No,60,76,70,77,68.67,Good,Pass,68.67,2-4 Hours,60-75%
S3940,17,Female,11,6.0,85,Graduate,No,No,84,43,75,66,67.33,Good,Pass,67.33,4-6 Hours,75-90%
S3941,15,Male,11,2.6,82,High School,Yes,No,59,78,72,44,69.67,Good,Pass,69.67,2-4 Hours,75-90%
S3942,16,Female,9,5.1,92,High School,Yes,Yes,53,51,46,84,50.0,Average,Pass,50.0,4-6 Hours,90-100%
S3943,18,Female,9,2.8,50,Graduate,No,Yes,42,71,38,51,50.33,Average,Pass,50.33,2-4 Hours,Below 60%
S3944,15,Male,10,2.7,51,High School,Yes,Yes,50,48,35,87,44.33,Poor,Fail,44.33,2-4 Hours,Below 60%
S3945,15,Female,11,4.4,60,High School,No,No,69,35,53,77,52.33,Average,Pass,52.33,4-6 Hours,Below 60%
S3946,18,Female,12,1.4,97,Graduate,No,Yes,69,47,37,89,51.0,Average,Pass,51.0,0-2 Hours,90-100%
S3947,19,Male,10,1.1,83,High School,Yes,No,67,77,69,80,71.0,Good,Pass,71.0,0-2 Hours,75-90%
S3948,18,Male,12,1.3,90,Graduate,Yes,Yes,60,61,93,71,71.33,Good,Pass,71.33,0-2 Hours,75-90%
S3949,15,Male,11,4.4,58,High School,Yes,Yes,77,75,57,67,69.67,Good,Pass,69.67,4-6 Hours,Below 60%
S3950,15,Female,9,4.3,51,Postgraduate,Yes,Yes,89,61,95,62,81.67,Excellent,Pass,81.67,4-6 Hours,Below 60%
S3951,19,Male,9,1.9,79,High School,No,No,57,72,60,74,63.0,Average,Pass,63.0,0-2 Hours,75-90%
S3952,16,Female,9,1.6,66,Postgraduate,No,No,47,42,42,40,43.67,Poor,Fail,43.67,0-2 Hours,60-75%
S3953,16,Female,11,2.1,90,High School,Yes,Yes,42,54,53,50,49.67,Poor,Fail,49.67,2-4 Hours,75-90%
S3954,14,Male,9,5.6,80,Postgraduate,Yes,Yes,35,43,73,76,50.33,Average,Pass,50.33,4-6 Hours,75-90%
S3955,19,Male,10,3.7,90,High School,No,Yes,93,48,85,59,75.33,Good,Pass,75.33,2-4 Hours,75-90%
S3956,17,Female,10,3.2,85,Postgraduate,Yes,Yes,59,92,96,80,82.33,Excellent,Pass,82.33,2-4 Hours,75-90%
S3957,18,Female,12,2.8,58,High School,Yes,Yes,91,80,63,69,78.0,Good,Pass,78.0,2-4 Hours,Below 60%
S3958,18,Female,11,4.2,55,Graduate,No,Yes,80,91,71,66,80.67,Good,Pass,80.67,4-6 Hours,Below 60%
S3959,14,Male,11,2.9,78,Graduate,Yes,Yes,37,68,50,59,51.67,Average,Pass,51.67,2-4 Hours,75-90%
S3960,17,Female,9,4.9,58,Postgraduate,Yes,No,85,82,81,65,82.67,Excellent,Pass,82.67,4-6 Hours,Below 60%
S3961,15,Female,9,2.2,71,Graduate,No,No,86,73,46,76,68.33,Good,Pass,68.33,2-4 Hours,60-75%
S3962,17,Female,10,3.1,73,Postgraduate,No,No,70,37,56,55,54.33,Average,Pass,54.33,2-4 Hours,60-75%
S3963,19,Female,11,0.6,93,Graduate,No,Yes,81,51,69,50,67.0,Good,Pass,67.0,0-2 Hours,90-100%
S3964,14,Male,10,1.2,63,Postgraduate,No,No,47,53,48,53,49.33,Poor,Fail,49.33,0-2 Hours,60-75%
S3965,18,Female,11,2.0,92,Postgraduate,Yes,No,62,67,48,47,59.0,Average,Pass,59.0,0-2 Hours,90-100%
S3966,18,Female,11,2.3,67,Graduate,Yes,No,89,71,62,81,74.0,Good,Pass,74.0,2-4 Hours,60-75%
S3967,14,Female,11,3.3,93,Postgraduate,No,No,48,91,91,87,76.67,Good,Pass,76.67,2-4 Hours,90-100%
S3968,18,Female,9,2.9,62,Graduate,Yes,No,37,59,63,46,53.0,Average,Pass,53.0,2-4 Hours,60-75%
S3969,19,Female,11,0.8,58,Postgraduate,No,Yes,66,76,100,79,80.67,Good,Pass,80.67,0-2 Hours,Below 60%
S3970,18,Male,11,5.1,57,Postgraduate,Yes,No,62,48,38,40,49.33,Poor,Fail,49.33,4-6 Hours,Below 60%
S3971,15,Male,12,5.2,84,Postgraduate,No,No,72,49,52,80,57.67,Average,Pass,57.67,4-6 Hours,75-90%
S3972,14,Male,12,5.0,67,Graduate,No,Yes,85,55,72,40,70.67,Good,Pass,70.67,4-6 Hours,60-75%
S3973,14,Male,9,1.0,93,Graduate,No,No,91,72,41,59,68.0,Good,Pass,68.0,0-2 Hours,90-100%
S3974,16,Female,12,6.0,80,Postgraduate,No,Yes,56,60,40,64,52.0,Average,Pass,52.0,4-6 Hours,75-90%
S3975,17,Male,9,3.9,51,Graduate,No,No,95,48,42,75,61.67,Average,Pass,61.67,2-4 Hours,Below 60%
S3976,18,Male,9,0.9,78,High School,No,No,69,89,88,81,82.0,Excellent,Pass,82.0,0-2 Hours,75-90%
S3977,15,Male,12,5.0,64,High School,Yes,No,55,67,94,61,72.0,Good,Pass,72.0,4-6 Hours,60-75%
S3978,19,Male,11,4.3,56,Postgraduate,No,Yes,37,38,46,81,40.33,Poor,Fail,40.33,4-6 Hours,Below 60%
S3979,17,Female,11,2.7,50,Postgraduate,No,Yes,44,60,90,64,64.67,Average,Pass,64.67,2-4 Hours,Below 60%
S3980,16,Female,11,1.9,55,Graduate,No,Yes,49,41,84,89,58.0,Average,Pass,58.0,0-2 Hours,Below 60%
S3981,14,Female,11,4.8,92,High School,No,Yes,82,61,39,92,60.67,Average,Pass,60.67,4-6 Hours,90-100%
S3982,15,Male,9,2.0,84,High School,Yes,No,99,67,96,53,87.33,Excellent,Pass,87.33,0-2 Hours,75-90%
S3983,19,Female,11,4.3,50,Graduate,Yes,Yes,72,79,64,64,71.67,Good,Pass,71.67,4-6 Hours,Below 60%
S3984,17,Male,11,2.9,78,Postgraduate,No,No,77,77,85,57,79.67,Good,Pass,79.67,2-4 Hours,75-90%
S3985,18,Male,9,1.7,65,Postgraduate,No,No,81,48,77,88,68.67,Good,Pass,68.67,0-2 Hours,60-75%
S3986,19,Male,10,1.1,67,Postgraduate,No,Yes,79,82,39,41,66.67,Good,Pass,66.67,0-2 Hours,60-75%
S3987,18,Female,10,3.2,70,Postgraduate,Yes,Yes,43,76,50,42,56.33,Average,Pass,56.33,2-4 Hours,60-75%
S3988,15,Male,12,2.4,75,Graduate,No,No,60,100,65,77,75.0,Good,Pass,75.0,2-4 Hours,60-75%
S3989,15,Female,12,4.1,78,Postgraduate,No,Yes,85,79,63,71,75.67,Good,Pass,75.67,4-6 Hours,75-90%
S3990,18,Female,9,5.3,64,Postgraduate,Yes,Yes,68,76,57,64,67.0,Good,Pass,67.0,4-6 Hours,60-75%
S3991,15,Male,9,2.8,58,Graduate,No,Yes,77,49,49,82,58.33,Average,Pass,58.33,2-4 Hours,Below 60%
S3992,17,Female,9,3.9,89,High School,No,No,90,45,86,57,73.67,Good,Pass,73.67,2-4 Hours,75-90%
S3993,14,Female,9,1.3,88,Postgraduate,No,No,58,56,95,88,69.67,Good,Pass,69.67,0-2 Hours,75-90%
S3994,15,Female,9,5.2,70,Graduate,Yes,No,53,95,37,91,61.67,Average,Pass,61.67,4-6 Hours,60-75%
S3995,16,Female,10,0.5,67,Postgraduate,Yes,Yes,74,45,78,53,65.67,Average,Pass,65.67,0-2 Hours,60-75%
S3996,18,Female,12,1.5,57,Postgraduate,Yes,No,69,57,62,85,62.67,Average,Pass,62.67,0-2 Hours,Below 60%
S3997,18,Female,10,4.4,74,Postgraduate,No,Yes,91,41,59,43,63.67,Average,Pass,63.67,4-6 Hours,60-75%
S3998,17,Female,11,5.8,66,Postgraduate,Yes,Yes,62,45,53,60,53.33,Average,Pass,53.33,4-6 Hours,60-75%
S3999,16,Female,9,3.3,75,Graduate,No,Yes,88,98,64,42,83.33,Excellent,Pass,83.33,2-4 Hours,60-75%
S4000,18,Female,12,4.1,79,Postgraduate,No,No,71,40,64,66,58.33,Average,Pass,58.33,4-6 Hours,75-90%
S4001,18,Female,12,5.8,84,High School,No,No,95,84,64,75,81.0,Excellent,Pass,81.0,4-6 Hours,75-90%
S4002,14,Female,10,3.4,65,Postgraduate,No,Yes,100,42,58,54,66.67,Good,Pass,66.67,2-4 Hours,60-75%
S4003,15,Female,11,5.2,82,Postgraduate,No,No,85,43,44,55,57.33,Average,Pass,57.33,4-6 Hours,75-90%
S4004,14,Female,9,0.5,80,Graduate,Yes,Yes,64,94,98,63,85.33,Excellent,Pass,85.33,0-2 Hours,75-90%
S4005,14,Female,9,5.1,71,High School,Yes,Yes,99,68,35,85,67.33,Good,Pass,67.33,4-6 Hours,60-75%
S4006,19,Male,11,2.5,57,High School,Yes,Yes,99,64,65,85,76.0,Good,Pass,76.0,2-4 Hours,Below 60%
S4007,19,Male,10,1.2,51,Graduate,Yes,No,54,49,35,90,46.0,Poor,Fail,46.0,0-2 Hours,Below 60%
S4008,18,Female,11,2.2,95,Postgraduate,Yes,No,83,70,58,47,70.33,Good,Pass,70.33,2-4 Hours,90-100%
S4009,17,Male,12,3.3,76,Postgraduate,Yes,Yes,53,37,90,66,60.0,Average,Pass,60.0,2-4 Hours,75-90%
S4010,17,Male,10,4.6,83,High School,No,No,80,80,40,83,66.67,Good,Pass,66.67,4-6 Hours,75-90%
S4011,16,Male,9,2.8,66,Postgraduate,No,No,35,55,87,82,59.0,Average,Pass,59.0,2-4 Hours,60-75%
S4012,19,Female,9,5.7,73,High School,No,No,56,86,54,85,65.33,Average,Pass,65.33,4-6 Hours,60-75%
S4013,15,Male,11,3.6,61,Postgraduate,No,No,94,89,59,94,80.67,Good,Pass,80.67,2-4 Hours,60-75%
S4014,14,Female,10,2.0,70,Graduate,No,Yes,88,87,67,65,80.67,Good,Pass,80.67,0-2 Hours,60-75%
S4015,19,Male,10,5.3,71,High School,No,No,45,53,55,51,51.0,Average,Pass,51.0,4-6 Hours,60-75%
S4016,16,Male,12,3.7,95,High School,No,Yes,82,94,59,84,78.33,Good,Pass,78.33,2-4 Hours,90-100%
S4017,18,Male,11,1.1,81,Postgraduate,Yes,Yes,57,98,56,66,70.33,Good,Pass,70.33,0-2 Hours,75-90%
S4018,17,Female,12,2.2,65,Postgraduate,Yes,No,37,84,52,92,57.67,Average,Pass,57.67,2-4 Hours,60-75%
S4019,18,Female,11,1.4,68,High School,Yes,No,47,68,80,40,65.0,Average,Pass,65.0,0-2 Hours,60-75%
S4020,17,Female,10,3.2,99,High School,Yes,No,66,92,65,76,74.33,Good,Pass,74.33,2-4 Hours,90-100%
S4021,14,Male,12,5.0,61,Graduate,Yes,Yes,98,97,89,70,94.67,Excellent,Pass,94.67,4-6 Hours,60-75%
S4022,14,Female,9,4.6,81,High School,Yes,No,97,81,96,62,91.33,Excellent,Pass,91.33,4-6 Hours,75-90%
S4023,15,Female,10,4.0,89,Postgraduate,Yes,Yes,86,88,74,52,82.67,Excellent,Pass,82.67,2-4 Hours,75-90%
S4024,16,Female,11,5.8,77,Postgraduate,No,Yes,54,56,85,70,65.0,Average,Pass,65.0,4-6 Hours,75-90%
S4025,18,Male,12,3.4,74,Graduate,No,No,47,66,61,71,58.0,Average,Pass,58.0,2-4 Hours,60-75%
S4026,16,Male,12,1.3,60,Postgraduate,Yes,No,41,89,64,66,64.67,Average,Pass,64.67,0-2 Hours,Below 60%
S4027,17,Female,9,1.5,85,Postgraduate,Yes,Yes,80,93,45,85,72.67,Good,Pass,72.67,0-2 Hours,75-90%
S4028,16,Female,11,5.0,51,Postgraduate,No,No,75,98,77,41,83.33,Excellent,Pass,83.33,4-6 Hours,Below 60%
S4029,16,Female,9,5.4,77,Graduate,Yes,Yes,48,40,65,63,51.0,Average,Pass,51.0,4-6 Hours,75-90%
S4030,19,Male,9,2.5,67,High School,No,No,89,71,73,73,77.67,Good,Pass,77.67,2-4 Hours,60-75%
S4031,14,Male,10,3.3,61,High School,No,Yes,56,36,96,51,62.67,Average,Pass,62.67,2-4 Hours,60-75%
S4032,18,Male,10,4.7,86,High School,Yes,No,75,42,72,59,63.0,Average,Pass,63.0,4-6 Hours,75-90%
S4033,17,Female,12,3.9,82,Postgraduate,No,Yes,39,81,57,48,59.0,Average,Pass,59.0,2-4 Hours,75-90%
S4034,17,Female,12,1.9,95,Graduate,Yes,Yes,76,50,39,41,55.0,Average,Pass,55.0,0-2 Hours,90-100%
S4035,14,Male,11,2.8,77,High School,Yes,Yes,93,69,99,68,87.0,Excellent,Pass,87.0,2-4 Hours,75-90%
S4036,17,Female,9,2.7,63,Postgraduate,No,Yes,80,69,96,78,81.67,Excellent,Pass,81.67,2-4 Hours,60-75%
S4037,18,Male,9,2.3,75,Graduate,Yes,No,86,56,38,60,60.0,Average,Pass,60.0,2-4 Hours,60-75%
S4038,16,Female,12,5.1,98,Postgraduate,No,Yes,92,85,51,49,76.0,Good,Pass,76.0,4-6 Hours,90-100%
S4039,15,Male,9,5.0,61,High School,Yes,Yes,72,55,68,68,65.0,Average,Pass,65.0,4-6 Hours,60-75%
S4040,17,Male,12,6.0,84,Postgraduate,Yes,Yes,66,47,60,75,57.67,Average,Pass,57.67,4-6 Hours,75-90%
S4041,17,Male,10,2.1,66,High School,Yes,No,59,56,98,67,71.0,Good,Pass,71.0,2-4 Hours,60-75%
S4042,19,Female,11,2.3,56,Graduate,No,No,48,63,52,60,54.33,Average,Pass,54.33,2-4 Hours,Below 60%
S4043,15,Male,10,0.8,68,Postgraduate,No,Yes,69,42,93,48,68.0,Good,Pass,68.0,0-2 Hours,60-75%
S4044,16,Female,9,5.2,91,High School,Yes,Yes,93,92,95,88,93.33,Excellent,Pass,93.33,4-6 Hours,90-100%
S4045,16,Male,10,4.3,69,Postgraduate,Yes,Yes,43,64,100,72,69.0,Good,Pass,69.0,4-6 Hours,60-75%
S4046,18,Female,9,3.9,76,Postgraduate,Yes,Yes,81,89,74,81,81.33,Excellent,Pass,81.33,2-4 Hours,75-90%
S4047,19,Female,12,3.5,57,High School,No,Yes,75,58,77,73,70.0,Good,Pass,70.0,2-4 Hours,Below 60%
S4048,18,Male,11,2.8,91,High School,No,No,63,35,93,66,63.67,Average,Pass,63.67,2-4 Hours,90-100%
S4049,16,Male,9,5.3,83,Postgraduate,No,Yes,64,78,94,94,78.67,Good,Pass,78.67,4-6 Hours,75-90%
S4050,15,Male,12,2.2,93,High School,Yes,Yes,70,41,41,58,50.67,Average,Pass,50.67,2-4 Hours,90-100%
S4051,18,Female,9,1.1,70,Graduate,Yes,No,96,38,51,68,61.67,Average,Pass,61.67,0-2 Hours,60-75%
S4052,18,Male,11,5.6,72,High School,No,No,66,65,64,54,65.0,Average,Pass,65.0,4-6 Hours,60-75%
S4053,17,Female,9,5.1,100,Graduate,No,Yes,92,59,44,93,65.0,Average,Pass,65.0,4-6 Hours,90-100%
S4054,15,Male,12,4.3,57,Graduate,Yes,Yes,42,56,52,62,50.0,Average,Pass,50.0,4-6 Hours,Below 60%
S4055,18,Female,11,2.0,66,High School,Yes,No,54,38,63,64,51.67,Average,Pass,51.67,0-2 Hours,60-75%
S4056,17,Female,11,1.2,50,Graduate,Yes,Yes,73,60,85,79,72.67,Good,Pass,72.67,0-2 Hours,Below 60%
S4057,18,Male,11,3.4,86,Postgraduate,No,Yes,88,71,70,43,76.33,Good,Pass,76.33,2-4 Hours,75-90%
S4058,19,Male,12,3.3,67,Postgraduate,Yes,No,46,89,63,47,66.0,Good,Pass,66.0,2-4 Hours,60-75%
S4059,18,Female,11,2.0,80,Postgraduate,No,No,55,51,64,62,56.67,Average,Pass,56.67,0-2 Hours,75-90%
S4060,16,Female,12,4.6,68,Graduate,Yes,Yes,39,100,49,43,62.67,Average,Pass,62.67,4-6 Hours,60-75%
S4061,18,Male,12,5.8,76,Postgraduate,Yes,Yes,67,72,75,55,71.33,Good,Pass,71.33,4-6 Hours,75-90%
S4062,15,Male,9,4.3,69,Postgraduate,Yes,No,89,96,76,71,87.0,Excellent,Pass,87.0,4-6 Hours,60-75%
S4063,16,Female,9,1.1,51,Graduate,Yes,No,40,97,90,90,75.67,Good,Pass,75.67,0-2 Hours,Below 60%
S4064,19,Male,11,1.7,74,High School,Yes,No,53,70,74,64,65.67,Average,Pass,65.67,0-2 Hours,60-75%
S4065,18,Female,12,1.8,78,Graduate,No,Yes,65,51,72,94,62.67,Average,Pass,62.67,0-2 Hours,75-90%
S4066,19,Female,11,1.4,66,Postgraduate,No,No,81,68,63,87,70.67,Good,Pass,70.67,0-2 Hours,60-75%
S4067,16,Female,11,3.3,62,Graduate,Yes,Yes,65,46,96,78,69.0,Good,Pass,69.0,2-4 Hours,60-75%
S4068,18,Female,11,2.4,59,Postgraduate,Yes,No,36,47,65,89,49.33,Poor,Fail,49.33,2-4 Hours,Below 60%
S4069,19,Male,12,0.7,60,Graduate,Yes,No,75,68,39,60,60.67,Average,Pass,60.67,0-2 Hours,Below 60%
S4070,16,Male,11,4.4,95,High School,No,No,57,51,94,72,67.33,Good,Pass,67.33,4-6 Hours,90-100%
S4071,18,Female,11,1.0,72,High School,No,Yes,63,76,61,58,66.67,Good,Pass,66.67,0-2 Hours,60-75%
S4072,14,Female,10,3.6,78,Graduate,No,No,38,90,62,78,63.33,Average,Pass,63.33,2-4 Hours,75-90%
S4073,19,Male,10,5.6,70,Postgraduate,Yes,Yes,92,45,35,68,57.33,Average,Pass,57.33,4-6 Hours,60-75%
S4074,15,Female,10,4.8,68,High School,Yes,Yes,76,36,61,76,57.67,Average,Pass,57.67,4-6 Hours,60-75%
S4075,18,Male,10,0.7,64,Postgraduate,Yes,Yes,81,38,64,84,61.0,Average,Pass,61.0,0-2 Hours,60-75%
S4076,19,Male,10,5.0,68,High School,No,Yes,69,83,53,70,68.33,Good,Pass,68.33,4-6 Hours,60-75%
S4077,15,Male,9,2.4,78,High School,Yes,Yes,69,85,96,45,83.33,Excellent,Pass,83.33,2-4 Hours,75-90%
S4078,18,Female,9,5.1,84,High School,No,Yes,76,90,86,71,84.0,Excellent,Pass,84.0,4-6 Hours,75-90%
S4079,16,Female,9,3.2,52,High School,Yes,Yes,100,54,38,66,64.0,Average,Pass,64.0,2-4 Hours,Below 60%
S4080,18,Female,11,2.9,70,Postgraduate,No,No,88,55,53,86,65.33,Average,Pass,65.33,2-4 Hours,60-75%
S4081,15,Female,12,3.3,55,High School,No,Yes,67,41,52,78,53.33,Average,Pass,53.33,2-4 Hours,Below 60%
S4082,14,Female,10,1.5,52,Graduate,No,Yes,60,66,85,76,70.33,Good,Pass,70.33,0-2 Hours,Below 60%
S4083,16,Female,12,2.7,86,Graduate,No,Yes,86,82,60,84,76.0,Good,Pass,76.0,2-4 Hours,75-90%
S4084,16,Male,12,3.8,62,Graduate,No,No,56,77,66,82,66.33,Good,Pass,66.33,2-4 Hours,60-75%
S4085,17,Female,9,0.8,95,Graduate,Yes,No,49,50,86,90,61.67,Average,Pass,61.67,0-2 Hours,90-100%
S4086,15,Female,9,0.9,78,Graduate,Yes,Yes,49,51,86,83,62.0,Average,Pass,62.0,0-2 Hours,75-90%
S4087,14,Female,12,2.0,96,Postgraduate,Yes,No,44,55,76,64,58.33,Average,Pass,58.33,0-2 Hours,90-100%
S4088,18,Female,9,1.5,83,High School,Yes,Yes,75,73,54,76,67.33,Good,Pass,67.33,0-2 Hours,75-90%
S4089,14,Male,10,2.4,72,Postgraduate,No,Yes,87,54,65,77,68.67,Good,Pass,68.67,2-4 Hours,60-75%
S4090,19,Female,10,4.1,86,High School,Yes,Yes,58,98,85,74,80.33,Good,Pass,80.33,4-6 Hours,75-90%
S4091,15,Male,11,4.4,99,Graduate,Yes,No,69,49,80,92,66.0,Good,Pass,66.0,4-6 Hours,90-100%
S4092,17,Female,11,3.0,87,Postgraduate,No,No,83,99,66,73,82.67,Excellent,Pass,82.67,2-4 Hours,75-90%
S4093,14,Male,11,5.6,69,High School,No,No,65,39,94,80,66.0,Good,Pass,66.0,4-6 Hours,60-75%
S4094,14,Male,12,2.3,62,Postgraduate,No,Yes,46,37,82,58,55.0,Average,Pass,55.0,2-4 Hours,60-75%
S4095,19,Female,10,4.7,88,Postgraduate,Yes,Yes,94,55,85,87,78.0,Good,Pass,78.0,4-6 Hours,75-90%
S4096,19,Female,10,1.2,85,Postgraduate,Yes,No,99,49,65,40,71.0,Good,Pass,71.0,0-2 Hours,75-90%
S4097,15,Female,10,5.0,91,Postgraduate,No,No,56,37,87,78,60.0,Average,Pass,60.0,4-6 Hours,90-100%
S4098,14,Male,12,1.9,56,High School,No,No,43,92,75,54,70.0,Good,Pass,70.0,0-2 Hours,Below 60%
S4099,19,Male,12,3.5,97,Postgraduate,No,Yes,50,90,93,61,77.67,Good,Pass,77.67,2-4 Hours,90-100%
S4100,19,Male,10,3.9,53,Postgraduate,Yes,Yes,51,98,91,71,80.0,Good,Pass,80.0,2-4 Hours,Below 60%
S4101,16,Male,9,4.5,90,Graduate,Yes,Yes,100,70,58,84,76.0,Good,Pass,76.0,4-6 Hours,75-90%
S4102,19,Female,10,2.5,82,Postgraduate,Yes,No,42,99,40,68,60.33,Average,Pass,60.33,2-4 Hours,75-90%
S4103,15,Female,12,1.6,55,Postgraduate,Yes,No,80,42,80,63,67.33,Good,Pass,67.33,0-2 Hours,Below 60%
S4104,17,Female,12,2.6,58,Graduate,Yes,No,55,82,43,54,60.0,Average,Pass,60.0,2-4 Hours,Below 60%
S4105,18,Male,11,2.0,96,Graduate,No,No,75,62,79,93,72.0,Good,Pass,72.0,0-2 Hours,90-100%
S4106,18,Female,10,4.4,82,High School,Yes,Yes,52,68,69,86,63.0,Average,Pass,63.0,4-6 Hours,75-90%
S4107,18,Female,12,3.3,58,Graduate,No,Yes,97,98,70,92,88.33,Excellent,Pass,88.33,2-4 Hours,Below 60%
S4108,17,Male,12,5.7,79,Graduate,No,Yes,99,82,93,95,91.33,Excellent,Pass,91.33,4-6 Hours,75-90%
S4109,18,Female,10,1.9,78,Postgraduate,No,Yes,36,60,94,79,63.33,Average,Pass,63.33,0-2 Hours,75-90%
S4110,16,Female,9,5.0,62,Graduate,Yes,No,96,37,45,41,59.33,Average,Pass,59.33,4-6 Hours,60-75%
S4111,18,Female,10,4.0,51,Graduate,No,Yes,74,76,77,94,75.67,Good,Pass,75.67,2-4 Hours,Below 60%
S4112,17,Male,12,4.4,84,Postgraduate,Yes,No,56,58,95,50,69.67,Good,Pass,69.67,4-6 Hours,75-90%
S4113,17,Female,12,3.5,78,Graduate,No,Yes,40,47,90,69,59.0,Average,Pass,59.0,2-4 Hours,75-90%
S4114,19,Male,11,2.6,58,High School,Yes,Yes,43,43,41,71,42.33,Poor,Fail,42.33,2-4 Hours,Below 60%
S4115,17,Male,9,4.4,58,High School,Yes,Yes,68,82,53,68,67.67,Good,Pass,67.67,4-6 Hours,Below 60%
S4116,16,Female,12,2.7,52,Graduate,Yes,No,77,36,75,47,62.67,Average,Pass,62.67,2-4 Hours,Below 60%
S4117,19,Female,11,3.5,74,Graduate,Yes,No,51,44,46,52,47.0,Poor,Fail,47.0,2-4 Hours,60-75%
S4118,15,Female,11,2.1,89,Postgraduate,Yes,No,81,68,84,67,77.67,Good,Pass,77.67,2-4 Hours,75-90%
S4119,16,Male,9,1.4,77,Postgraduate,No,Yes,35,47,94,95,58.67,Average,Pass,58.67,0-2 Hours,75-90%
S4120,18,Male,9,3.2,68,Graduate,Yes,No,86,87,36,86,69.67,Good,Pass,69.67,2-4 Hours,60-75%
S4121,16,Male,9,4.2,54,Postgraduate,Yes,No,82,37,58,69,59.0,Average,Pass,59.0,4-6 Hours,Below 60%
S4122,18,Female,9,2.3,87,Postgraduate,No,No,62,73,100,77,78.33,Good,Pass,78.33,2-4 Hours,75-90%
S4123,18,Female,11,4.2,75,Postgraduate,No,No,90,62,60,83,70.67,Good,Pass,70.67,4-6 Hours,60-75%
S4124,15,Female,11,4.9,61,Graduate,Yes,No,75,78,75,57,76.0,Good,Pass,76.0,4-6 Hours,60-75%
S4125,14,Male,9,4.1,54,Postgraduate,No,Yes,78,95,63,69,78.67,Good,Pass,78.67,4-6 Hours,Below 60%
S4126,14,Female,11,5.4,77,High School,Yes,Yes,45,72,60,60,59.0,Average,Pass,59.0,4-6 Hours,75-90%
S4127,14,Male,12,1.2,53,Graduate,No,No,95,50,45,45,63.33,Average,Pass,63.33,0-2 Hours,Below 60%
S4128,18,Female,10,3.6,97,Postgraduate,Yes,No,44,61,72,54,59.0,Average,Pass,59.0,2-4 Hours,90-100%
S4129,14,Male,11,1.7,80,High School,No,No,85,94,85,66,88.0,Excellent,Pass,88.0,0-2 Hours,75-90%
S4130,16,Female,10,3.2,66,Graduate,No,Yes,89,70,60,46,73.0,Good,Pass,73.0,2-4 Hours,60-75%
S4131,16,Male,11,2.7,62,Graduate,No,No,48,49,77,69,58.0,Average,Pass,58.0,2-4 Hours,60-75%
S4132,18,Male,12,1.7,80,High School,No,No,69,38,84,73,63.67,Average,Pass,63.67,0-2 Hours,75-90%
S4133,17,Female,9,1.4,93,Graduate,No,Yes,65,86,54,47,68.33,Good,Pass,68.33,0-2 Hours,90-100%
S4134,18,Male,9,1.9,93,Graduate,No,No,87,77,59,74,74.33,Good,Pass,74.33,0-2 Hours,90-100%
S4135,15,Male,12,3.7,73,High School,Yes,No,69,67,97,47,77.67,Good,Pass,77.67,2-4 Hours,60-75%
S4136,17,Male,11,1.5,63,Graduate,No,No,66,64,94,92,74.67,Good,Pass,74.67,0-2 Hours,60-75%
S4137,18,Male,11,1.1,68,High School,Yes,Yes,69,64,65,68,66.0,Good,Pass,66.0,0-2 Hours,60-75%
S4138,17,Male,9,2.9,65,Postgraduate,No,No,73,98,53,74,74.67,Good,Pass,74.67,2-4 Hours,60-75%
S4139,15,Male,12,4.3,83,Graduate,No,No,86,49,54,94,63.0,Average,Pass,63.0,4-6 Hours,75-90%
S4140,18,Male,10,0.8,51,Graduate,Yes,Yes,83,40,97,43,73.33,Good,Pass,73.33,0-2 Hours,Below 60%
S4141,16,Male,11,1.4,69,Graduate,No,No,56,53,72,57,60.33,Average,Pass,60.33,0-2 Hours,60-75%
S4142,19,Male,11,2.9,56,Postgraduate,Yes,Yes,80,80,94,46,84.67,Excellent,Pass,84.67,2-4 Hours,Below 60%
S4143,15,Female,11,5.1,97,Graduate,No,Yes,87,56,55,40,66.0,Good,Pass,66.0,4-6 Hours,90-100%
S4144,17,Male,10,2.5,94,Postgraduate,Yes,Yes,88,96,77,81,87.0,Excellent,Pass,87.0,2-4 Hours,90-100%
S4145,18,Male,9,1.2,64,Graduate,Yes,Yes,52,64,38,86,51.33,Average,Pass,51.33,0-2 Hours,60-75%
S4146,15,Female,12,5.8,80,High School,Yes,No,98,94,75,41,89.0,Excellent,Pass,89.0,4-6 Hours,75-90%
S4147,16,Female,11,2.0,58,Postgraduate,Yes,No,99,74,63,46,78.67,Good,Pass,78.67,0-2 Hours,Below 60%
S4148,18,Female,12,2.7,59,High School,No,Yes,52,85,99,83,78.67,Good,Pass,78.67,2-4 Hours,Below 60%
S4149,16,Male,10,3.0,92,High School,No,Yes,59,79,63,77,67.0,Good,Pass,67.0,2-4 Hours,90-100%
S4150,15,Female,12,3.1,97,Postgraduate,No,No,94,91,42,66,75.67,Good,Pass,75.67,2-4 Hours,90-100%
S4151,14,Female,9,4.7,87,Graduate,Yes,Yes,73,55,77,46,68.33,Good,Pass,68.33,4-6 Hours,75-90%
S4152,16,Male,10,3.3,99,Postgraduate,Yes,Yes,66,49,87,72,67.33,Good,Pass,67.33,2-4 Hours,90-100%
S4153,15,Female,11,5.1,57,Graduate,Yes,Yes,98,72,41,82,70.33,Good,Pass,70.33,4-6 Hours,Below 60%
S4154,19,Male,10,4.6,77,Postgraduate,No,No,58,35,47,78,46.67,Poor,Fail,46.67,4-6 Hours,75-90%
S4155,16,Male,9,4.8,78,Postgraduate,Yes,Yes,64,48,47,69,53.0,Average,Pass,53.0,4-6 Hours,75-90%
S4156,19,Male,12,2.3,63,Postgraduate,Yes,Yes,43,96,43,86,60.67,Average,Pass,60.67,2-4 Hours,60-75%
S4157,16,Female,12,1.8,70,Postgraduate,Yes,No,52,47,42,56,47.0,Poor,Fail,47.0,0-2 Hours,60-75%
S4158,15,Female,12,5.7,52,Postgraduate,No,No,62,94,45,58,67.0,Good,Pass,67.0,4-6 Hours,Below 60%
S4159,18,Male,11,1.8,97,Postgraduate,No,Yes,44,68,57,70,56.33,Average,Pass,56.33,0-2 Hours,90-100%
S4160,17,Male,12,4.4,69,Postgraduate,No,Yes,51,49,61,79,53.67,Average,Pass,53.67,4-6 Hours,60-75%
S4161,19,Male,12,5.0,76,Postgraduate,Yes,No,85,58,48,53,63.67,Average,Pass,63.67,4-6 Hours,75-90%
S4162,18,Female,11,5.2,85,Postgraduate,Yes,No,38,71,55,89,54.67,Average,Pass,54.67,4-6 Hours,75-90%
S4163,15,Male,12,5.4,83,High School,No,Yes,72,99,64,70,78.33,Good,Pass,78.33,4-6 Hours,75-90%
S4164,14,Male,12,3.6,85,Graduate,No,No,59,77,97,48,77.67,Good,Pass,77.67,2-4 Hours,75-90%
S4165,16,Female,12,5.9,73,Postgraduate,Yes,No,67,59,92,71,72.67,Good,Pass,72.67,4-6 Hours,60-75%
S4166,14,Male,11,0.9,50,Graduate,No,Yes,70,76,79,61,75.0,Good,Pass,75.0,0-2 Hours,Below 60%
S4167,19,Male,9,4.1,91,Postgraduate,No,Yes,96,87,99,94,94.0,Excellent,Pass,94.0,4-6 Hours,90-100%
S4168,17,Female,11,2.0,67,Graduate,No,No,77,71,70,82,72.67,Good,Pass,72.67,0-2 Hours,60-75%
S4169,19,Male,9,0.9,52,Graduate,No,No,90,41,47,80,59.33,Average,Pass,59.33,0-2 Hours,Below 60%
S4170,17,Female,9,4.9,99,High School,No,No,92,75,82,81,83.0,Excellent,Pass,83.0,4-6 Hours,90-100%
S4171,15,Male,9,5.3,72,High School,No,No,49,36,86,84,57.0,Average,Pass,57.0,4-6 Hours,60-75%
S4172,19,Male,12,5.0,84,High School,No,Yes,62,44,85,58,63.67,Average,Pass,63.67,4-6 Hours,75-90%
S4173,18,Female,9,1.8,54,Graduate,No,Yes,88,42,71,91,67.0,Good,Pass,67.0,0-2 Hours,Below 60%
S4174,14,Female,11,5.6,79,Postgraduate,Yes,No,76,90,43,95,69.67,Good,Pass,69.67,4-6 Hours,75-90%
S4175,19,Male,9,0.9,100,Postgraduate,No,No,77,40,59,48,58.67,Average,Pass,58.67,0-2 Hours,90-100%
S4176,15,Female,12,2.8,74,Postgraduate,Yes,No,38,51,93,72,60.67,Average,Pass,60.67,2-4 Hours,60-75%
S4177,19,Female,12,1.9,61,Graduate,No,No,66,70,40,45,58.67,Average,Pass,58.67,0-2 Hours,60-75%
S4178,14,Male,11,1.5,58,High School,Yes,No,64,53,36,87,51.0,Average,Pass,51.0,0-2 Hours,Below 60%
S4179,17,Female,9,5.1,93,Graduate,No,No,82,44,84,84,70.0,Good,Pass,70.0,4-6 Hours,90-100%
S4180,18,Male,11,0.7,57,High School,No,No,89,49,65,59,67.67,Good,Pass,67.67,0-2 Hours,Below 60%
S4181,15,Female,11,4.1,67,High School,No,No,76,82,64,51,74.0,Good,Pass,74.0,4-6 Hours,60-75%
S4182,17,Male,12,1.6,83,Graduate,No,Yes,75,81,71,71,75.67,Good,Pass,75.67,0-2 Hours,75-90%
S4183,17,Male,12,4.8,92,Postgraduate,No,No,53,88,83,69,74.67,Good,Pass,74.67,4-6 Hours,90-100%
S4184,17,Female,12,4.7,94,High School,No,Yes,37,96,84,61,72.33,Good,Pass,72.33,4-6 Hours,90-100%
S4185,14,Male,12,2.5,58,Postgraduate,No,Yes,59,39,54,91,50.67,Average,Pass,50.67,2-4 Hours,Below 60%
S4186,19,Male,9,4.4,98,High School,No,No,67,71,87,51,75.0,Good,Pass,75.0,4-6 Hours,90-100%
S4187,15,Female,12,4.9,88,Postgraduate,No,No,63,63,45,87,57.0,Average,Pass,57.0,4-6 Hours,75-90%
S4188,14,Female,11,3.5,55,Graduate,No,No,59,44,38,56,47.0,Poor,Fail,47.0,2-4 Hours,Below 60%
S4189,15,Male,12,2.8,77,High School,Yes,No,63,48,40,57,50.33,Average,Pass,50.33,2-4 Hours,75-90%
S4190,14,Female,12,4.1,69,Graduate,Yes,No,69,97,95,62,87.0,Excellent,Pass,87.0,4-6 Hours,60-75%
S4191,18,Male,11,1.1,93,Postgraduate,No,No,46,53,77,70,58.67,Average,Pass,58.67,0-2 Hours,90-100%
S4192,18,Male,11,1.7,72,High School,Yes,Yes,55,49,61,57,55.0,Average,Pass,55.0,0-2 Hours,60-75%
S4193,15,Female,11,1.3,72,Postgraduate,Yes,No,86,38,47,78,57.0,Average,Pass,57.0,0-2 Hours,60-75%
S4194,17,Male,9,3.0,68,High School,Yes,Yes,35,40,93,62,56.0,Average,Pass,56.0,2-4 Hours,60-75%
S4195,14,Female,12,3.5,97,Graduate,No,No,98,53,42,75,64.33,Average,Pass,64.33,2-4 Hours,90-100%
S4196,17,Female,10,2.2,75,Graduate,No,No,84,54,62,64,66.67,Good,Pass,66.67,2-4 Hours,60-75%
S4197,16,Female,10,2.4,93,Graduate,No,No,48,89,46,53,61.0,Average,Pass,61.0,2-4 Hours,90-100%
S4198,19,Female,11,2.7,94,High School,Yes,No,62,91,69,82,74.0,Good,Pass,74.0,2-4 Hours,90-100%
S4199,16,Male,12,5.0,90,High School,No,Yes,42,84,62,89,62.67,Average,Pass,62.67,4-6 Hours,75-90%
S4200,14,Female,12,1.6,91,Postgraduate,No,No,47,95,48,63,63.33,Average,Pass,63.33,0-2 Hours,90-100%
S4201,14,Male,10,1.9,85,Postgraduate,No,No,60,75,71,62,68.67,Good,Pass,68.67,0-2 Hours,75-90%
S4202,15,Female,10,0.6,70,High School,No,Yes,60,72,66,45,66.0,Good,Pass,66.0,0-2 Hours,60-75%
S4203,19,Female,12,4.6,62,Graduate,No,Yes,66,99,47,68,70.67,Good,Pass,70.67,4-6 Hours,60-75%
S4204,17,Male,11,4.3,68,High School,Yes,Yes,92,38,76,83,68.67,Good,Pass,68.67,4-6 Hours,60-75%
S4205,17,Male,12,5.3,70,High School,No,Yes,59,68,60,48,62.33,Average,Pass,62.33,4-6 Hours,60-75%
S4206,15,Female,12,4.7,62,Graduate,Yes,No,83,87,42,84,70.67,Good,Pass,70.67,4-6 Hours,60-75%
S4207,14,Female,12,2.9,92,Postgraduate,Yes,Yes,84,84,69,52,79.0,Good,Pass,79.0,2-4 Hours,90-100%
S4208,14,Male,9,3.5,80,Graduate,No,Yes,81,57,78,92,72.0,Good,Pass,72.0,2-4 Hours,75-90%
S4209,19,Male,9,4.8,87,Postgraduate,Yes,No,73,80,68,95,73.67,Good,Pass,73.67,4-6 Hours,75-90%
S4210,14,Female,10,2.5,70,Postgraduate,No,No,50,72,51,81,57.67,Average,Pass,57.67,2-4 Hours,60-75%
S4211,17,Female,12,2.4,84,Postgraduate,Yes,No,46,39,75,73,53.33,Average,Pass,53.33,2-4 Hours,75-90%
S4212,18,Female,10,0.7,90,High School,Yes,No,47,61,75,79,61.0,Average,Pass,61.0,0-2 Hours,75-90%
S4213,17,Male,11,0.8,85,Postgraduate,No,Yes,52,80,66,80,66.0,Good,Pass,66.0,0-2 Hours,75-90%
S4214,15,Female,10,2.3,60,Postgraduate,No,No,95,47,95,51,79.0,Good,Pass,79.0,2-4 Hours,Below 60%
S4215,18,Female,9,3.8,79,High School,No,Yes,76,82,47,87,68.33,Good,Pass,68.33,2-4 Hours,75-90%
S4216,16,Female,10,3.8,93,Postgraduate,Yes,Yes,43,49,40,60,44.0,Poor,Fail,44.0,2-4 Hours,90-100%
S4217,16,Female,11,4.8,92,High School,No,No,72,36,96,81,68.0,Good,Pass,68.0,4-6 Hours,90-100%
S4218,14,Male,9,1.5,61,Graduate,Yes,No,47,58,68,61,57.67,Average,Pass,57.67,0-2 Hours,60-75%
S4219,17,Male,10,4.0,99,Graduate,No,No,63,73,62,44,66.0,Good,Pass,66.0,2-4 Hours,90-100%
S4220,18,Male,9,4.6,75,Graduate,No,Yes,84,68,78,82,76.67,Good,Pass,76.67,4-6 Hours,60-75%
S4221,17,Male,11,1.2,91,Graduate,No,Yes,96,63,41,64,66.67,Good,Pass,66.67,0-2 Hours,90-100%
S4222,19,Male,10,1.9,77,High School,Yes,Yes,52,42,51,77,48.33,Poor,Fail,48.33,0-2 Hours,75-90%
S4223,19,Female,11,2.0,54,High School,Yes,No,69,48,86,54,67.67,Good,Pass,67.67,0-2 Hours,Below 60%
S4224,18,Female,9,1.8,93,High School,No,Yes,68,71,40,86,59.67,Average,Pass,59.67,0-2 Hours,90-100%
S4225,17,Female,12,5.9,52,High School,No,Yes,42,55,63,60,53.33,Average,Pass,53.33,4-6 Hours,Below 60%
S4226,19,Female,10,5.9,59,High School,Yes,No,91,66,55,88,70.67,Good,Pass,70.67,4-6 Hours,Below 60%
S4227,14,Female,11,2.6,52,Graduate,Yes,Yes,66,69,38,48,57.67,Average,Pass,57.67,2-4 Hours,Below 60%
S4228,17,Male,12,0.8,57,High School,No,Yes,47,95,95,70,79.0,Good,Pass,79.0,0-2 Hours,Below 60%
S4229,19,Female,9,1.2,78,High School,No,Yes,41,72,89,45,67.33,Good,Pass,67.33,0-2 Hours,75-90%
S4230,14,Female,12,2.1,56,Graduate,No,No,65,62,60,67,62.33,Average,Pass,62.33,2-4 Hours,Below 60%
S4231,14,Female,10,4.9,86,High School,No,No,35,41,77,93,51.0,Average,Pass,51.0,4-6 Hours,75-90%
S4232,14,Female,11,5.7,90,Graduate,No,Yes,75,36,86,67,65.67,Average,Pass,65.67,4-6 Hours,75-90%
S4233,18,Male,9,1.5,82,High School,No,No,79,66,56,95,67.0,Good,Pass,67.0,0-2 Hours,75-90%
S4234,14,Female,9,3.2,71,Postgraduate,No,Yes,81,95,98,73,91.33,Excellent,Pass,91.33,2-4 Hours,60-75%
S4235,14,Male,12,3.6,86,Graduate,Yes,Yes,86,50,82,44,72.67,Good,Pass,72.67,2-4 Hours,75-90%
S4236,15,Female,9,5.4,52,High School,Yes,No,55,53,91,94,66.33,Good,Pass,66.33,4-6 Hours,Below 60%
S4237,18,Male,12,3.7,69,Graduate,Yes,No,80,70,50,47,66.67,Good,Pass,66.67,2-4 Hours,60-75%
S4238,15,Male,10,2.5,83,Postgraduate,Yes,Yes,68,56,76,45,66.67,Good,Pass,66.67,2-4 Hours,75-90%
S4239,18,Male,12,1.6,92,Postgraduate,Yes,Yes,42,91,85,63,72.67,Good,Pass,72.67,0-2 Hours,90-100%
S4240,15,Female,10,3.5,90,Graduate,No,Yes,81,52,67,57,66.67,Good,Pass,66.67,2-4 Hours,75-90%
S4241,16,Male,12,5.0,76,Graduate,No,No,95,100,42,40,79.0,Good,Pass,79.0,4-6 Hours,75-90%
S4242,16,Male,12,5.0,59,Postgraduate,Yes,No,38,69,100,56,69.0,Good,Pass,69.0,4-6 Hours,Below 60%
S4243,18,Female,9,0.9,67,Graduate,Yes,No,98,71,40,81,69.67,Good,Pass,69.67,0-2 Hours,60-75%
S4244,19,Male,10,4.6,69,Postgraduate,No,Yes,92,81,36,67,69.67,Good,Pass,69.67,4-6 Hours,60-75%
S4245,17,Female,12,1.3,57,Postgraduate,Yes,Yes,95,96,100,42,97.0,Excellent,Pass,97.0,0-2 Hours,Below 60%
S4246,17,Male,9,2.1,83,Postgraduate,Yes,Yes,78,96,48,48,74.0,Good,Pass,74.0,2-4 Hours,75-90%
S4247,16,Male,10,5.8,97,Graduate,Yes,No,49,99,99,73,82.33,Excellent,Pass,82.33,4-6 Hours,90-100%
S4248,16,Female,9,3.1,92,Graduate,Yes,Yes,59,45,49,82,51.0,Average,Pass,51.0,2-4 Hours,90-100%
S4249,15,Female,11,1.4,78,High School,Yes,Yes,81,91,41,94,71.0,Good,Pass,71.0,0-2 Hours,75-90%
S4250,16,Female,12,5.2,94,High School,No,No,86,93,53,85,77.33,Good,Pass,77.33,4-6 Hours,90-100%
S4251,16,Male,10,5.0,58,High School,Yes,Yes,78,50,71,43,66.33,Good,Pass,66.33,4-6 Hours,Below 60%
S4252,19,Male,12,1.2,65,Postgraduate,Yes,Yes,76,83,67,43,75.33,Good,Pass,75.33,0-2 Hours,60-75%
S4253,18,Female,12,0.6,73,Postgraduate,Yes,Yes,100,49,69,60,72.67,Good,Pass,72.67,0-2 Hours,60-75%
S4254,14,Male,12,2.1,57,Postgraduate,No,Yes,50,69,100,80,73.0,Good,Pass,73.0,2-4 Hours,Below 60%
S4255,17,Female,9,3.9,74,High School,Yes,Yes,98,37,39,82,58.0,Average,Pass,58.0,2-4 Hours,60-75%
S4256,17,Female,12,4.2,81,Postgraduate,Yes,Yes,68,73,52,41,64.33,Average,Pass,64.33,4-6 Hours,75-90%
S4257,15,Female,12,3.8,88,High School,Yes,Yes,63,42,71,93,58.67,Average,Pass,58.67,2-4 Hours,75-90%
S4258,18,Female,11,2.4,100,Graduate,No,No,56,59,70,82,61.67,Average,Pass,61.67,2-4 Hours,90-100%
S4259,16,Female,11,0.6,53,High School,No,No,69,38,52,53,53.0,Average,Pass,53.0,0-2 Hours,Below 60%
S4260,15,Male,10,4.7,78,Graduate,Yes,Yes,98,37,79,81,71.33,Good,Pass,71.33,4-6 Hours,75-90%
S4261,19,Female,10,5.5,55,High School,No,Yes,79,75,69,72,74.33,Good,Pass,74.33,4-6 Hours,Below 60%
S4262,14,Female,9,5.2,63,Postgraduate,Yes,Yes,80,74,62,42,72.0,Good,Pass,72.0,4-6 Hours,60-75%
S4263,14,Female,9,2.2,56,High School,No,No,57,73,68,62,66.0,Good,Pass,66.0,2-4 Hours,Below 60%
S4264,17,Male,10,2.9,90,High School,No,No,71,43,45,58,53.0,Average,Pass,53.0,2-4 Hours,75-90%
S4265,15,Female,10,4.6,63,Graduate,No,No,90,46,64,71,66.67,Good,Pass,66.67,4-6 Hours,60-75%
S4266,18,Male,12,1.8,92,Postgraduate,No,No,74,67,97,72,79.33,Good,Pass,79.33,0-2 Hours,90-100%
S4267,16,Male,11,0.9,83,Postgraduate,No,Yes,71,81,84,60,78.67,Good,Pass,78.67,0-2 Hours,75-90%
S4268,16,Male,11,2.8,54,High School,No,No,51,41,69,68,53.67,Average,Pass,53.67,2-4 Hours,Below 60%
S4269,18,Female,10,3.6,89,Postgraduate,Yes,No,84,74,61,52,73.0,Good,Pass,73.0,2-4 Hours,75-90%
S4270,15,Male,11,5.4,90,Graduate,Yes,Yes,93,81,70,89,81.33,Excellent,Pass,81.33,4-6 Hours,75-90%
S4271,15,Female,12,5.1,70,Postgraduate,Yes,No,40,42,68,68,50.0,Average,Pass,50.0,4-6 Hours,60-75%
S4272,19,Male,12,1.7,72,Graduate,No,Yes,93,45,89,61,75.67,Good,Pass,75.67,0-2 Hours,60-75%
S4273,18,Female,12,3.7,60,Postgraduate,No,Yes,100,39,68,81,69.0,Good,Pass,69.0,2-4 Hours,Below 60%
S4274,16,Male,10,4.3,96,High School,No,No,36,49,70,63,51.67,Average,Pass,51.67,4-6 Hours,90-100%
S4275,15,Female,9,2.6,67,Postgraduate,Yes,No,79,64,55,43,66.0,Good,Pass,66.0,2-4 Hours,60-75%
S4276,18,Male,10,5.4,54,Graduate,Yes,No,74,87,98,59,86.33,Excellent,Pass,86.33,4-6 Hours,Below 60%
S4277,18,Female,12,1.8,52,Postgraduate,Yes,No,64,42,59,73,55.0,Average,Pass,55.0,0-2 Hours,Below 60%
S4278,18,Female,9,0.5,83,High School,No,No,65,39,71,51,58.33,Average,Pass,58.33,0-2 Hours,75-90%
S4279,16,Female,11,5.0,53,High School,Yes,Yes,90,69,88,43,82.33,Excellent,Pass,82.33,4-6 Hours,Below 60%
S4280,17,Male,9,4.8,54,High School,Yes,No,62,49,57,70,56.0,Average,Pass,56.0,4-6 Hours,Below 60%
S4281,19,Male,12,2.8,61,Postgraduate,No,Yes,80,70,88,91,79.33,Good,Pass,79.33,2-4 Hours,60-75%
S4282,18,Female,11,2.4,54,Graduate,Yes,No,98,68,40,79,68.67,Good,Pass,68.67,2-4 Hours,Below 60%
S4283,16,Female,11,5.7,94,Graduate,Yes,No,64,88,75,59,75.67,Good,Pass,75.67,4-6 Hours,90-100%
S4284,16,Male,9,5.3,89,Graduate,No,Yes,66,77,38,77,60.33,Average,Pass,60.33,4-6 Hours,75-90%
S4285,14,Male,12,1.5,82,High School,Yes,Yes,83,82,67,60,77.33,Good,Pass,77.33,0-2 Hours,75-90%
S4286,15,Female,9,3.1,57,Postgraduate,No,No,36,91,79,81,68.67,Good,Pass,68.67,2-4 Hours,Below 60%
S4287,14,Female,9,3.2,95,High School,Yes,No,68,98,82,91,82.67,Excellent,Pass,82.67,2-4 Hours,90-100%
S4288,18,Male,10,2.8,66,High School,No,Yes,93,36,77,93,68.67,Good,Pass,68.67,2-4 Hours,60-75%
S4289,17,Female,11,0.7,54,Graduate,No,Yes,83,43,55,80,60.33,Average,Pass,60.33,0-2 Hours,Below 60%
S4290,19,Male,10,5.6,63,Graduate,No,No,75,90,55,50,73.33,Good,Pass,73.33,4-6 Hours,60-75%
S4291,17,Male,12,3.3,80,Postgraduate,Yes,Yes,92,55,66,69,71.0,Good,Pass,71.0,2-4 Hours,75-90%
S4292,17,Female,9,4.5,92,Graduate,Yes,Yes,53,81,79,61,71.0,Good,Pass,71.0,4-6 Hours,90-100%
S4293,16,Male,11,1.9,58,High School,No,No,70,60,55,73,61.67,Average,Pass,61.67,0-2 Hours,Below 60%
S4294,16,Male,12,4.4,56,High School,Yes,No,58,44,50,83,50.67,Average,Pass,50.67,4-6 Hours,Below 60%
S4295,19,Female,12,3.5,84,High School,Yes,Yes,93,55,88,67,78.67,Good,Pass,78.67,2-4 Hours,75-90%
S4296,16,Male,11,4.8,66,Graduate,No,Yes,56,84,47,92,62.33,Average,Pass,62.33,4-6 Hours,60-75%
S4297,16,Male,10,5.4,98,Postgraduate,Yes,No,92,44,78,95,71.33,Good,Pass,71.33,4-6 Hours,90-100%
S4298,18,Male,12,5.7,64,Postgraduate,Yes,No,78,80,41,70,66.33,Good,Pass,66.33,4-6 Hours,60-75%
S4299,19,Female,12,0.7,79,Graduate,No,No,52,46,72,43,56.67,Average,Pass,56.67,0-2 Hours,75-90%
S4300,19,Male,11,2.3,63,High School,No,No,79,81,98,61,86.0,Excellent,Pass,86.0,2-4 Hours,60-75%
S4301,14,Male,12,5.0,86,High School,Yes,Yes,41,79,43,48,54.33,Average,Pass,54.33,4-6 Hours,75-90%
S4302,16,Female,10,1.4,77,Graduate,Yes,Yes,92,74,68,53,78.0,Good,Pass,78.0,0-2 Hours,75-90%
S4303,19,Female,10,2.3,72,Graduate,No,Yes,94,50,93,93,79.0,Good,Pass,79.0,2-4 Hours,60-75%
S4304,14,Female,12,3.7,60,High School,No,Yes,82,94,68,61,81.33,Excellent,Pass,81.33,2-4 Hours,Below 60%
S4305,17,Female,11,4.3,81,Postgraduate,No,Yes,87,65,38,74,63.33,Average,Pass,63.33,4-6 Hours,75-90%
S4306,14,Male,11,1.7,89,Graduate,No,Yes,70,39,80,45,63.0,Average,Pass,63.0,0-2 Hours,75-90%
S4307,15,Female,11,4.2,53,Graduate,No,Yes,76,93,51,75,73.33,Good,Pass,73.33,4-6 Hours,Below 60%
S4308,19,Male,10,3.7,87,High School,Yes,No,60,65,90,75,71.67,Good,Pass,71.67,2-4 Hours,75-90%
S4309,17,Female,10,5.4,99,High School,Yes,Yes,55,42,96,50,64.33,Average,Pass,64.33,4-6 Hours,90-100%
S4310,14,Male,11,3.9,71,Postgraduate,No,Yes,48,45,77,75,56.67,Average,Pass,56.67,2-4 Hours,60-75%
S4311,15,Male,10,5.6,91,High School,Yes,No,73,50,46,86,56.33,Average,Pass,56.33,4-6 Hours,90-100%
S4312,18,Male,10,2.1,68,Postgraduate,Yes,Yes,64,91,53,42,69.33,Good,Pass,69.33,2-4 Hours,60-75%
S4313,14,Female,11,6.0,91,Postgraduate,Yes,No,49,36,89,77,58.0,Average,Pass,58.0,4-6 Hours,90-100%
S4314,14,Female,12,1.8,72,Graduate,No,No,35,63,57,42,51.67,Average,Pass,51.67,0-2 Hours,60-75%
S4315,19,Female,12,5.4,52,Graduate,Yes,No,73,52,96,61,73.67,Good,Pass,73.67,4-6 Hours,Below 60%
S4316,16,Female,11,5.6,92,Graduate,No,Yes,79,54,59,51,64.0,Average,Pass,64.0,4-6 Hours,90-100%
S4317,14,Female,10,5.9,73,Graduate,No,Yes,40,80,81,92,67.0,Good,Pass,67.0,4-6 Hours,60-75%
S4318,16,Male,12,5.9,88,Postgraduate,No,Yes,50,41,55,90,48.67,Poor,Fail,48.67,4-6 Hours,75-90%
S4319,16,Male,12,4.9,84,High School,No,No,50,78,77,47,68.33,Good,Pass,68.33,4-6 Hours,75-90%
S4320,19,Female,11,5.7,72,Graduate,No,No,40,77,79,88,65.33,Average,Pass,65.33,4-6 Hours,60-75%
S4321,15,Male,12,5.7,92,High School,Yes,No,77,56,70,68,67.67,Good,Pass,67.67,4-6 Hours,90-100%
S4322,19,Male,9,3.9,57,Postgraduate,No,Yes,76,68,77,55,73.67,Good,Pass,73.67,2-4 Hours,Below 60%
S4323,14,Male,11,0.6,72,Graduate,Yes,Yes,62,83,64,79,69.67,Good,Pass,69.67,0-2 Hours,60-75%
S4324,14,Female,11,3.8,55,Graduate,No,No,72,63,96,43,77.0,Good,Pass,77.0,2-4 Hours,Below 60%
S4325,15,Female,10,5.0,96,Postgraduate,No,No,91,92,99,66,94.0,Excellent,Pass,94.0,4-6 Hours,90-100%
S4326,17,Male,9,2.5,56,High School,No,No,68,92,69,47,76.33,Good,Pass,76.33,2-4 Hours,Below 60%
S4327,16,Female,12,0.9,66,Postgraduate,No,Yes,45,48,68,88,53.67,Average,Pass,53.67,0-2 Hours,60-75%
S4328,16,Male,12,2.5,76,Postgraduate,Yes,No,74,76,62,40,70.67,Good,Pass,70.67,2-4 Hours,75-90%
S4329,14,Male,11,1.6,59,High School,No,Yes,54,79,67,40,66.67,Good,Pass,66.67,0-2 Hours,Below 60%
S4330,14,Male,9,0.6,86,High School,No,Yes,100,91,36,60,75.67,Good,Pass,75.67,0-2 Hours,75-90%
S4331,18,Male,9,5.9,87,Postgraduate,Yes,Yes,77,60,40,56,59.0,Average,Pass,59.0,4-6 Hours,75-90%
S4332,15,Female,9,3.5,56,Graduate,Yes,Yes,76,62,95,77,77.67,Good,Pass,77.67,2-4 Hours,Below 60%
S4333,17,Female,11,5.0,84,High School,No,No,40,49,37,91,42.0,Poor,Fail,42.0,4-6 Hours,75-90%
S4334,14,Male,10,2.9,74,High School,Yes,No,85,96,85,75,88.67,Excellent,Pass,88.67,2-4 Hours,60-75%
S4335,18,Male,10,3.6,50,High School,Yes,Yes,72,71,92,45,78.33,Good,Pass,78.33,2-4 Hours,Below 60%
S4336,17,Male,10,5.6,87,Graduate,No,Yes,77,50,97,75,74.67,Good,Pass,74.67,4-6 Hours,75-90%
S4337,16,Female,12,5.5,78,Postgraduate,No,No,96,55,93,40,81.33,Excellent,Pass,81.33,4-6 Hours,75-90%
S4338,17,Male,12,5.4,57,Postgraduate,Yes,Yes,42,66,84,56,64.0,Average,Pass,64.0,4-6 Hours,Below 60%
S4339,15,Male,12,4.6,50,Graduate,Yes,Yes,90,61,44,59,65.0,Average,Pass,65.0,4-6 Hours,Below 60%
S4340,18,Male,11,3.7,53,Graduate,No,Yes,62,58,68,91,62.67,Average,Pass,62.67,2-4 Hours,Below 60%
S4341,16,Male,9,0.7,80,Postgraduate,Yes,Yes,84,100,73,77,85.67,Excellent,Pass,85.67,0-2 Hours,75-90%
S4342,18,Female,12,3.1,85,Postgraduate,Yes,No,56,90,37,88,61.0,Average,Pass,61.0,2-4 Hours,75-90%
S4343,19,Male,10,3.2,69,Graduate,Yes,Yes,55,50,45,95,50.0,Average,Pass,50.0,2-4 Hours,60-75%
S4344,16,Male,11,5.4,76,Graduate,Yes,No,35,80,39,48,51.33,Average,Pass,51.33,4-6 Hours,75-90%
S4345,19,Male,10,3.0,91,High School,No,Yes,73,62,85,50,73.33,Good,Pass,73.33,2-4 Hours,90-100%
S4346,18,Male,12,2.7,70,Graduate,No,Yes,66,54,53,56,57.67,Average,Pass,57.67,2-4 Hours,60-75%
S4347,17,Female,10,6.0,76,Postgraduate,Yes,Yes,37,99,58,90,64.67,Average,Pass,64.67,4-6 Hours,75-90%
S4348,14,Female,11,0.8,99,Graduate,Yes,Yes,96,51,44,73,63.67,Average,Pass,63.67,0-2 Hours,90-100%
S4349,18,Male,10,5.2,73,Postgraduate,Yes,No,82,62,97,46,80.33,Good,Pass,80.33,4-6 Hours,60-75%
S4350,19,Male,9,2.6,95,Postgraduate,No,Yes,83,56,75,73,71.33,Good,Pass,71.33,2-4 Hours,90-100%
S4351,15,Male,11,3.7,94,High School,No,Yes,57,56,87,61,66.67,Good,Pass,66.67,2-4 Hours,90-100%
S4352,18,Female,11,4.4,89,Graduate,Yes,No,75,63,37,56,58.33,Average,Pass,58.33,4-6 Hours,75-90%
S4353,18,Female,12,5.3,59,High School,Yes,Yes,70,49,37,73,52.0,Average,Pass,52.0,4-6 Hours,Below 60%
S4354,19,Female,10,2.0,77,High School,Yes,Yes,54,88,66,60,69.33,Good,Pass,69.33,0-2 Hours,75-90%
S4355,15,Male,10,1.9,66,Postgraduate,Yes,No,89,78,80,87,82.33,Excellent,Pass,82.33,0-2 Hours,60-75%
S4356,15,Male,9,1.6,91,High School,Yes,No,65,57,41,88,54.33,Average,Pass,54.33,0-2 Hours,90-100%
S4357,19,Male,12,3.0,100,Graduate,No,No,38,47,96,50,60.33,Average,Pass,60.33,2-4 Hours,90-100%
S4358,15,Male,12,5.8,98,Graduate,Yes,No,36,63,45,86,48.0,Poor,Fail,48.0,4-6 Hours,90-100%
S4359,18,Female,12,2.2,63,Graduate,No,Yes,81,45,60,57,62.0,Average,Pass,62.0,2-4 Hours,60-75%
S4360,17,Female,11,2.7,68,Graduate,Yes,No,99,48,71,72,72.67,Good,Pass,72.67,2-4 Hours,60-75%
S4361,18,Female,10,2.0,92,Graduate,No,Yes,76,98,45,59,73.0,Good,Pass,73.0,0-2 Hours,90-100%
S4362,19,Female,11,3.2,86,Graduate,Yes,No,99,68,99,89,88.67,Excellent,Pass,88.67,2-4 Hours,75-90%
S4363,18,Female,12,4.4,63,High School,No,No,56,100,55,93,70.33,Good,Pass,70.33,4-6 Hours,60-75%
S4364,16,Male,11,3.7,86,Graduate,No,Yes,85,60,98,94,81.0,Excellent,Pass,81.0,2-4 Hours,75-90%
S4365,17,Male,12,5.4,68,High School,Yes,No,45,71,35,78,50.33,Average,Pass,50.33,4-6 Hours,60-75%
S4366,18,Male,11,4.5,68,Postgraduate,No,Yes,61,56,79,42,65.33,Average,Pass,65.33,4-6 Hours,60-75%
S4367,17,Female,11,4.4,64,Graduate,Yes,Yes,59,87,55,43,67.0,Good,Pass,67.0,4-6 Hours,60-75%
S4368,15,Male,12,3.6,62,High School,Yes,No,89,44,74,80,69.0,Good,Pass,69.0,2-4 Hours,60-75%
S4369,16,Female,12,0.7,79,High School,No,Yes,84,49,42,58,58.33,Average,Pass,58.33,0-2 Hours,75-90%
S4370,14,Male,9,1.3,77,Graduate,Yes,Yes,63,61,58,69,60.67,Average,Pass,60.67,0-2 Hours,75-90%
S4371,17,Female,10,5.9,77,Postgraduate,No,No,46,43,97,87,62.0,Average,Pass,62.0,4-6 Hours,75-90%
S4372,16,Male,9,4.1,66,Graduate,No,Yes,51,52,80,42,61.0,Average,Pass,61.0,4-6 Hours,60-75%
S4373,15,Male,12,0.7,63,Postgraduate,No,No,62,93,94,89,83.0,Excellent,Pass,83.0,0-2 Hours,60-75%
S4374,14,Male,12,2.7,70,Postgraduate,Yes,Yes,40,64,56,92,53.33,Average,Pass,53.33,2-4 Hours,60-75%
S4375,14,Male,9,0.8,60,Postgraduate,Yes,Yes,50,98,51,80,66.33,Good,Pass,66.33,0-2 Hours,Below 60%
S4376,16,Female,10,1.1,94,High School,Yes,No,60,91,79,47,76.67,Good,Pass,76.67,0-2 Hours,90-100%
S4377,16,Male,9,1.8,59,High School,Yes,No,82,71,93,79,82.0,Excellent,Pass,82.0,0-2 Hours,Below 60%
S4378,19,Female,10,2.7,98,High School,Yes,Yes,84,76,50,43,70.0,Good,Pass,70.0,2-4 Hours,90-100%
S4379,16,Male,11,5.2,55,Graduate,Yes,No,63,78,92,77,77.67,Good,Pass,77.67,4-6 Hours,Below 60%
S4380,14,Male,10,0.9,67,Postgraduate,No,Yes,40,94,39,81,57.67,Average,Pass,57.67,0-2 Hours,60-75%
S4381,17,Female,10,4.2,92,High School,No,No,82,61,58,56,67.0,Good,Pass,67.0,4-6 Hours,90-100%
S4382,14,Male,10,3.3,98,Postgraduate,No,Yes,86,45,78,80,69.67,Good,Pass,69.67,2-4 Hours,90-100%
S4383,18,Male,12,5.9,95,High School,Yes,Yes,40,64,48,70,50.67,Average,Pass,50.67,4-6 Hours,90-100%
S4384,15,Male,11,3.3,96,Postgraduate,No,No,59,49,96,85,68.0,Good,Pass,68.0,2-4 Hours,90-100%
S4385,19,Male,12,4.3,80,High School,Yes,No,40,71,77,72,62.67,Average,Pass,62.67,4-6 Hours,75-90%
S4386,15,Male,11,2.3,86,Graduate,No,Yes,51,72,48,67,57.0,Average,Pass,57.0,2-4 Hours,75-90%
S4387,18,Male,10,4.6,62,High School,No,No,38,41,51,58,43.33,Poor,Fail,43.33,4-6 Hours,60-75%
S4388,18,Male,9,5.0,92,Postgraduate,Yes,No,98,51,69,47,72.67,Good,Pass,72.67,4-6 Hours,90-100%
S4389,17,Female,9,3.9,89,High School,No,No,41,38,74,66,51.0,Average,Pass,51.0,2-4 Hours,75-90%
S4390,19,Female,12,3.0,74,High School,No,Yes,71,44,69,51,61.33,Average,Pass,61.33,2-4 Hours,60-75%
S4391,18,Female,11,2.0,94,Postgraduate,No,No,69,88,65,71,74.0,Good,Pass,74.0,0-2 Hours,90-100%
S4392,16,Female,9,5.3,52,Postgraduate,Yes,No,63,55,36,84,51.33,Average,Pass,51.33,4-6 Hours,Below 60%
S4393,15,Female,11,2.4,94,Postgraduate,Yes,No,72,51,92,78,71.67,Good,Pass,71.67,2-4 Hours,90-100%
S4394,15,Male,11,1.1,82,High School,Yes,Yes,74,86,50,64,70.0,Good,Pass,70.0,0-2 Hours,75-90%
S4395,18,Female,12,4.5,75,High School,Yes,No,62,54,57,88,57.67,Average,Pass,57.67,4-6 Hours,60-75%
S4396,17,Female,10,5.4,73,High School,Yes,Yes,59,83,47,75,63.0,Average,Pass,63.0,4-6 Hours,60-75%
S4397,14,Female,10,1.3,61,Graduate,Yes,Yes,96,94,39,40,76.33,Good,Pass,76.33,0-2 Hours,60-75%
S4398,15,Male,9,2.8,80,High School,Yes,Yes,35,82,96,41,71.0,Good,Pass,71.0,2-4 Hours,75-90%
S4399,17,Female,10,5.9,60,High School,Yes,No,71,65,86,90,74.0,Good,Pass,74.0,4-6 Hours,Below 60%
S4400,17,Male,9,5.8,56,High School,Yes,No,37,62,72,41,57.0,Average,Pass,57.0,4-6 Hours,Below 60%
S4401,16,Male,9,4.1,68,Graduate,No,Yes,80,43,92,79,71.67,Good,Pass,71.67,4-6 Hours,60-75%
S4402,19,Male,9,4.4,66,Graduate,No,Yes,62,67,83,71,70.67,Good,Pass,70.67,4-6 Hours,60-75%
S4403,18,Male,11,5.5,83,Postgraduate,Yes,Yes,96,69,64,59,76.33,Good,Pass,76.33,4-6 Hours,75-90%
S4404,19,Female,10,1.4,68,High School,No,No,86,55,56,64,65.67,Average,Pass,65.67,0-2 Hours,60-75%
S4405,17,Female,9,0.7,73,Postgraduate,Yes,No,35,95,58,51,62.67,Average,Pass,62.67,0-2 Hours,60-75%
S4406,19,Female,10,5.8,97,Graduate,No,No,76,97,88,94,87.0,Excellent,Pass,87.0,4-6 Hours,90-100%
S4407,16,Female,10,3.3,56,Graduate,No,Yes,54,95,72,89,73.67,Good,Pass,73.67,2-4 Hours,Below 60%
S4408,19,Male,10,4.7,92,High School,Yes,No,66,69,68,50,67.67,Good,Pass,67.67,4-6 Hours,90-100%
S4409,18,Female,10,3.9,62,Graduate,Yes,Yes,94,47,75,86,72.0,Good,Pass,72.0,2-4 Hours,60-75%
S4410,16,Female,12,5.5,65,Graduate,Yes,Yes,57,65,75,72,65.67,Average,Pass,65.67,4-6 Hours,60-75%
S4411,16,Male,10,3.8,60,Graduate,No,Yes,51,89,93,52,77.67,Good,Pass,77.67,2-4 Hours,Below 60%
S4412,15,Male,10,1.6,84,High School,No,Yes,80,94,74,50,82.67,Excellent,Pass,82.67,0-2 Hours,75-90%
S4413,16,Female,12,3.2,81,High School,Yes,No,80,70,81,84,77.0,Good,Pass,77.0,2-4 Hours,75-90%
S4414,14,Male,10,5.7,78,Postgraduate,Yes,No,84,82,49,64,71.67,Good,Pass,71.67,4-6 Hours,75-90%
S4415,17,Female,10,2.0,67,Postgraduate,Yes,No,35,73,73,61,60.33,Average,Pass,60.33,0-2 Hours,60-75%
S4416,18,Female,9,2.4,61,High School,Yes,Yes,66,69,63,92,66.0,Good,Pass,66.0,2-4 Hours,60-75%
S4417,15,Male,10,5.8,79,High School,Yes,Yes,93,48,95,40,78.67,Good,Pass,78.67,4-6 Hours,75-90%
S4418,14,Male,10,0.9,61,High School,No,Yes,56,37,66,78,53.0,Average,Pass,53.0,0-2 Hours,60-75%
S4419,14,Male,12,5.9,79,Postgraduate,Yes,Yes,40,39,59,47,46.0,Poor,Fail,46.0,4-6 Hours,75-90%
S4420,17,Male,9,4.2,93,High School,No,No,41,60,51,53,50.67,Average,Pass,50.67,4-6 Hours,90-100%
S4421,16,Female,12,2.1,92,Postgraduate,Yes,Yes,38,92,36,54,55.33,Average,Pass,55.33,2-4 Hours,90-100%
S4422,17,Female,12,1.6,68,Graduate,No,Yes,85,44,41,43,56.67,Average,Pass,56.67,0-2 Hours,60-75%
S4423,18,Female,11,3.4,85,Postgraduate,No,Yes,66,90,44,70,66.67,Good,Pass,66.67,2-4 Hours,75-90%
S4424,18,Female,9,2.5,68,Postgraduate,Yes,No,45,44,97,54,62.0,Average,Pass,62.0,2-4 Hours,60-75%
S4425,16,Male,9,4.8,73,Graduate,No,No,37,89,83,41,69.67,Good,Pass,69.67,4-6 Hours,60-75%
S4426,16,Male,10,5.1,67,High School,No,No,94,57,61,49,70.67,Good,Pass,70.67,4-6 Hours,60-75%
S4427,18,Male,11,2.4,83,Postgraduate,No,Yes,50,94,44,92,62.67,Average,Pass,62.67,2-4 Hours,75-90%
S4428,18,Male,9,2.7,82,Postgraduate,No,Yes,62,60,43,48,55.0,Average,Pass,55.0,2-4 Hours,75-90%
S4429,17,Female,9,5.7,63,Graduate,No,No,44,39,66,69,49.67,Poor,Fail,49.67,4-6 Hours,60-75%
S4430,16,Male,11,1.1,68,High School,Yes,No,45,61,80,49,62.0,Average,Pass,62.0,0-2 Hours,60-75%
S4431,19,Male,10,2.3,56,High School,No,No,41,79,38,42,52.67,Average,Pass,52.67,2-4 Hours,Below 60%
S4432,14,Male,12,6.0,83,Postgraduate,No,No,92,85,40,76,72.33,Good,Pass,72.33,4-6 Hours,75-90%
S4433,17,Male,10,5.0,95,Postgraduate,No,No,40,71,51,90,54.0,Average,Pass,54.0,4-6 Hours,90-100%
S4434,14,Female,12,3.5,66,High School,No,No,93,100,67,44,86.67,Excellent,Pass,86.67,2-4 Hours,60-75%
S4435,14,Male,11,5.3,66,Postgraduate,Yes,Yes,53,39,94,65,62.0,Average,Pass,62.0,4-6 Hours,60-75%
S4436,18,Female,12,6.0,75,High School,Yes,No,42,84,78,48,68.0,Good,Pass,68.0,4-6 Hours,60-75%
S4437,19,Female,12,3.7,51,Postgraduate,Yes,No,80,52,56,71,62.67,Average,Pass,62.67,2-4 Hours,Below 60%
S4438,19,Female,12,0.6,79,High School,Yes,No,37,57,79,72,57.67,Average,Pass,57.67,0-2 Hours,75-90%
S4439,18,Male,11,5.6,55,Graduate,No,No,35,38,78,69,50.33,Average,Pass,50.33,4-6 Hours,Below 60%
S4440,18,Female,9,5.3,99,High School,No,No,53,79,93,76,75.0,Good,Pass,75.0,4-6 Hours,90-100%
S4441,16,Male,9,4.3,63,Graduate,No,Yes,55,69,63,86,62.33,Average,Pass,62.33,4-6 Hours,60-75%
S4442,16,Male,11,1.8,56,High School,Yes,Yes,55,99,62,40,72.0,Good,Pass,72.0,0-2 Hours,Below 60%
S4443,18,Male,11,1.2,65,High School,Yes,Yes,86,58,63,92,69.0,Good,Pass,69.0,0-2 Hours,60-75%
S4444,15,Male,11,3.7,99,Postgraduate,Yes,Yes,36,40,83,41,53.0,Average,Pass,53.0,2-4 Hours,90-100%
S4445,14,Female,9,1.5,100,High School,Yes,No,67,48,91,66,68.67,Good,Pass,68.67,0-2 Hours,90-100%
S4446,15,Female,10,3.9,79,Postgraduate,No,Yes,42,94,41,51,59.0,Average,Pass,59.0,2-4 Hours,75-90%
S4447,17,Male,10,5.3,50,Postgraduate,No,Yes,60,64,99,71,74.33,Good,Pass,74.33,4-6 Hours,Below 60%
S4448,14,Female,12,2.9,50,Graduate,No,No,61,69,79,47,69.67,Good,Pass,69.67,2-4 Hours,Below 60%
S4449,15,Female,10,2.8,55,Graduate,No,No,49,94,71,59,71.33,Good,Pass,71.33,2-4 Hours,Below 60%
S4450,19,Male,11,3.7,84,High School,No,Yes,36,99,37,93,57.33,Average,Pass,57.33,2-4 Hours,75-90%
S4451,17,Female,12,2.1,58,Graduate,No,Yes,87,74,91,93,84.0,Excellent,Pass,84.0,2-4 Hours,Below 60%
S4452,15,Female,10,0.7,80,Graduate,Yes,No,48,77,52,76,59.0,Average,Pass,59.0,0-2 Hours,75-90%
S4453,18,Male,9,1.0,73,Postgraduate,Yes,Yes,94,62,100,83,85.33,Excellent,Pass,85.33,0-2 Hours,60-75%
S4454,15,Female,11,0.6,100,High School,No,Yes,69,54,55,71,59.33,Average,Pass,59.33,0-2 Hours,90-100%
S4455,19,Female,11,1.5,56,Graduate,No,Yes,99,95,92,42,95.33,Excellent,Pass,95.33,0-2 Hours,Below 60%
S4456,18,Male,12,2.7,98,Postgraduate,No,Yes,70,50,65,52,61.67,Average,Pass,61.67,2-4 Hours,90-100%
S4457,14,Male,11,2.0,86,High School,Yes,Yes,85,86,97,56,89.33,Excellent,Pass,89.33,0-2 Hours,75-90%
S4458,19,Male,12,4.8,60,Postgraduate,No,No,61,44,68,89,57.67,Average,Pass,57.67,4-6 Hours,Below 60%
S4459,16,Female,11,2.5,53,Graduate,Yes,No,89,74,51,89,71.33,Good,Pass,71.33,2-4 Hours,Below 60%
S4460,18,Female,10,5.2,83,High School,No,No,46,69,79,54,64.67,Average,Pass,64.67,4-6 Hours,75-90%
S4461,18,Female,9,0.6,64,Postgraduate,Yes,Yes,57,84,58,93,66.33,Good,Pass,66.33,0-2 Hours,60-75%
S4462,16,Male,9,4.7,82,High School,Yes,No,57,60,43,61,53.33,Average,Pass,53.33,4-6 Hours,75-90%
S4463,19,Female,9,3.5,84,High School,No,No,64,54,95,64,71.0,Good,Pass,71.0,2-4 Hours,75-90%
S4464,18,Male,9,5.6,94,High School,No,Yes,67,65,92,95,74.67,Good,Pass,74.67,4-6 Hours,90-100%
S4465,14,Female,10,1.4,91,Postgraduate,Yes,No,49,52,81,62,60.67,Average,Pass,60.67,0-2 Hours,90-100%
S4466,15,Female,11,1.1,97,Graduate,Yes,No,90,39,47,46,58.67,Average,Pass,58.67,0-2 Hours,90-100%
S4467,16,Male,11,4.6,76,Postgraduate,Yes,No,87,94,60,52,80.33,Good,Pass,80.33,4-6 Hours,75-90%
S4468,15,Female,11,3.0,74,Postgraduate,Yes,Yes,93,96,59,48,82.67,Excellent,Pass,82.67,2-4 Hours,60-75%
S4469,18,Female,9,1.7,57,Graduate,No,No,63,94,79,54,78.67,Good,Pass,78.67,0-2 Hours,Below 60%
S4470,14,Male,11,5.4,67,High School,Yes,No,80,37,46,88,54.33,Average,Pass,54.33,4-6 Hours,60-75%
S4471,16,Female,9,3.6,86,Graduate,No,Yes,39,39,82,44,53.33,Average,Pass,53.33,2-4 Hours,75-90%
S4472,15,Male,10,1.6,56,Postgraduate,No,No,50,47,97,53,64.67,Average,Pass,64.67,0-2 Hours,Below 60%
S4473,19,Female,9,1.4,50,Graduate,No,Yes,55,41,55,87,50.33,Average,Pass,50.33,0-2 Hours,Below 60%
S4474,17,Female,12,1.6,72,Graduate,Yes,Yes,76,50,91,72,72.33,Good,Pass,72.33,0-2 Hours,60-75%
S4475,18,Male,9,3.2,72,Postgraduate,No,No,50,97,53,64,66.67,Good,Pass,66.67,2-4 Hours,60-75%
S4476,18,Male,9,5.3,73,High School,Yes,Yes,52,82,82,95,72.0,Good,Pass,72.0,4-6 Hours,60-75%
S4477,15,Male,11,6.0,58,Postgraduate,No,Yes,59,59,67,50,61.67,Average,Pass,61.67,4-6 Hours,Below 60%
S4478,15,Male,11,1.7,72,High School,Yes,Yes,65,47,54,44,55.33,Average,Pass,55.33,0-2 Hours,60-75%
S4479,14,Female,12,3.8,77,Graduate,Yes,No,83,39,93,51,71.67,Good,Pass,71.67,2-4 Hours,75-90%
S4480,14,Male,11,2.0,84,Postgraduate,No,Yes,85,61,95,77,80.33,Good,Pass,80.33,0-2 Hours,75-90%
S4481,17,Male,9,5.0,97,Postgraduate,Yes,Yes,41,82,60,71,61.0,Average,Pass,61.0,4-6 Hours,90-100%
S4482,18,Male,11,3.9,85,Postgraduate,Yes,No,53,41,75,50,56.33,Average,Pass,56.33,2-4 Hours,75-90%
S4483,15,Female,10,0.8,59,Postgraduate,Yes,No,72,72,85,61,76.33,Good,Pass,76.33,0-2 Hours,Below 60%
S4484,16,Male,12,4.5,89,Postgraduate,Yes,Yes,77,67,95,69,79.67,Good,Pass,79.67,4-6 Hours,75-90%
S4485,14,Male,12,1.2,84,Graduate,Yes,Yes,87,57,78,84,74.0,Good,Pass,74.0,0-2 Hours,75-90%
S4486,18,Female,11,2.1,97,High School,Yes,No,39,42,56,63,45.67,Poor,Fail,45.67,2-4 Hours,90-100%
S4487,14,Male,9,1.3,59,High School,Yes,No,71,46,66,61,61.0,Average,Pass,61.0,0-2 Hours,Below 60%
S4488,17,Male,9,4.0,72,Graduate,No,Yes,40,71,43,71,51.33,Average,Pass,51.33,2-4 Hours,60-75%
S4489,18,Female,11,4.2,64,Graduate,Yes,Yes,49,49,63,50,53.67,Average,Pass,53.67,4-6 Hours,60-75%
S4490,16,Male,9,1.1,53,High School,Yes,Yes,55,78,72,87,68.33,Good,Pass,68.33,0-2 Hours,Below 60%
S4491,17,Male,10,3.7,75,Postgraduate,No,Yes,80,74,99,62,84.33,Excellent,Pass,84.33,2-4 Hours,60-75%
S4492,17,Female,9,2.7,68,Graduate,Yes,No,70,93,89,64,84.0,Excellent,Pass,84.0,2-4 Hours,60-75%
S4493,18,Female,11,4.1,65,Postgraduate,Yes,Yes,87,82,35,61,68.0,Good,Pass,68.0,4-6 Hours,60-75%
S4494,19,Male,12,5.7,50,Postgraduate,Yes,Yes,45,50,61,71,52.0,Average,Pass,52.0,4-6 Hours,Below 60%
S4495,16,Male,11,5.8,88,Postgraduate,No,No,94,83,36,65,71.0,Good,Pass,71.0,4-6 Hours,75-90%
S4496,19,Female,9,2.6,50,High School,Yes,No,99,46,85,66,76.67,Good,Pass,76.67,2-4 Hours,Below 60%
S4497,15,Male,9,0.8,58,Postgraduate,Yes,No,44,41,78,84,54.33,Average,Pass,54.33,0-2 Hours,Below 60%
S4498,19,Female,9,2.8,71,High School,No,No,86,58,97,46,80.33,Good,Pass,80.33,2-4 Hours,60-75%
S4499,18,Male,12,2.4,95,High School,No,No,64,67,37,41,56.0,Average,Pass,56.0,2-4 Hours,90-100%
S4500,14,Female,11,1.3,88,Postgraduate,No,Yes,54,77,48,51,59.67,Average,Pass,59.67,0-2 Hours,75-90%
S4501,18,Female,10,4.9,98,High School,No,No,79,89,84,73,84.0,Excellent,Pass,84.0,4-6 Hours,90-100%
S4502,16,Female,12,2.3,76,Graduate,No,Yes,50,50,70,55,56.67,Average,Pass,56.67,2-4 Hours,75-90%
S4503,17,Female,10,3.3,94,Graduate,Yes,Yes,69,88,65,89,74.0,Good,Pass,74.0,2-4 Hours,90-100%
S4504,18,Male,10,1.5,62,High School,Yes,No,70,79,70,70,73.0,Good,Pass,73.0,0-2 Hours,60-75%
S4505,14,Female,11,1.1,59,Graduate,Yes,No,100,99,89,83,96.0,Excellent,Pass,96.0,0-2 Hours,Below 60%
S4506,18,Female,12,0.9,92,High School,Yes,No,71,38,78,70,62.33,Average,Pass,62.33,0-2 Hours,90-100%
S4507,17,Female,12,1.6,94,High School,Yes,Yes,55,79,56,43,63.33,Average,Pass,63.33,0-2 Hours,90-100%
S4508,16,Female,11,2.6,98,High School,Yes,Yes,74,76,80,86,76.67,Good,Pass,76.67,2-4 Hours,90-100%
S4509,18,Male,12,2.7,68,High School,No,No,40,71,51,60,54.0,Average,Pass,54.0,2-4 Hours,60-75%
S4510,16,Male,10,5.0,60,Graduate,Yes,Yes,88,46,49,52,61.0,Average,Pass,61.0,4-6 Hours,Below 60%
S4511,16,Male,12,0.9,82,High School,No,Yes,51,94,59,86,68.0,Good,Pass,68.0,0-2 Hours,75-90%
S4512,19,Male,9,5.5,72,Postgraduate,No,No,93,91,77,63,87.0,Excellent,Pass,87.0,4-6 Hours,60-75%
S4513,15,Male,10,2.6,68,High School,Yes,Yes,86,93,81,65,86.67,Excellent,Pass,86.67,2-4 Hours,60-75%
S4514,17,Male,11,1.9,77,High School,No,Yes,99,79,91,73,89.67,Excellent,Pass,89.67,0-2 Hours,75-90%
S4515,15,Female,9,5.5,99,Graduate,Yes,No,45,72,54,45,57.0,Average,Pass,57.0,4-6 Hours,90-100%
S4516,17,Male,12,1.5,67,Postgraduate,No,No,82,75,96,86,84.33,Excellent,Pass,84.33,0-2 Hours,60-75%
S4517,18,Male,11,3.3,95,High School,Yes,No,80,55,73,67,69.33,Good,Pass,69.33,2-4 Hours,90-100%
S4518,19,Female,12,1.0,69,Graduate,No,No,45,56,55,94,52.0,Average,Pass,52.0,0-2 Hours,60-75%
S4519,16,Female,12,3.0,50,Postgraduate,Yes,Yes,55,87,46,42,62.67,Average,Pass,62.67,2-4 Hours,Below 60%
S4520,16,Male,12,2.5,98,High School,Yes,Yes,76,61,45,43,60.67,Average,Pass,60.67,2-4 Hours,90-100%
S4521,16,Male,11,5.8,60,Postgraduate,No,No,73,95,86,62,84.67,Excellent,Pass,84.67,4-6 Hours,Below 60%
S4522,19,Female,10,0.6,96,High School,No,Yes,79,83,44,86,68.67,Good,Pass,68.67,0-2 Hours,90-100%
S4523,16,Male,12,5.3,55,High School,Yes,Yes,47,61,68,86,58.67,Average,Pass,58.67,4-6 Hours,Below 60%
S4524,17,Female,10,0.5,64,Graduate,Yes,No,64,99,49,88,70.67,Good,Pass,70.67,0-2 Hours,60-75%
S4525,14,Female,10,2.2,90,Postgraduate,No,Yes,59,68,42,73,56.33,Average,Pass,56.33,2-4 Hours,75-90%
S4526,17,Female,10,3.5,58,Postgraduate,No,No,51,68,55,90,58.0,Average,Pass,58.0,2-4 Hours,Below 60%
S4527,19,Male,10,5.8,83,High School,Yes,Yes,45,45,54,52,48.0,Poor,Fail,48.0,4-6 Hours,75-90%
S4528,15,Female,9,2.6,93,Postgraduate,No,No,50,40,48,82,46.0,Poor,Fail,46.0,2-4 Hours,90-100%
S4529,14,Female,11,5.4,56,High School,No,Yes,61,38,48,66,49.0,Poor,Fail,49.0,4-6 Hours,Below 60%
S4530,19,Male,9,1.0,85,High School,Yes,Yes,86,42,66,65,64.67,Average,Pass,64.67,0-2 Hours,75-90%
S4531,15,Male,9,2.2,78,Postgraduate,No,No,51,46,90,50,62.33,Average,Pass,62.33,2-4 Hours,75-90%
S4532,15,Female,10,4.7,92,Postgraduate,No,Yes,71,59,53,44,61.0,Average,Pass,61.0,4-6 Hours,90-100%
S4533,14,Female,9,2.0,95,Graduate,Yes,Yes,72,52,75,71,66.33,Good,Pass,66.33,0-2 Hours,90-100%
S4534,17,Male,10,5.8,91,Graduate,No,No,65,94,56,60,71.67,Good,Pass,71.67,4-6 Hours,90-100%
S4535,14,Female,11,2.2,67,Graduate,No,Yes,50,78,97,55,75.0,Good,Pass,75.0,2-4 Hours,60-75%
S4536,15,Male,10,2.0,69,High School,Yes,No,58,43,36,78,45.67,Poor,Fail,45.67,0-2 Hours,60-75%
S4537,19,Male,10,3.6,82,Graduate,Yes,No,98,48,91,85,79.0,Good,Pass,79.0,2-4 Hours,75-90%
S4538,18,Female,11,4.0,83,Postgraduate,No,Yes,49,71,83,54,67.67,Good,Pass,67.67,2-4 Hours,75-90%
S4539,19,Male,9,1.7,61,Postgraduate,No,Yes,71,67,48,56,62.0,Average,Pass,62.0,0-2 Hours,60-75%
S4540,18,Female,11,3.0,76,Postgraduate,No,Yes,92,82,41,47,71.67,Good,Pass,71.67,2-4 Hours,75-90%
S4541,16,Male,10,1.9,56,Graduate,No,No,79,81,60,62,73.33,Good,Pass,73.33,0-2 Hours,Below 60%
S4542,18,Male,11,4.7,63,Graduate,Yes,Yes,59,57,88,40,68.0,Good,Pass,68.0,4-6 Hours,60-75%
S4543,19,Male,9,0.6,56,High School,No,Yes,76,92,49,79,72.33,Good,Pass,72.33,0-2 Hours,Below 60%
S4544,18,Female,12,0.9,63,High School,No,No,100,58,93,56,83.67,Excellent,Pass,83.67,0-2 Hours,60-75%
S4545,17,Female,10,1.3,97,Postgraduate,Yes,No,80,94,90,58,88.0,Excellent,Pass,88.0,0-2 Hours,90-100%
S4546,17,Male,11,5.8,96,High School,No,No,58,62,79,62,66.33,Good,Pass,66.33,4-6 Hours,90-100%
S4547,14,Female,9,5.6,57,Graduate,Yes,No,93,52,77,61,74.0,Good,Pass,74.0,4-6 Hours,Below 60%
S4548,18,Female,12,3.0,92,Postgraduate,Yes,Yes,42,42,73,75,52.33,Average,Pass,52.33,2-4 Hours,90-100%
S4549,15,Male,9,4.8,93,Graduate,Yes,Yes,78,54,75,85,69.0,Good,Pass,69.0,4-6 Hours,90-100%
S4550,17,Male,10,5.7,64,Graduate,No,No,94,50,98,43,80.67,Good,Pass,80.67,4-6 Hours,60-75%
S4551,17,Male,12,3.5,66,Postgraduate,No,No,43,37,73,77,51.0,Average,Pass,51.0,2-4 Hours,60-75%
S4552,14,Male,10,2.3,82,Graduate,Yes,No,40,83,99,66,74.0,Good,Pass,74.0,2-4 Hours,75-90%
S4553,19,Female,10,0.6,90,Postgraduate,Yes,Yes,47,80,40,87,55.67,Average,Pass,55.67,0-2 Hours,75-90%
S4554,19,Male,11,3.8,95,High School,Yes,Yes,50,66,43,91,53.0,Average,Pass,53.0,2-4 Hours,90-100%
S4555,17,Male,11,5.0,85,Postgraduate,Yes,No,72,36,47,85,51.67,Average,Pass,51.67,4-6 Hours,75-90%
S4556,17,Male,11,4.8,92,Postgraduate,No,Yes,88,41,99,89,76.0,Good,Pass,76.0,4-6 Hours,90-100%
S4557,19,Female,11,4.4,98,Postgraduate,No,Yes,41,95,50,45,62.0,Average,Pass,62.0,4-6 Hours,90-100%
S4558,19,Female,12,1.9,96,High School,Yes,Yes,39,91,46,78,58.67,Average,Pass,58.67,0-2 Hours,90-100%
S4559,15,Female,11,2.4,72,High School,Yes,No,41,48,77,93,55.33,Average,Pass,55.33,2-4 Hours,60-75%
S4560,14,Male,11,2.7,58,Postgraduate,Yes,No,61,86,85,80,77.33,Good,Pass,77.33,2-4 Hours,Below 60%
S4561,14,Male,9,4.8,85,Graduate,Yes,No,56,94,79,90,76.33,Good,Pass,76.33,4-6 Hours,75-90%
S4562,17,Male,11,4.7,62,Graduate,Yes,No,66,51,41,50,52.67,Average,Pass,52.67,4-6 Hours,60-75%
S4563,16,Female,12,3.7,98,Graduate,Yes,Yes,79,78,85,68,80.67,Good,Pass,80.67,2-4 Hours,90-100%
S4564,15,Female,11,2.1,65,Postgraduate,Yes,Yes,80,85,66,68,77.0,Good,Pass,77.0,2-4 Hours,60-75%
S4565,17,Female,11,5.0,73,High School,Yes,No,40,72,53,77,55.0,Average,Pass,55.0,4-6 Hours,60-75%
S4566,15,Female,11,1.0,75,Postgraduate,Yes,No,95,97,66,50,86.0,Excellent,Pass,86.0,0-2 Hours,60-75%
S4567,15,Male,9,4.9,70,Graduate,No,Yes,79,75,37,54,63.67,Average,Pass,63.67,4-6 Hours,60-75%
S4568,15,Male,12,1.5,51,High School,No,Yes,45,66,65,82,58.67,Average,Pass,58.67,0-2 Hours,Below 60%
S4569,18,Male,10,1.9,83,Postgraduate,Yes,No,87,69,87,92,81.0,Excellent,Pass,81.0,0-2 Hours,75-90%
S4570,17,Female,10,5.5,82,Postgraduate,Yes,No,61,80,47,56,62.67,Average,Pass,62.67,4-6 Hours,75-90%
S4571,14,Male,12,6.0,80,Postgraduate,Yes,Yes,44,69,99,77,70.67,Good,Pass,70.67,4-6 Hours,75-90%
S4572,19,Female,9,5.6,81,Graduate,No,No,86,79,53,93,72.67,Good,Pass,72.67,4-6 Hours,75-90%
S4573,16,Male,10,3.2,98,Postgraduate,No,No,40,81,46,91,55.67,Average,Pass,55.67,2-4 Hours,90-100%
S4574,17,Female,11,5.0,61,Postgraduate,Yes,Yes,96,80,81,80,85.67,Excellent,Pass,85.67,4-6 Hours,60-75%
S4575,14,Male,11,0.8,72,High School,Yes,Yes,35,51,94,73,60.0,Average,Pass,60.0,0-2 Hours,60-75%
S4576,14,Male,12,1.2,86,High School,Yes,Yes,60,68,86,94,71.33,Good,Pass,71.33,0-2 Hours,75-90%
S4577,17,Female,11,3.0,87,Graduate,No,Yes,44,96,74,51,71.33,Good,Pass,71.33,2-4 Hours,75-90%
S4578,15,Male,10,4.7,53,Graduate,Yes,Yes,69,51,76,67,65.33,Average,Pass,65.33,4-6 Hours,Below 60%
S4579,15,Male,10,5.0,95,High School,Yes,No,46,70,77,46,64.33,Average,Pass,64.33,4-6 Hours,90-100%
S4580,14,Male,12,2.0,71,Postgraduate,Yes,Yes,73,73,90,69,78.67,Good,Pass,78.67,0-2 Hours,60-75%
S4581,14,Female,11,2.7,59,High School,Yes,No,38,94,65,47,65.67,Average,Pass,65.67,2-4 Hours,Below 60%
S4582,18,Female,9,3.3,94,High School,Yes,Yes,60,90,92,43,80.67,Good,Pass,80.67,2-4 Hours,90-100%
S4583,15,Female,9,2.1,80,High School,No,No,35,91,37,93,54.33,Average,Pass,54.33,2-4 Hours,75-90%
S4584,14,Female,9,2.3,99,Graduate,Yes,Yes,68,35,73,64,58.67,Average,Pass,58.67,2-4 Hours,90-100%
S4585,15,Male,10,2.5,57,Graduate,Yes,No,99,67,56,68,74.0,Good,Pass,74.0,2-4 Hours,Below 60%
S4586,17,Female,11,5.5,96,Graduate,Yes,No,48,97,46,46,63.67,Average,Pass,63.67,4-6 Hours,90-100%
S4587,19,Male,10,0.7,78,Postgraduate,No,Yes,50,36,67,50,51.0,Average,Pass,51.0,0-2 Hours,75-90%
S4588,19,Female,11,1.4,87,High School,No,No,59,95,78,77,77.33,Good,Pass,77.33,0-2 Hours,75-90%
S4589,14,Female,11,2.6,73,Postgraduate,No,No,66,66,56,42,62.67,Average,Pass,62.67,2-4 Hours,60-75%
S4590,14,Female,9,5.0,79,Postgraduate,Yes,Yes,64,70,71,94,68.33,Good,Pass,68.33,4-6 Hours,75-90%
S4591,14,Male,9,5.1,87,High School,No,No,94,42,38,94,58.0,Average,Pass,58.0,4-6 Hours,75-90%
S4592,16,Male,9,0.8,65,Postgraduate,No,No,78,99,80,95,85.67,Excellent,Pass,85.67,0-2 Hours,60-75%
S4593,15,Male,9,2.4,87,Graduate,No,Yes,37,72,62,84,57.0,Average,Pass,57.0,2-4 Hours,75-90%
S4594,14,Female,12,5.9,65,Graduate,No,Yes,98,37,92,82,75.67,Good,Pass,75.67,4-6 Hours,60-75%
S4595,16,Male,9,1.4,68,High School,No,No,65,58,42,77,55.0,Average,Pass,55.0,0-2 Hours,60-75%
S4596,18,Male,10,3.9,51,Graduate,No,No,77,58,39,46,58.0,Average,Pass,58.0,2-4 Hours,Below 60%
S4597,14,Female,9,2.8,77,High School,No,Yes,62,94,87,83,81.0,Excellent,Pass,81.0,2-4 Hours,75-90%
S4598,17,Female,9,3.2,96,Graduate,Yes,Yes,54,90,95,69,79.67,Good,Pass,79.67,2-4 Hours,90-100%
S4599,16,Female,12,4.5,81,High School,No,No,43,40,55,70,46.0,Poor,Fail,46.0,4-6 Hours,75-90%
S4600,17,Female,10,3.0,86,High School,No,No,92,47,100,64,79.67,Good,Pass,79.67,2-4 Hours,75-90%
S4601,16,Female,10,4.0,77,Postgraduate,No,Yes,49,98,88,90,78.33,Good,Pass,78.33,2-4 Hours,75-90%
S4602,16,Male,11,5.4,62,Graduate,No,Yes,71,38,58,94,55.67,Average,Pass,55.67,4-6 Hours,60-75%
S4603,18,Female,9,4.8,90,High School,Yes,Yes,78,66,42,64,62.0,Average,Pass,62.0,4-6 Hours,75-90%
S4604,19,Female,12,1.5,73,Postgraduate,No,Yes,68,77,35,53,60.0,Average,Pass,60.0,0-2 Hours,60-75%
S4605,17,Male,11,2.4,71,Postgraduate,No,Yes,89,75,85,72,83.0,Excellent,Pass,83.0,2-4 Hours,60-75%
S4606,19,Female,9,4.2,82,Graduate,Yes,No,84,41,37,80,54.0,Average,Pass,54.0,4-6 Hours,75-90%
S4607,18,Female,9,5.8,66,Postgraduate,No,Yes,66,49,37,72,50.67,Average,Pass,50.67,4-6 Hours,60-75%
S4608,19,Male,11,4.3,90,Graduate,No,No,61,46,42,91,49.67,Poor,Fail,49.67,4-6 Hours,75-90%
S4609,14,Male,10,3.3,66,High School,Yes,Yes,52,95,37,89,61.33,Average,Pass,61.33,2-4 Hours,60-75%
S4610,16,Male,10,5.8,77,High School,No,No,63,75,49,41,62.33,Average,Pass,62.33,4-6 Hours,75-90%
S4611,18,Female,10,5.5,69,Postgraduate,No,No,72,88,88,56,82.67,Excellent,Pass,82.67,4-6 Hours,60-75%
S4612,16,Female,11,3.1,56,High School,Yes,Yes,66,78,75,87,73.0,Good,Pass,73.0,2-4 Hours,Below 60%
S4613,19,Male,11,2.5,96,High School,No,No,56,39,45,83,46.67,Poor,Fail,46.67,2-4 Hours,90-100%
S4614,15,Male,12,0.9,92,Graduate,No,Yes,36,69,61,87,55.33,Average,Pass,55.33,0-2 Hours,90-100%
S4615,17,Female,9,2.7,83,Postgraduate,Yes,No,74,47,43,94,54.67,Average,Pass,54.67,2-4 Hours,75-90%
S4616,16,Female,11,5.8,88,High School,Yes,Yes,41,57,49,59,49.0,Poor,Fail,49.0,4-6 Hours,75-90%
S4617,14,Female,9,4.3,86,Graduate,No,Yes,70,100,52,87,74.0,Good,Pass,74.0,4-6 Hours,75-90%
S4618,18,Female,9,5.7,90,Graduate,No,No,93,95,90,87,92.67,Excellent,Pass,92.67,4-6 Hours,75-90%
S4619,16,Male,11,5.6,100,Graduate,No,Yes,96,46,67,72,69.67,Good,Pass,69.67,4-6 Hours,90-100%
S4620,18,Female,12,4.6,90,High School,No,Yes,49,67,79,62,65.0,Average,Pass,65.0,4-6 Hours,75-90%
S4621,18,Female,9,2.6,69,Postgraduate,Yes,No,83,66,41,51,63.33,Average,Pass,63.33,2-4 Hours,60-75%
S4622,14,Male,11,3.9,82,Graduate,Yes,No,61,80,58,58,66.33,Good,Pass,66.33,2-4 Hours,75-90%
S4623,19,Female,10,1.5,74,Postgraduate,No,No,61,76,44,56,60.33,Average,Pass,60.33,0-2 Hours,60-75%
S4624,15,Male,9,3.5,94,Graduate,No,No,90,77,94,64,87.0,Excellent,Pass,87.0,2-4 Hours,90-100%
S4625,16,Male,12,2.7,68,Graduate,No,Yes,77,83,63,57,74.33,Good,Pass,74.33,2-4 Hours,60-75%
S4626,14,Male,12,5.6,97,High School,No,No,61,71,98,73,76.67,Good,Pass,76.67,4-6 Hours,90-100%
S4627,19,Male,11,3.0,75,Postgraduate,No,Yes,98,42,94,78,78.0,Good,Pass,78.0,2-4 Hours,60-75%
S4628,18,Male,10,1.2,55,Graduate,Yes,No,74,97,67,46,79.33,Good,Pass,79.33,0-2 Hours,Below 60%
S4629,16,Female,12,0.9,52,Postgraduate,No,No,43,45,68,41,52.0,Average,Pass,52.0,0-2 Hours,Below 60%
S4630,16,Male,10,4.1,92,Postgraduate,No,Yes,76,49,36,79,53.67,Average,Pass,53.67,4-6 Hours,90-100%
S4631,15,Male,10,4.5,77,Postgraduate,No,Yes,83,53,41,71,59.0,Average,Pass,59.0,4-6 Hours,75-90%
S4632,19,Male,10,3.6,64,High School,No,No,45,61,92,84,66.0,Good,Pass,66.0,2-4 Hours,60-75%
S4633,17,Male,12,3.9,95,High School,Yes,No,69,53,52,60,58.0,Average,Pass,58.0,2-4 Hours,90-100%
S4634,16,Female,10,2.6,54,Postgraduate,Yes,Yes,42,85,98,83,75.0,Good,Pass,75.0,2-4 Hours,Below 60%
S4635,15,Female,11,4.8,86,Graduate,No,No,64,91,93,61,82.67,Excellent,Pass,82.67,4-6 Hours,75-90%
S4636,19,Female,10,5.3,59,Postgraduate,No,No,79,43,39,92,53.67,Average,Pass,53.67,4-6 Hours,Below 60%
S4637,14,Female,12,3.7,75,Graduate,No,No,68,64,56,43,62.67,Average,Pass,62.67,2-4 Hours,60-75%
S4638,18,Female,10,3.7,54,High School,No,No,54,57,58,63,56.33,Average,Pass,56.33,2-4 Hours,Below 60%
S4639,15,Female,11,2.0,61,Graduate,Yes,Yes,75,66,75,82,72.0,Good,Pass,72.0,0-2 Hours,60-75%
S4640,15,Male,10,1.3,64,Graduate,No,No,86,48,68,47,67.33,Good,Pass,67.33,0-2 Hours,60-75%
S4641,14,Female,12,1.3,96,Graduate,No,No,40,42,65,88,49.0,Poor,Fail,49.0,0-2 Hours,90-100%
S4642,17,Female,12,4.4,84,Graduate,No,Yes,85,67,70,48,74.0,Good,Pass,74.0,4-6 Hours,75-90%
S4643,19,Female,9,5.8,82,High School,Yes,Yes,86,43,92,94,73.67,Good,Pass,73.67,4-6 Hours,75-90%
S4644,17,Male,9,2.0,76,Graduate,No,Yes,39,61,63,53,54.33,Average,Pass,54.33,0-2 Hours,75-90%
S4645,14,Female,11,2.9,70,Graduate,Yes,Yes,45,99,61,53,68.33,Good,Pass,68.33,2-4 Hours,60-75%
S4646,16,Female,11,1.4,60,Graduate,No,Yes,52,76,40,82,56.0,Average,Pass,56.0,0-2 Hours,Below 60%
S4647,16,Female,10,0.9,89,Postgraduate,No,No,43,43,87,45,57.67,Average,Pass,57.67,0-2 Hours,75-90%
S4648,18,Female,11,4.2,60,Graduate,Yes,Yes,80,49,43,87,57.33,Average,Pass,57.33,4-6 Hours,Below 60%
S4649,15,Male,10,4.5,95,Graduate,No,No,39,85,64,80,62.67,Average,Pass,62.67,4-6 Hours,90-100%
S4650,16,Male,12,3.7,86,Graduate,Yes,No,80,45,41,59,55.33,Average,Pass,55.33,2-4 Hours,75-90%
S4651,15,Male,10,4.2,90,Graduate,Yes,No,42,75,55,67,57.33,Average,Pass,57.33,4-6 Hours,75-90%
S4652,19,Female,9,5.8,99,Postgraduate,Yes,No,43,55,66,81,54.67,Average,Pass,54.67,4-6 Hours,90-100%
S4653,19,Male,10,3.4,60,Postgraduate,Yes,Yes,67,84,51,93,67.33,Good,Pass,67.33,2-4 Hours,Below 60%
S4654,18,Female,11,2.9,70,High School,No,Yes,69,35,61,68,55.0,Average,Pass,55.0,2-4 Hours,60-75%
S4655,17,Female,10,4.5,61,High School,No,No,46,88,93,51,75.67,Good,Pass,75.67,4-6 Hours,60-75%
S4656,15,Female,12,2.1,84,Graduate,Yes,No,81,74,74,61,76.33,Good,Pass,76.33,2-4 Hours,75-90%
S4657,15,Male,9,4.1,91,Postgraduate,Yes,Yes,51,36,50,75,45.67,Poor,Fail,45.67,4-6 Hours,90-100%
S4658,15,Male,12,6.0,57,Graduate,Yes,No,83,63,96,63,80.67,Good,Pass,80.67,4-6 Hours,Below 60%
S4659,15,Male,10,2.9,88,Graduate,Yes,Yes,91,82,88,87,87.0,Excellent,Pass,87.0,2-4 Hours,75-90%
S4660,19,Female,10,3.2,65,High School,No,No,63,46,85,64,64.67,Average,Pass,64.67,2-4 Hours,60-75%
S4661,18,Female,9,2.2,70,Graduate,Yes,No,72,69,62,64,67.67,Good,Pass,67.67,2-4 Hours,60-75%
S4662,15,Male,9,4.2,96,High School,No,No,59,39,87,93,61.67,Average,Pass,61.67,4-6 Hours,90-100%
S4663,18,Male,11,2.8,59,Postgraduate,No,Yes,86,63,91,48,80.0,Good,Pass,80.0,2-4 Hours,Below 60%
S4664,15,Male,9,5.0,73,High School,Yes,Yes,44,77,49,42,56.67,Average,Pass,56.67,4-6 Hours,60-75%
S4665,14,Female,12,5.5,75,High School,No,Yes,59,43,69,80,57.0,Average,Pass,57.0,4-6 Hours,60-75%
S4666,18,Female,10,2.4,63,High School,Yes,No,79,51,97,75,75.67,Good,Pass,75.67,2-4 Hours,60-75%
S4667,14,Male,12,2.5,96,High School,Yes,Yes,38,56,63,85,52.33,Average,Pass,52.33,2-4 Hours,90-100%
S4668,14,Male,12,3.3,51,Postgraduate,No,Yes,65,56,84,85,68.33,Good,Pass,68.33,2-4 Hours,Below 60%
S4669,16,Female,11,5.7,63,High School,Yes,No,62,45,57,54,54.67,Average,Pass,54.67,4-6 Hours,60-75%
S4670,14,Female,11,1.4,87,Graduate,No,Yes,61,100,39,63,66.67,Good,Pass,66.67,0-2 Hours,75-90%
S4671,17,Male,10,3.9,61,Graduate,No,No,58,38,86,77,60.67,Average,Pass,60.67,2-4 Hours,60-75%
S4672,18,Male,9,1.8,59,High School,No,Yes,71,53,76,57,66.67,Good,Pass,66.67,0-2 Hours,Below 60%
S4673,14,Male,11,1.9,94,High School,Yes,No,61,80,82,71,74.33,Good,Pass,74.33,0-2 Hours,90-100%
S4674,19,Male,10,4.3,63,Postgraduate,Yes,No,78,49,98,50,75.0,Good,Pass,75.0,4-6 Hours,60-75%
S4675,17,Female,10,5.6,68,Postgraduate,Yes,Yes,49,51,46,52,48.67,Poor,Fail,48.67,4-6 Hours,60-75%
S4676,17,Female,10,4.8,60,Graduate,No,Yes,73,41,44,42,52.67,Average,Pass,52.67,4-6 Hours,Below 60%
S4677,17,Male,12,0.9,95,High School,Yes,No,75,84,94,64,84.33,Excellent,Pass,84.33,0-2 Hours,90-100%
S4678,14,Female,10,3.0,89,High School,Yes,No,79,41,58,82,59.33,Average,Pass,59.33,2-4 Hours,75-90%
S4679,17,Female,10,3.4,65,Graduate,Yes,No,52,54,55,65,53.67,Average,Pass,53.67,2-4 Hours,60-75%
S4680,14,Male,12,3.0,79,High School,Yes,Yes,60,41,50,68,50.33,Average,Pass,50.33,2-4 Hours,75-90%
S4681,17,Female,11,5.5,82,Graduate,No,Yes,39,51,73,53,54.33,Average,Pass,54.33,4-6 Hours,75-90%
S4682,19,Male,12,2.7,53,Graduate,No,No,68,86,68,54,74.0,Good,Pass,74.0,2-4 Hours,Below 60%
S4683,15,Female,12,1.5,60,Postgraduate,Yes,Yes,57,70,40,95,55.67,Average,Pass,55.67,0-2 Hours,Below 60%
S4684,18,Female,9,3.4,97,High School,Yes,No,71,36,77,61,61.33,Average,Pass,61.33,2-4 Hours,90-100%
S4685,19,Male,11,1.1,76,Postgraduate,Yes,No,83,48,80,56,70.33,Good,Pass,70.33,0-2 Hours,75-90%
S4686,16,Male,10,1.0,72,Graduate,No,No,79,63,87,48,76.33,Good,Pass,76.33,0-2 Hours,60-75%
S4687,17,Male,11,5.0,83,Graduate,No,Yes,48,39,37,55,41.33,Poor,Fail,41.33,4-6 Hours,75-90%
S4688,15,Male,10,1.1,54,High School,Yes,No,91,67,99,59,85.67,Excellent,Pass,85.67,0-2 Hours,Below 60%
S4689,16,Female,9,4.2,60,High School,No,Yes,62,99,70,87,77.0,Good,Pass,77.0,4-6 Hours,Below 60%
S4690,15,Female,12,1.1,60,High School,Yes,Yes,85,56,64,95,68.33,Good,Pass,68.33,0-2 Hours,Below 60%
S4691,15,Male,12,3.6,60,Postgraduate,Yes,No,61,96,53,87,70.0,Good,Pass,70.0,2-4 Hours,Below 60%
S4692,15,Male,10,3.6,79,Graduate,Yes,Yes,71,87,35,70,64.33,Average,Pass,64.33,2-4 Hours,75-90%
S4693,18,Male,10,4.1,76,Postgraduate,No,No,90,38,88,47,72.0,Good,Pass,72.0,4-6 Hours,75-90%
S4694,16,Female,10,2.2,86,High School,No,Yes,50,80,92,70,74.0,Good,Pass,74.0,2-4 Hours,75-90%
S4695,15,Female,10,3.2,50,High School,No,Yes,73,58,82,83,71.0,Good,Pass,71.0,2-4 Hours,Below 60%
S4696,17,Female,9,5.5,53,Graduate,No,No,92,43,85,68,73.33,Good,Pass,73.33,4-6 Hours,Below 60%
S4697,17,Female,9,3.2,50,Graduate,No,No,69,67,39,77,58.33,Average,Pass,58.33,2-4 Hours,Below 60%
S4698,15,Female,12,2.1,87,Graduate,Yes,Yes,90,39,44,75,57.67,Average,Pass,57.67,2-4 Hours,75-90%
S4699,17,Male,9,2.5,92,Postgraduate,Yes,Yes,98,45,95,43,79.33,Good,Pass,79.33,2-4 Hours,90-100%
S4700,17,Female,11,3.9,56,Postgraduate,No,No,60,72,59,80,63.67,Average,Pass,63.67,2-4 Hours,Below 60%
S4701,15,Male,10,1.8,90,High School,No,No,71,97,93,68,87.0,Excellent,Pass,87.0,0-2 Hours,75-90%
S4702,19,Male,10,2.4,99,Graduate,Yes,No,86,100,93,48,93.0,Excellent,Pass,93.0,2-4 Hours,90-100%
S4703,17,Male,10,3.0,64,Graduate,Yes,Yes,46,79,59,67,61.33,Average,Pass,61.33,2-4 Hours,60-75%
S4704,16,Female,11,2.6,71,Graduate,No,Yes,97,50,75,76,74.0,Good,Pass,74.0,2-4 Hours,60-75%
S4705,19,Male,10,2.8,87,High School,Yes,Yes,92,74,59,66,75.0,Good,Pass,75.0,2-4 Hours,75-90%
S4706,15,Male,9,5.7,95,Graduate,No,Yes,86,78,93,86,85.67,Excellent,Pass,85.67,4-6 Hours,90-100%
S4707,17,Female,12,2.3,82,Postgraduate,No,Yes,88,95,49,45,77.33,Good,Pass,77.33,2-4 Hours,75-90%
S4708,16,Male,9,4.4,58,Postgraduate,No,No,44,52,35,82,43.67,Poor,Fail,43.67,4-6 Hours,Below 60%
S4709,17,Male,11,5.7,86,Postgraduate,No,No,57,71,66,64,64.67,Average,Pass,64.67,4-6 Hours,75-90%
S4710,14,Female,9,4.5,86,Graduate,Yes,No,63,83,80,57,75.33,Good,Pass,75.33,4-6 Hours,75-90%
S4711,19,Male,10,0.6,75,Postgraduate,No,No,85,42,38,78,55.0,Average,Pass,55.0,0-2 Hours,60-75%
S4712,17,Male,11,1.6,73,Postgraduate,Yes,Yes,68,73,96,92,79.0,Good,Pass,79.0,0-2 Hours,60-75%
S4713,19,Male,11,2.9,74,Postgraduate,No,Yes,78,50,88,44,72.0,Good,Pass,72.0,2-4 Hours,60-75%
S4714,16,Male,12,5.0,91,High School,No,No,94,71,40,90,68.33,Good,Pass,68.33,4-6 Hours,90-100%
S4715,14,Female,9,4.3,89,Graduate,No,No,35,85,36,43,52.0,Average,Pass,52.0,4-6 Hours,75-90%
S4716,19,Female,12,5.5,84,Graduate,Yes,Yes,39,49,46,49,44.67,Poor,Fail,44.67,4-6 Hours,75-90%
S4717,14,Female,11,1.9,96,Postgraduate,Yes,Yes,72,52,97,85,73.67,Good,Pass,73.67,0-2 Hours,90-100%
S4718,17,Male,9,4.9,90,Postgraduate,Yes,No,83,46,81,63,70.0,Good,Pass,70.0,4-6 Hours,75-90%
S4719,19,Female,11,5.8,79,Postgraduate,No,Yes,55,73,44,84,57.33,Average,Pass,57.33,4-6 Hours,75-90%
S4720,19,Male,9,4.6,56,Graduate,No,Yes,37,77,47,79,53.67,Average,Pass,53.67,4-6 Hours,Below 60%
S4721,14,Male,12,4.2,62,Graduate,No,No,59,40,46,84,48.33,Poor,Fail,48.33,4-6 Hours,60-75%
S4722,14,Male,10,2.1,77,Graduate,No,No,64,46,71,71,60.33,Average,Pass,60.33,2-4 Hours,75-90%
S4723,15,Male,11,2.7,82,Graduate,No,No,59,46,86,54,63.67,Average,Pass,63.67,2-4 Hours,75-90%
S4724,15,Male,12,4.9,58,Graduate,No,No,61,75,88,78,74.67,Good,Pass,74.67,4-6 Hours,Below 60%
S4725,19,Male,12,4.7,73,Postgraduate,Yes,No,76,51,57,58,61.33,Average,Pass,61.33,4-6 Hours,60-75%
S4726,19,Female,10,1.1,63,Postgraduate,No,No,55,62,53,70,56.67,Average,Pass,56.67,0-2 Hours,60-75%
S4727,16,Male,11,5.3,57,Postgraduate,Yes,No,80,78,59,58,72.33,Good,Pass,72.33,4-6 Hours,Below 60%
S4728,15,Male,10,2.3,76,Graduate,No,No,71,47,55,65,57.67,Average,Pass,57.67,2-4 Hours,75-90%
S4729,14,Male,10,2.2,96,High School,No,No,45,60,41,47,48.67,Poor,Fail,48.67,2-4 Hours,90-100%
S4730,18,Female,10,5.8,81,High School,Yes,No,52,39,66,76,52.33,Average,Pass,52.33,4-6 Hours,75-90%
S4731,14,Female,11,1.5,55,Graduate,Yes,Yes,46,58,48,81,50.67,Average,Pass,50.67,0-2 Hours,Below 60%
S4732,19,Male,12,3.9,82,Postgraduate,No,Yes,88,61,57,84,68.67,Good,Pass,68.67,2-4 Hours,75-90%
S4733,18,Female,9,2.8,53,Graduate,Yes,No,62,74,95,82,77.0,Good,Pass,77.0,2-4 Hours,Below 60%
S4734,17,Male,10,2.7,80,High School,Yes,Yes,90,73,42,80,68.33,Good,Pass,68.33,2-4 Hours,75-90%
S4735,19,Female,12,5.2,93,Graduate,No,No,48,58,51,47,52.33,Average,Pass,52.33,4-6 Hours,90-100%
S4736,15,Female,10,5.6,59,Postgraduate,Yes,Yes,55,47,64,53,55.33,Average,Pass,55.33,4-6 Hours,Below 60%
S4737,18,Female,9,1.3,83,Graduate,No,No,67,91,99,52,85.67,Excellent,Pass,85.67,0-2 Hours,75-90%
S4738,14,Female,10,1.5,79,Graduate,Yes,Yes,49,44,37,69,43.33,Poor,Fail,43.33,0-2 Hours,75-90%
S4739,17,Female,12,5.6,87,High School,Yes,Yes,72,60,79,91,70.33,Good,Pass,70.33,4-6 Hours,75-90%
S4740,16,Female,10,4.2,57,Graduate,Yes,Yes,82,69,74,70,75.0,Good,Pass,75.0,4-6 Hours,Below 60%
S4741,17,Male,10,3.2,82,High School,No,Yes,69,78,41,90,62.67,Average,Pass,62.67,2-4 Hours,75-90%
S4742,17,Female,10,3.9,70,Postgraduate,No,No,38,54,48,47,46.67,Poor,Fail,46.67,2-4 Hours,60-75%
S4743,17,Female,11,4.7,70,Postgraduate,Yes,No,55,44,97,80,65.33,Average,Pass,65.33,4-6 Hours,60-75%
S4744,15,Female,12,0.8,59,Graduate,No,Yes,80,92,93,44,88.33,Excellent,Pass,88.33,0-2 Hours,Below 60%
S4745,15,Male,10,3.0,55,High School,Yes,No,77,42,43,90,54.0,Average,Pass,54.0,2-4 Hours,Below 60%
S4746,15,Female,10,5.5,57,Postgraduate,Yes,No,90,77,39,48,68.67,Good,Pass,68.67,4-6 Hours,Below 60%
S4747,17,Female,9,4.9,62,High School,No,No,81,75,82,53,79.33,Good,Pass,79.33,4-6 Hours,60-75%
S4748,19,Female,10,1.3,88,Postgraduate,Yes,No,44,90,43,78,59.0,Average,Pass,59.0,0-2 Hours,75-90%
S4749,16,Male,11,1.5,87,Graduate,Yes,No,88,45,60,85,64.33,Average,Pass,64.33,0-2 Hours,75-90%
S4750,17,Female,10,3.9,86,High School,Yes,Yes,54,82,39,52,58.33,Average,Pass,58.33,2-4 Hours,75-90%
S4751,17,Male,11,4.7,58,Graduate,Yes,No,48,84,76,82,69.33,Good,Pass,69.33,4-6 Hours,Below 60%
S4752,15,Male,9,4.4,92,Graduate,Yes,No,67,80,70,75,72.33,Good,Pass,72.33,4-6 Hours,90-100%
S4753,15,Male,10,4.7,78,Postgraduate,Yes,Yes,85,69,99,78,84.33,Excellent,Pass,84.33,4-6 Hours,75-90%
S4754,16,Male,11,5.5,86,High School,Yes,Yes,42,52,92,84,62.0,Average,Pass,62.0,4-6 Hours,75-90%
S4755,14,Male,10,4.2,87,Graduate,No,No,65,41,48,53,51.33,Average,Pass,51.33,4-6 Hours,75-90%
S4756,18,Male,10,0.7,60,Postgraduate,No,Yes,89,91,97,88,92.33,Excellent,Pass,92.33,0-2 Hours,Below 60%
S4757,14,Male,12,2.9,85,Postgraduate,No,No,58,51,44,94,51.0,Average,Pass,51.0,2-4 Hours,75-90%
S4758,14,Male,10,5.2,66,High School,No,Yes,46,36,70,72,50.67,Average,Pass,50.67,4-6 Hours,60-75%
S4759,16,Female,10,4.2,50,Postgraduate,No,No,53,100,55,67,69.33,Good,Pass,69.33,4-6 Hours,Below 60%
S4760,16,Male,10,2.7,75,Postgraduate,Yes,No,54,74,36,87,54.67,Average,Pass,54.67,2-4 Hours,60-75%
S4761,17,Female,11,0.8,51,Graduate,Yes,No,48,66,46,51,53.33,Average,Pass,53.33,0-2 Hours,Below 60%
S4762,14,Male,9,1.3,56,Postgraduate,Yes,No,44,40,72,55,52.0,Average,Pass,52.0,0-2 Hours,Below 60%
S4763,17,Female,12,1.5,66,Postgraduate,Yes,No,74,85,85,65,81.33,Excellent,Pass,81.33,0-2 Hours,60-75%
S4764,16,Male,11,0.8,50,Postgraduate,No,No,36,54,35,65,41.67,Poor,Fail,41.67,0-2 Hours,Below 60%
S4765,14,Female,10,2.6,93,Graduate,Yes,Yes,67,78,78,41,74.33,Good,Pass,74.33,2-4 Hours,90-100%
S4766,17,Female,12,2.7,62,High School,Yes,Yes,91,38,72,41,67.0,Good,Pass,67.0,2-4 Hours,60-75%
S4767,14,Male,11,2.7,96,High School,No,No,88,92,46,92,75.33,Good,Pass,75.33,2-4 Hours,90-100%
S4768,18,Female,9,5.8,52,Postgraduate,No,No,82,53,51,73,62.0,Average,Pass,62.0,4-6 Hours,Below 60%
S4769,14,Male,11,2.6,51,High School,Yes,No,55,92,66,47,71.0,Good,Pass,71.0,2-4 Hours,Below 60%
S4770,18,Male,10,5.7,58,High School,No,Yes,97,47,68,60,70.67,Good,Pass,70.67,4-6 Hours,Below 60%
S4771,16,Male,9,5.9,73,Graduate,Yes,No,46,84,87,92,72.33,Good,Pass,72.33,4-6 Hours,60-75%
S4772,19,Male,11,2.4,76,Graduate,No,No,88,73,51,67,70.67,Good,Pass,70.67,2-4 Hours,75-90%
S4773,15,Male,9,3.1,83,Graduate,Yes,No,64,78,89,74,77.0,Good,Pass,77.0,2-4 Hours,75-90%
S4774,15,Female,10,5.6,72,Graduate,Yes,Yes,42,50,74,87,55.33,Average,Pass,55.33,4-6 Hours,60-75%
S4775,14,Male,9,1.1,87,High School,No,Yes,74,74,53,58,67.0,Good,Pass,67.0,0-2 Hours,75-90%
S4776,19,Female,10,4.9,67,High School,Yes,Yes,50,72,99,80,73.67,Good,Pass,73.67,4-6 Hours,60-75%
S4777,16,Male,10,1.2,63,Postgraduate,No,No,78,52,92,56,74.0,Good,Pass,74.0,0-2 Hours,60-75%
S4778,15,Female,11,3.7,51,Postgraduate,Yes,No,97,73,83,91,84.33,Excellent,Pass,84.33,2-4 Hours,Below 60%
S4779,19,Male,10,5.5,52,High School,No,No,84,59,47,80,63.33,Average,Pass,63.33,4-6 Hours,Below 60%
S4780,18,Male,10,4.8,58,Postgraduate,Yes,Yes,86,36,61,85,61.0,Average,Pass,61.0,4-6 Hours,Below 60%
S4781,18,Female,11,2.5,50,High School,No,Yes,61,51,93,73,68.33,Good,Pass,68.33,2-4 Hours,Below 60%
S4782,15,Male,10,4.4,75,High School,No,Yes,47,50,43,48,46.67,Poor,Fail,46.67,4-6 Hours,60-75%
S4783,17,Male,12,5.5,60,Postgraduate,No,No,65,91,85,62,80.33,Good,Pass,80.33,4-6 Hours,Below 60%
S4784,17,Male,9,1.9,59,Postgraduate,Yes,Yes,73,45,65,42,61.0,Average,Pass,61.0,0-2 Hours,Below 60%
S4785,19,Female,11,1.1,83,Graduate,No,No,76,45,46,60,55.67,Average,Pass,55.67,0-2 Hours,75-90%
S4786,15,Female,10,5.5,59,High School,Yes,No,60,61,83,75,68.0,Good,Pass,68.0,4-6 Hours,Below 60%
S4787,19,Female,11,1.5,72,Graduate,No,No,84,80,69,67,77.67,Good,Pass,77.67,0-2 Hours,60-75%
S4788,16,Female,10,1.4,95,Graduate,No,Yes,46,55,96,73,65.67,Average,Pass,65.67,0-2 Hours,90-100%
S4789,16,Female,9,2.2,50,Graduate,No,No,86,49,82,66,72.33,Good,Pass,72.33,2-4 Hours,Below 60%
S4790,16,Male,11,2.9,55,Postgraduate,No,Yes,39,52,66,78,52.33,Average,Pass,52.33,2-4 Hours,Below 60%
S4791,15,Male,10,3.4,85,Postgraduate,No,No,100,56,90,91,82.0,Excellent,Pass,82.0,2-4 Hours,75-90%
S4792,18,Female,12,3.4,58,High School,No,No,51,92,64,90,69.0,Good,Pass,69.0,2-4 Hours,Below 60%
S4793,16,Female,11,4.3,55,Postgraduate,No,Yes,69,76,92,89,79.0,Good,Pass,79.0,4-6 Hours,Below 60%
S4794,15,Female,9,4.6,92,Graduate,No,No,91,50,99,83,80.0,Good,Pass,80.0,4-6 Hours,90-100%
S4795,14,Male,10,5.3,69,Postgraduate,Yes,No,61,40,48,47,49.67,Poor,Fail,49.67,4-6 Hours,60-75%
S4796,17,Male,9,2.3,72,Postgraduate,No,No,73,69,60,56,67.33,Good,Pass,67.33,2-4 Hours,60-75%
S4797,17,Male,12,3.2,99,High School,No,Yes,57,94,49,89,66.67,Good,Pass,66.67,2-4 Hours,90-100%
S4798,14,Female,12,2.4,64,High School,No,No,73,99,72,42,81.33,Excellent,Pass,81.33,2-4 Hours,60-75%
S4799,18,Female,12,4.5,83,High School,Yes,No,70,41,83,56,64.67,Average,Pass,64.67,4-6 Hours,75-90%
S4800,15,Male,10,0.6,98,Graduate,Yes,Yes,84,71,52,93,69.0,Good,Pass,69.0,0-2 Hours,90-100%
S4801,17,Male,9,2.5,52,High School,No,Yes,54,38,70,91,54.0,Average,Pass,54.0,2-4 Hours,Below 60%
S4802,15,Female,9,3.3,96,Postgraduate,Yes,Yes,53,80,90,86,74.33,Good,Pass,74.33,2-4 Hours,90-100%
S4803,19,Female,11,4.6,70,High School,No,Yes,38,63,40,90,47.0,Poor,Fail,47.0,4-6 Hours,60-75%
S4804,19,Male,12,2.1,71,Graduate,Yes,No,99,67,91,51,85.67,Excellent,Pass,85.67,2-4 Hours,60-75%
S4805,15,Female,9,1.3,81,Postgraduate,No,No,97,78,38,78,71.0,Good,Pass,71.0,0-2 Hours,75-90%
S4806,17,Male,9,3.8,54,Graduate,Yes,No,65,48,75,88,62.67,Average,Pass,62.67,2-4 Hours,Below 60%
S4807,16,Male,11,2.8,69,Graduate,No,No,57,35,81,63,57.67,Average,Pass,57.67,2-4 Hours,60-75%
S4808,19,Male,12,5.6,84,Postgraduate,Yes,Yes,100,60,54,52,71.33,Good,Pass,71.33,4-6 Hours,75-90%
S4809,17,Female,10,5.6,55,High School,No,Yes,90,100,96,51,95.33,Excellent,Pass,95.33,4-6 Hours,Below 60%
S4810,15,Male,9,4.8,74,High School,Yes,No,55,98,39,68,64.0,Average,Pass,64.0,4-6 Hours,60-75%
S4811,14,Male,10,1.3,84,Postgraduate,No,No,71,57,98,72,75.33,Good,Pass,75.33,0-2 Hours,75-90%
S4812,16,Male,11,5.0,70,Graduate,Yes,No,43,50,95,82,62.67,Average,Pass,62.67,4-6 Hours,60-75%
S4813,17,Female,9,2.4,83,Graduate,Yes,No,56,49,90,56,65.0,Average,Pass,65.0,2-4 Hours,75-90%
S4814,16,Female,12,4.3,99,Postgraduate,Yes,Yes,83,82,71,44,78.67,Good,Pass,78.67,4-6 Hours,90-100%
S4815,14,Female,12,2.2,92,Postgraduate,Yes,Yes,96,96,68,66,86.67,Excellent,Pass,86.67,2-4 Hours,90-100%
S4816,18,Male,10,4.3,75,High School,No,Yes,88,92,73,93,84.33,Excellent,Pass,84.33,4-6 Hours,60-75%
S4817,14,Male,10,4.4,81,High School,Yes,Yes,58,86,57,79,67.0,Good,Pass,67.0,4-6 Hours,75-90%
S4818,19,Female,11,1.8,70,High School,Yes,Yes,47,53,92,41,64.0,Average,Pass,64.0,0-2 Hours,60-75%
S4819,18,Female,11,4.3,67,Graduate,No,Yes,91,84,35,87,70.0,Good,Pass,70.0,4-6 Hours,60-75%
S4820,17,Male,11,5.4,76,Graduate,No,Yes,74,53,48,63,58.33,Average,Pass,58.33,4-6 Hours,75-90%
S4821,19,Male,10,4.2,97,High School,No,No,43,58,61,53,54.0,Average,Pass,54.0,4-6 Hours,90-100%
S4822,15,Female,12,4.0,50,Graduate,No,No,85,97,55,79,79.0,Good,Pass,79.0,2-4 Hours,Below 60%
S4823,14,Male,11,4.0,87,Graduate,Yes,Yes,55,96,84,51,78.33,Good,Pass,78.33,2-4 Hours,75-90%
S4824,15,Male,10,2.1,53,High School,Yes,No,94,57,42,52,64.33,Average,Pass,64.33,2-4 Hours,Below 60%
S4825,19,Female,9,2.3,51,High School,No,Yes,60,50,89,66,66.33,Good,Pass,66.33,2-4 Hours,Below 60%
S4826,16,Female,9,2.7,92,Graduate,No,No,70,37,37,91,48.0,Poor,Fail,48.0,2-4 Hours,90-100%
S4827,14,Female,9,1.9,80,Postgraduate,Yes,Yes,87,89,73,74,83.0,Excellent,Pass,83.0,0-2 Hours,75-90%
S4828,14,Male,11,0.8,65,High School,No,Yes,48,90,71,42,69.67,Good,Pass,69.67,0-2 Hours,60-75%
S4829,16,Female,9,1.4,66,Postgraduate,No,Yes,87,93,37,47,72.33,Good,Pass,72.33,0-2 Hours,60-75%
S4830,16,Male,12,4.0,83,Graduate,Yes,Yes,46,66,96,66,69.33,Good,Pass,69.33,2-4 Hours,75-90%
S4831,17,Male,12,2.9,53,Postgraduate,No,No,100,76,39,87,71.67,Good,Pass,71.67,2-4 Hours,Below 60%
S4832,18,Male,9,2.1,99,Postgraduate,No,No,63,76,57,48,65.33,Average,Pass,65.33,2-4 Hours,90-100%
S4833,17,Female,10,1.5,100,High School,Yes,No,92,40,61,82,64.33,Average,Pass,64.33,0-2 Hours,90-100%
S4834,15,Female,12,1.6,89,Graduate,No,No,65,67,37,69,56.33,Average,Pass,56.33,0-2 Hours,75-90%
S4835,16,Female,12,5.3,54,Graduate,No,No,87,77,42,50,68.67,Good,Pass,68.67,4-6 Hours,Below 60%
S4836,19,Female,10,2.6,72,Graduate,Yes,No,49,87,72,84,69.33,Good,Pass,69.33,2-4 Hours,60-75%
S4837,14,Female,12,1.5,71,Graduate,No,Yes,85,74,61,89,73.33,Good,Pass,73.33,0-2 Hours,60-75%
S4838,18,Male,11,4.6,52,Graduate,Yes,Yes,74,93,43,80,70.0,Good,Pass,70.0,4-6 Hours,Below 60%
S4839,18,Female,11,4.6,80,High School,No,No,35,72,92,90,66.33,Good,Pass,66.33,4-6 Hours,75-90%
S4840,18,Female,12,5.1,69,Graduate,Yes,No,47,93,48,58,62.67,Average,Pass,62.67,4-6 Hours,60-75%
S4841,19,Female,9,0.8,95,Postgraduate,No,No,62,88,86,72,78.67,Good,Pass,78.67,0-2 Hours,90-100%
S4842,16,Male,12,2.3,60,Postgraduate,Yes,Yes,71,94,56,73,73.67,Good,Pass,73.67,2-4 Hours,Below 60%
S4843,17,Female,11,1.8,78,Graduate,Yes,Yes,61,93,92,85,82.0,Excellent,Pass,82.0,0-2 Hours,75-90%
S4844,16,Female,10,5.0,64,Postgraduate,No,Yes,59,64,69,64,64.0,Average,Pass,64.0,4-6 Hours,60-75%
S4845,17,Male,10,4.6,91,Graduate,Yes,No,50,54,91,40,65.0,Average,Pass,65.0,4-6 Hours,90-100%
S4846,18,Male,9,2.3,91,High School,No,Yes,99,57,91,49,82.33,Excellent,Pass,82.33,2-4 Hours,90-100%
S4847,16,Female,12,2.3,72,High School,No,No,100,92,52,48,81.33,Excellent,Pass,81.33,2-4 Hours,60-75%
S4848,16,Male,10,2.2,88,Graduate,No,Yes,70,76,90,77,78.67,Good,Pass,78.67,2-4 Hours,75-90%
S4849,14,Male,11,3.9,54,Postgraduate,Yes,Yes,97,53,73,48,74.33,Good,Pass,74.33,2-4 Hours,Below 60%
S4850,18,Male,10,3.4,80,Postgraduate,Yes,Yes,52,47,67,93,55.33,Average,Pass,55.33,2-4 Hours,75-90%
S4851,19,Female,12,1.2,80,Graduate,Yes,Yes,43,91,59,60,64.33,Average,Pass,64.33,0-2 Hours,75-90%
S4852,19,Female,11,0.8,65,High School,Yes,No,82,41,96,40,73.0,Good,Pass,73.0,0-2 Hours,60-75%
S4853,14,Male,12,0.8,54,Postgraduate,No,Yes,96,48,83,52,75.67,Good,Pass,75.67,0-2 Hours,Below 60%
S4854,18,Female,9,3.4,78,High School,No,Yes,44,51,48,71,47.67,Poor,Fail,47.67,2-4 Hours,75-90%
S4855,17,Male,11,1.4,73,High School,Yes,No,98,98,85,44,93.67,Excellent,Pass,93.67,0-2 Hours,60-75%
S4856,15,Male,11,5.3,94,Graduate,No,No,57,48,75,56,60.0,Average,Pass,60.0,4-6 Hours,90-100%
S4857,16,Female,10,1.3,62,Postgraduate,No,No,75,94,54,60,74.33,Good,Pass,74.33,0-2 Hours,60-75%
S4858,18,Female,11,5.9,94,Postgraduate,Yes,No,52,65,46,69,54.33,Average,Pass,54.33,4-6 Hours,90-100%
S4859,14,Male,11,3.3,78,Postgraduate,No,No,94,83,37,73,71.33,Good,Pass,71.33,2-4 Hours,75-90%
S4860,15,Male,12,3.5,51,Postgraduate,No,Yes,75,47,100,47,74.0,Good,Pass,74.0,2-4 Hours,Below 60%
S4861,15,Female,10,3.7,56,Graduate,Yes,No,38,40,99,43,59.0,Average,Pass,59.0,2-4 Hours,Below 60%
S4862,19,Male,11,1.8,95,Graduate,Yes,No,55,97,76,61,76.0,Good,Pass,76.0,0-2 Hours,90-100%
S4863,19,Female,9,4.8,91,Postgraduate,No,Yes,35,56,48,52,46.33,Poor,Fail,46.33,4-6 Hours,90-100%
S4864,15,Female,10,1.4,98,Postgraduate,Yes,No,64,99,45,76,69.33,Good,Pass,69.33,0-2 Hours,90-100%
S4865,17,Female,11,2.6,61,Postgraduate,Yes,No,51,88,76,95,71.67,Good,Pass,71.67,2-4 Hours,60-75%
S4866,18,Male,10,5.9,96,High School,No,Yes,71,43,100,94,71.33,Good,Pass,71.33,4-6 Hours,90-100%
S4867,14,Female,10,5.5,70,High School,Yes,Yes,49,46,88,62,61.0,Average,Pass,61.0,4-6 Hours,60-75%
S4868,14,Male,12,1.5,55,High School,Yes,No,39,49,41,41,43.0,Poor,Fail,43.0,0-2 Hours,Below 60%
S4869,14,Male,9,1.9,92,Graduate,Yes,No,59,90,68,64,72.33,Good,Pass,72.33,0-2 Hours,90-100%
S4870,19,Male,12,2.2,93,Graduate,No,No,43,78,89,66,70.0,Good,Pass,70.0,2-4 Hours,90-100%
S4871,17,Female,10,1.2,63,Graduate,No,Yes,47,95,49,63,63.67,Average,Pass,63.67,0-2 Hours,60-75%
S4872,15,Female,12,2.6,83,Graduate,No,No,76,99,56,70,77.0,Good,Pass,77.0,2-4 Hours,75-90%
S4873,18,Female,12,0.7,76,Postgraduate,No,No,36,42,62,78,46.67,Poor,Fail,46.67,0-2 Hours,75-90%
S4874,18,Female,10,2.3,74,Postgraduate,No,Yes,61,87,87,64,78.33,Good,Pass,78.33,2-4 Hours,60-75%
S4875,14,Male,12,1.9,50,Graduate,No,No,57,41,74,76,57.33,Average,Pass,57.33,0-2 Hours,Below 60%
S4876,18,Male,9,0.8,56,Graduate,Yes,Yes,44,90,58,74,64.0,Average,Pass,64.0,0-2 Hours,Below 60%
S4877,17,Male,12,2.5,90,High School,No,No,37,77,96,69,70.0,Good,Pass,70.0,2-4 Hours,75-90%
S4878,19,Female,11,0.9,88,Graduate,Yes,No,53,75,99,75,75.67,Good,Pass,75.67,0-2 Hours,75-90%
S4879,14,Female,9,3.3,85,Postgraduate,Yes,Yes,90,95,49,77,78.0,Good,Pass,78.0,2-4 Hours,75-90%
S4880,16,Male,10,3.9,97,Postgraduate,No,No,76,82,45,47,67.67,Good,Pass,67.67,2-4 Hours,90-100%
S4881,15,Female,9,1.2,78,High School,Yes,Yes,89,100,78,89,89.0,Excellent,Pass,89.0,0-2 Hours,75-90%
S4882,15,Female,10,4.5,65,High School,No,No,87,44,71,60,67.33,Good,Pass,67.33,4-6 Hours,60-75%
S4883,17,Male,9,2.1,67,Postgraduate,No,No,52,37,78,95,55.67,Average,Pass,55.67,2-4 Hours,60-75%
S4884,19,Male,12,4.5,94,High School,No,No,85,85,46,44,72.0,Good,Pass,72.0,4-6 Hours,90-100%
S4885,15,Female,12,4.2,87,High School,Yes,Yes,86,56,62,66,68.0,Good,Pass,68.0,4-6 Hours,75-90%
S4886,15,Female,9,4.0,52,Postgraduate,No,Yes,52,38,38,89,42.67,Poor,Fail,42.67,2-4 Hours,Below 60%
S4887,19,Male,9,4.8,77,Postgraduate,Yes,Yes,93,82,67,49,80.67,Good,Pass,80.67,4-6 Hours,75-90%
S4888,19,Male,9,3.5,82,Graduate,Yes,Yes,75,50,48,75,57.67,Average,Pass,57.67,2-4 Hours,75-90%
S4889,14,Female,10,3.1,98,High School,No,Yes,35,81,47,70,54.33,Average,Pass,54.33,2-4 Hours,90-100%
S4890,17,Female,10,1.8,93,High School,No,No,87,43,75,83,68.33,Good,Pass,68.33,0-2 Hours,90-100%
S4891,16,Male,9,4.9,71,Postgraduate,No,No,95,93,41,57,76.33,Good,Pass,76.33,4-6 Hours,60-75%
S4892,18,Female,12,5.4,69,High School,No,No,81,97,81,63,86.33,Excellent,Pass,86.33,4-6 Hours,60-75%
S4893,17,Male,9,4.8,67,High School,Yes,No,41,83,51,92,58.33,Average,Pass,58.33,4-6 Hours,60-75%
S4894,14,Male,9,3.2,70,Postgraduate,Yes,No,35,82,61,43,59.33,Average,Pass,59.33,2-4 Hours,60-75%
S4895,15,Female,12,4.4,75,High School,Yes,Yes,72,43,97,92,70.67,Good,Pass,70.67,4-6 Hours,60-75%
S4896,16,Female,9,1.5,82,Graduate,Yes,No,35,56,35,50,42.0,Poor,Fail,42.0,0-2 Hours,75-90%
S4897,14,Male,10,1.4,72,Postgraduate,No,Yes,92,42,37,60,57.0,Average,Pass,57.0,0-2 Hours,60-75%
S4898,14,Female,12,0.6,54,Postgraduate,No,Yes,59,94,51,93,68.0,Good,Pass,68.0,0-2 Hours,Below 60%
S4899,18,Female,9,2.3,94,Graduate,Yes,No,81,40,96,87,72.33,Good,Pass,72.33,2-4 Hours,90-100%
S4900,18,Male,9,1.5,59,High School,Yes,No,53,69,97,85,73.0,Good,Pass,73.0,0-2 Hours,Below 60%
S4901,15,Female,12,5.0,86,Postgraduate,No,Yes,95,100,73,42,89.33,Excellent,Pass,89.33,4-6 Hours,75-90%
S4902,19,Male,12,5.5,96,High School,Yes,Yes,83,89,80,95,84.0,Excellent,Pass,84.0,4-6 Hours,90-100%
S4903,16,Female,11,4.3,64,High School,No,No,74,51,84,56,69.67,Good,Pass,69.67,4-6 Hours,60-75%
S4904,17,Female,10,3.5,71,Postgraduate,Yes,No,35,72,48,62,51.67,Average,Pass,51.67,2-4 Hours,60-75%
S4905,14,Male,9,5.9,74,High School,Yes,No,45,98,79,82,74.0,Good,Pass,74.0,4-6 Hours,60-75%
S4906,18,Male,9,3.5,87,High School,No,Yes,96,69,78,54,81.0,Excellent,Pass,81.0,2-4 Hours,75-90%
S4907,15,Female,12,3.9,72,Graduate,No,Yes,62,99,66,85,75.67,Good,Pass,75.67,2-4 Hours,60-75%
S4908,15,Male,9,1.1,100,High School,No,No,49,53,77,89,59.67,Average,Pass,59.67,0-2 Hours,90-100%
S4909,17,Female,9,0.5,97,Postgraduate,No,Yes,43,81,86,66,70.0,Good,Pass,70.0,0-2 Hours,90-100%
S4910,16,Female,10,5.6,69,Graduate,Yes,No,37,43,80,81,53.33,Average,Pass,53.33,4-6 Hours,60-75%
S4911,18,Female,11,1.9,91,High School,Yes,Yes,45,36,54,85,45.0,Poor,Fail,45.0,0-2 Hours,90-100%
S4912,14,Male,10,1.3,83,High School,Yes,No,100,64,83,72,82.33,Excellent,Pass,82.33,0-2 Hours,75-90%
S4913,14,Female,9,5.8,63,High School,Yes,No,86,76,72,64,78.0,Good,Pass,78.0,4-6 Hours,60-75%
S4914,15,Male,12,1.2,64,Postgraduate,No,No,47,37,35,90,39.67,Poor,Fail,39.67,0-2 Hours,60-75%
S4915,16,Female,10,5.2,99,Graduate,Yes,Yes,95,48,98,59,80.33,Good,Pass,80.33,4-6 Hours,90-100%
S4916,17,Female,11,3.6,92,High School,Yes,No,39,66,82,79,62.33,Average,Pass,62.33,2-4 Hours,90-100%
S4917,19,Female,9,1.1,99,Postgraduate,No,No,79,61,64,77,68.0,Good,Pass,68.0,0-2 Hours,90-100%
S4918,15,Female,10,2.3,72,Postgraduate,No,No,96,43,73,43,70.67,Good,Pass,70.67,2-4 Hours,60-75%
S4919,16,Female,10,4.6,69,Graduate,Yes,Yes,67,71,78,86,72.0,Good,Pass,72.0,4-6 Hours,60-75%
S4920,19,Male,10,1.3,76,Postgraduate,No,Yes,38,80,73,51,63.67,Average,Pass,63.67,0-2 Hours,75-90%
S4921,14,Male,10,3.9,98,High School,No,No,63,94,65,43,74.0,Good,Pass,74.0,2-4 Hours,90-100%
S4922,19,Male,9,1.4,81,Postgraduate,No,Yes,69,85,44,50,66.0,Good,Pass,66.0,0-2 Hours,75-90%
S4923,18,Female,12,3.7,83,Graduate,Yes,No,99,67,99,65,88.33,Excellent,Pass,88.33,2-4 Hours,75-90%
S4924,16,Male,11,1.3,78,Postgraduate,No,No,80,84,69,42,77.67,Good,Pass,77.67,0-2 Hours,75-90%
S4925,14,Female,12,1.3,50,Graduate,No,Yes,76,80,57,79,71.0,Good,Pass,71.0,0-2 Hours,Below 60%
S4926,15,Female,9,3.8,78,High School,No,Yes,43,68,78,79,63.0,Average,Pass,63.0,2-4 Hours,75-90%
S4927,19,Male,9,2.3,60,Postgraduate,Yes,Yes,80,93,36,61,69.67,Good,Pass,69.67,2-4 Hours,Below 60%
S4928,14,Female,11,4.3,57,High School,No,No,38,74,51,57,54.33,Average,Pass,54.33,4-6 Hours,Below 60%
S4929,18,Male,10,2.1,78,Postgraduate,Yes,Yes,53,91,81,46,75.0,Good,Pass,75.0,2-4 Hours,75-90%
S4930,19,Female,9,2.6,88,Graduate,No,No,75,75,81,40,77.0,Good,Pass,77.0,2-4 Hours,75-90%
S4931,18,Male,10,2.9,94,Postgraduate,No,Yes,84,38,74,80,65.33,Average,Pass,65.33,2-4 Hours,90-100%
S4932,19,Female,9,5.4,87,Postgraduate,No,Yes,84,74,63,72,73.67,Good,Pass,73.67,4-6 Hours,75-90%
S4933,19,Female,9,4.7,63,Graduate,Yes,Yes,38,86,100,93,74.67,Good,Pass,74.67,4-6 Hours,60-75%
S4934,18,Male,11,1.4,61,High School,No,No,68,94,66,84,76.0,Good,Pass,76.0,0-2 Hours,60-75%
S4935,19,Male,12,5.7,57,High School,No,Yes,74,93,52,87,73.0,Good,Pass,73.0,4-6 Hours,Below 60%
S4936,18,Female,11,2.5,65,High School,No,No,58,62,75,52,65.0,Average,Pass,65.0,2-4 Hours,60-75%
S4937,17,Female,9,1.9,82,High School,No,Yes,51,73,56,79,60.0,Average,Pass,60.0,0-2 Hours,75-90%
S4938,17,Female,10,0.6,73,High School,No,No,72,60,98,60,76.67,Good,Pass,76.67,0-2 Hours,60-75%
S4939,16,Male,12,0.6,91,High School,Yes,Yes,67,88,36,80,63.67,Average,Pass,63.67,0-2 Hours,90-100%
S4940,17,Female,12,5.3,83,High School,No,Yes,81,51,75,47,69.0,Good,Pass,69.0,4-6 Hours,75-90%
S4941,16,Male,9,2.8,76,Graduate,No,No,89,79,67,94,78.33,Good,Pass,78.33,2-4 Hours,75-90%
S4942,16,Female,9,1.2,90,Postgraduate,No,Yes,62,81,40,89,61.0,Average,Pass,61.0,0-2 Hours,75-90%
S4943,17,Male,9,3.8,87,High School,Yes,Yes,71,88,39,82,66.0,Good,Pass,66.0,2-4 Hours,75-90%
S4944,17,Female,11,1.5,60,Graduate,Yes,Yes,66,47,95,50,69.33,Good,Pass,69.33,0-2 Hours,Below 60%
S4945,18,Female,10,4.3,89,High School,Yes,No,86,77,92,87,85.0,Excellent,Pass,85.0,4-6 Hours,75-90%
S4946,17,Female,10,0.8,58,Postgraduate,No,Yes,39,74,83,50,65.33,Average,Pass,65.33,0-2 Hours,Below 60%
S4947,16,Female,9,0.5,57,High School,No,Yes,100,35,94,58,76.33,Good,Pass,76.33,0-2 Hours,Below 60%
S4948,14,Male,9,1.6,97,Postgraduate,No,No,69,54,52,76,58.33,Average,Pass,58.33,0-2 Hours,90-100%
S4949,19,Male,10,1.4,81,Graduate,Yes,Yes,35,89,90,41,71.33,Good,Pass,71.33,0-2 Hours,75-90%
S4950,14,Male,12,5.3,84,High School,No,No,58,84,37,85,59.67,Average,Pass,59.67,4-6 Hours,75-90%
S4951,17,Male,11,4.0,57,High School,Yes,Yes,91,84,86,59,87.0,Excellent,Pass,87.0,2-4 Hours,Below 60%
S4952,19,Female,12,1.4,94,Graduate,Yes,Yes,76,42,88,90,68.67,Good,Pass,68.67,0-2 Hours,90-100%
S4953,19,Female,10,1.8,65,Postgraduate,No,Yes,51,91,83,95,75.0,Good,Pass,75.0,0-2 Hours,60-75%
S4954,17,Male,11,4.9,61,High School,No,No,58,72,91,83,73.67,Good,Pass,73.67,4-6 Hours,60-75%
S4955,14,Male,11,3.8,80,Postgraduate,Yes,Yes,43,45,61,45,49.67,Poor,Fail,49.67,2-4 Hours,75-90%
S4956,16,Female,10,5.8,60,Graduate,No,No,74,52,83,92,69.67,Good,Pass,69.67,4-6 Hours,Below 60%
S4957,19,Male,12,5.8,79,Postgraduate,Yes,No,36,89,100,44,75.0,Good,Pass,75.0,4-6 Hours,75-90%
S4958,19,Male,11,3.9,52,Graduate,No,No,96,62,74,87,77.33,Good,Pass,77.33,2-4 Hours,Below 60%
S4959,16,Male,9,4.7,85,Postgraduate,No,Yes,87,50,68,84,68.33,Good,Pass,68.33,4-6 Hours,75-90%
S4960,14,Female,10,1.8,94,Postgraduate,Yes,Yes,40,36,50,65,42.0,Poor,Fail,42.0,0-2 Hours,90-100%
S4961,14,Male,12,2.6,70,Graduate,Yes,No,69,78,86,75,77.67,Good,Pass,77.67,2-4 Hours,60-75%
S4962,18,Female,12,5.8,69,High School,No,No,43,56,61,75,53.33,Average,Pass,53.33,4-6 Hours,60-75%
S4963,16,Female,9,2.9,100,High School,No,Yes,72,51,72,85,65.0,Average,Pass,65.0,2-4 Hours,90-100%
S4964,19,Female,9,2.7,72,Postgraduate,Yes,No,96,99,58,59,84.33,Excellent,Pass,84.33,2-4 Hours,60-75%
S4965,15,Female,9,5.8,99,High School,No,Yes,64,42,88,84,64.67,Average,Pass,64.67,4-6 Hours,90-100%
S4966,15,Female,12,3.7,67,Postgraduate,No,No,52,80,71,50,67.67,Good,Pass,67.67,2-4 Hours,60-75%
S4967,14,Female,12,0.6,86,High School,No,No,45,90,91,84,75.33,Good,Pass,75.33,0-2 Hours,75-90%
S4968,14,Female,10,5.0,56,Graduate,No,No,37,50,35,50,40.67,Poor,Fail,40.67,4-6 Hours,Below 60%
S4969,16,Male,10,5.5,90,High School,Yes,No,59,39,57,80,51.67,Average,Pass,51.67,4-6 Hours,75-90%
S4970,18,Female,10,5.1,58,High School,No,No,88,55,68,79,70.33,Good,Pass,70.33,4-6 Hours,Below 60%
S4971,17,Female,9,4.2,88,High School,No,No,76,69,89,43,78.0,Good,Pass,78.0,4-6 Hours,75-90%
S4972,15,Male,10,4.8,59,Graduate,No,Yes,40,48,69,53,52.33,Average,Pass,52.33,4-6 Hours,Below 60%
S4973,15,Female,12,4.9,82,Graduate,No,Yes,82,78,75,86,78.33,Good,Pass,78.33,4-6 Hours,75-90%
S4974,17,Male,12,1.4,55,Postgraduate,No,Yes,88,66,41,55,65.0,Average,Pass,65.0,0-2 Hours,Below 60%
S4975,17,Male,10,5.1,90,Graduate,No,No,97,55,40,62,64.0,Average,Pass,64.0,4-6 Hours,75-90%
S4976,17,Female,12,3.7,68,Postgraduate,Yes,Yes,80,54,100,69,78.0,Good,Pass,78.0,2-4 Hours,60-75%
S4977,16,Female,10,4.1,54,High School,Yes,Yes,84,81,80,45,81.67,Excellent,Pass,81.67,4-6 Hours,Below 60%
S4978,14,Male,10,2.6,78,High School,Yes,Yes,90,98,73,66,87.0,Excellent,Pass,87.0,2-4 Hours,75-90%
S4979,18,Female,11,2.7,78,High School,No,No,89,59,76,91,74.67,Good,Pass,74.67,2-4 Hours,75-90%
S4980,17,Male,10,3.0,100,Postgraduate,Yes,Yes,61,84,94,90,79.67,Good,Pass,79.67,2-4 Hours,90-100%
S4981,15,Male,11,2.3,74,High School,No,Yes,82,79,76,76,79.0,Good,Pass,79.0,2-4 Hours,60-75%
S4982,17,Male,9,2.0,80,Postgraduate,No,No,69,61,80,48,70.0,Good,Pass,70.0,0-2 Hours,75-90%
S4983,16,Female,10,1.6,83,High School,Yes,No,90,47,95,77,77.33,Good,Pass,77.33,0-2 Hours,75-90%
S4984,14,Male,11,1.7,74,Graduate,No,Yes,36,60,40,84,45.33,Poor,Fail,45.33,0-2 Hours,60-75%
S4985,15,Male,9,2.9,62,High School,No,Yes,41,82,88,83,70.33,Good,Pass,70.33,2-4 Hours,60-75%
S4986,15,Female,10,1.5,66,High School,Yes,No,68,53,89,76,70.0,Good,Pass,70.0,0-2 Hours,60-75%
S4987,19,Male,11,1.5,63,High School,Yes,Yes,46,37,92,51,58.33,Average,Pass,58.33,0-2 Hours,60-75%
S4988,15,Female,10,2.0,60,Graduate,No,Yes,49,79,60,68,62.67,Average,Pass,62.67,0-2 Hours,Below 60%
S4989,15,Female,12,5.8,94,Graduate,Yes,No,81,38,36,49,51.67,Average,Pass,51.67,4-6 Hours,90-100%
S4990,16,Female,11,2.1,76,Graduate,No,No,56,49,100,51,68.33,Good,Pass,68.33,2-4 Hours,75-90%
S4991,19,Female,9,4.6,73,High School,Yes,Yes,88,95,98,57,93.67,Excellent,Pass,93.67,4-6 Hours,60-75%
S4992,15,Male,11,5.4,54,High School,Yes,Yes,56,71,38,77,55.0,Average,Pass,55.0,4-6 Hours,Below 60%
S4993,19,Female,10,5.5,89,Graduate,No,Yes,74,57,43,95,58.0,Average,Pass,58.0,4-6 Hours,75-90%
S4994,19,Male,9,5.9,58,Postgraduate,No,Yes,54,48,47,78,49.67,Poor,Fail,49.67,4-6 Hours,Below 60%
S4995,15,Male,9,4.0,60,High School,Yes,No,49,97,36,53,60.67,Average,Pass,60.67,2-4 Hours,Below 60%
S4996,17,Male,11,4.0,50,Graduate,No,No,64,60,70,93,64.67,Average,Pass,64.67,2-4 Hours,Below 60%
S4997,19,Male,10,5.6,90,High School,Yes,No,44,59,43,63,48.67,Poor,Fail,48.67,4-6 Hours,75-90%
S4998,16,Female,9,2.3,61,Graduate,No,No,95,41,82,62,72.67,Good,Pass,72.67,2-4 Hours,60-75%
S4999,15,Male,11,2.9,82,Graduate,No,Yes,66,45,61,75,57.33,Average,Pass,57.33,2-4 Hours,75-90%
S5000,19,Female,10,2.0,97,Postgraduate,No,Yes,69,53,87,77,69.67,Good,Pass,69.67,0-2 Hours,90-100%
